baseline,size,seed,n_epochs,val_loss,train_time_s,chr7_13_gt_mean,chr7_13_gt_k562,chr7_13_gt_hepg2,chr7_13_gt_sknsh,chr7_13_gt_oracle_mean,chr7_13_gt_oracle_k562,chr7_13_gt_oracle_hepg2,chr7_13_gt_oracle_sknsh,chr19_21_X_gt_mean,chr19_21_X_gt_k562,chr19_21_X_gt_hepg2,chr19_21_X_gt_sknsh,chr19_21_X_gt_oracle_mean,chr19_21_X_gt_oracle_k562,chr19_21_X_gt_oracle_hepg2,chr19_21_X_gt_oracle_sknsh,dhs_chr7_13_mean,dhs_chr7_13_k562,dhs_chr7_13_hepg2,dhs_chr7_13_sknsh,sei_chr7_13_mean,sei_chr7_13_k562,sei_chr7_13_hepg2,sei_chr7_13_sknsh,genomic_chr7_13_mean,genomic_chr7_13_k562,genomic_chr7_13_hepg2,genomic_chr7_13_sknsh,synthetic_mean,synthetic_k562,synthetic_hepg2,synthetic_sknsh,ukbb_gtex_both_mean,ukbb_gtex_both_k562,ukbb_gtex_both_hepg2,ukbb_gtex_both_sknsh,ukbb_gtex_both_oracle_mean,ukbb_gtex_both_oracle_k562,ukbb_gtex_both_oracle_hepg2,ukbb_gtex_both_oracle_sknsh,ukbb_gtex_one_mean,ukbb_gtex_one_k562,ukbb_gtex_one_hepg2,ukbb_gtex_one_sknsh,ukbb_gtex_one_oracle_mean,ukbb_gtex_one_oracle_k562,ukbb_gtex_one_oracle_hepg2,ukbb_gtex_one_oracle_sknsh,ukbb_gtex_gt_mean,ukbb_gtex_gt_k562,ukbb_gtex_gt_hepg2,ukbb_gtex_gt_sknsh,ukbb_gtex_gt_oracle_mean,ukbb_gtex_gt_oracle_k562,ukbb_gtex_gt_oracle_hepg2,ukbb_gtex_gt_oracle_sknsh
dhs_random,10000,0,31,0.1045888479948043,100.23955292301252,0.2085115313529968,0.2937610447406769,0.1363087445497512,0.1954648047685623,0.2305695513884226,0.3320932388305664,0.1462170332670211,0.2133983820676803,0.2433885633945465,0.3664264976978302,0.1570392251014709,0.2066999673843383,0.2550479074319203,0.3871490955352783,0.1594486534595489,0.2185459733009338,0.234009583791097,0.3319265246391296,0.1540130972862243,0.216089129447937,0.2593960762023926,0.2970743477344513,0.2053712904453277,0.2757425904273987,0.2868806819121043,0.3084207773208618,0.2353126108646392,0.3169086575508117,0.1839084873596827,0.2266930937767028,0.1430361419916153,0.1819962263107299,0.2104410578807195,0.2897137701511383,0.1390139907598495,0.2025954127311706,0.235245332121849,0.3343610167503357,0.1499044746160507,0.2214705049991607,0.2194037487109502,0.2872933447360992,0.1580346077680587,0.2128832936286926,0.2473039825757344,0.333331286907196,0.1711622178554535,0.2374184429645538,0.2084604402383168,0.2935832440853119,0.1364829391241073,0.1953151375055313,0.2310296197732289,0.3322182893753052,0.1471093446016311,0.2137612253427505
dhs_random,10000,1,25,0.1032696757316589,193.70387333002876,0.4764314591884613,0.4414311051368713,0.486483484506607,0.5013797879219055,0.5406128565470377,0.4937122464179992,0.5556053519248962,0.5725209712982178,0.5313991904258728,0.5075724720954895,0.5437079071998596,0.5429171919822693,0.563511331876119,0.5360023975372314,0.5813688635826111,0.5731627345085144,0.4493282636006673,0.424359381198883,0.4561147093772888,0.4675107002258301,0.4197196265061696,0.3638184666633606,0.4397557973861694,0.4555846154689789,0.4156232873598735,0.3616352379322052,0.4261783361434936,0.4590562880039215,0.2837731093168258,0.2468272000551223,0.2872754037380218,0.3172167241573334,0.4656751255194346,0.4321266710758209,0.4773006737232208,0.4875980317592621,0.5390813648700714,0.4922130405902862,0.5551925301551819,0.5698385238647461,0.4337489902973175,0.401597648859024,0.444366455078125,0.4552828669548034,0.5062294999758402,0.4608168601989746,0.5217218399047852,0.536149799823761,0.4770692686239878,0.4416188895702362,0.4870624542236328,0.5025264620780945,0.5407875080903372,0.4937733709812164,0.5556976795196533,0.5728914737701416
dhs_random,10000,1,25,0.1032696757316589,192.96680359891616,0.4764314591884613,0.4414311051368713,0.486483484506607,0.5013797879219055,0.5406128565470377,0.4937122464179992,0.5556053519248962,0.5725209712982178,0.5313991904258728,0.5075724720954895,0.5437079071998596,0.5429171919822693,0.563511331876119,0.5360023975372314,0.5813688635826111,0.5731627345085144,0.4493282636006673,0.424359381198883,0.4561147093772888,0.4675107002258301,0.4197196265061696,0.3638184666633606,0.4397557973861694,0.4555846154689789,0.4156232873598735,0.3616352379322052,0.4261783361434936,0.4590562880039215,0.2837731093168258,0.2468272000551223,0.2872754037380218,0.3172167241573334,0.4656751255194346,0.4321266710758209,0.4773006737232208,0.4875980317592621,0.5390813648700714,0.4922130405902862,0.5551925301551819,0.5698385238647461,0.4337489902973175,0.401597648859024,0.444366455078125,0.4552828669548034,0.5062294999758402,0.4608168601989746,0.5217218399047852,0.536149799823761,0.4770692686239878,0.4416188895702362,0.4870624542236328,0.5025264620780945,0.5407875080903372,0.4937733709812164,0.5556976795196533,0.5728914737701416
dhs_random,10000,2,39,0.0985073698759079,121.59012814890592,0.4031793077786763,0.390460342168808,0.4315708875656128,0.3875066936016083,0.4526809652646382,0.4393443465232849,0.4871087074279785,0.4315898418426513,0.438144455353419,0.4353867471218109,0.463918924331665,0.415127694606781,0.4660039047400157,0.459596574306488,0.4963699579238891,0.4420451819896698,0.4181102514266968,0.4032936096191406,0.4429789185523987,0.408058226108551,0.3870490292708079,0.3567962348461151,0.4162561297416687,0.3880947232246399,0.4010934631029765,0.3650261163711548,0.4194926023483276,0.418761670589447,0.273248682419459,0.2586610317230224,0.2712776064872741,0.2898074090480804,0.3999711275100708,0.3854685127735138,0.4283203184604645,0.3861245512962341,0.4562285244464874,0.4410998225212097,0.4911933243274688,0.4363924264907837,0.3804022868474324,0.367423415184021,0.4059018492698669,0.3678815960884094,0.4387953778107961,0.4223560988903045,0.4723273515701294,0.4217026829719543,0.4024235208829244,0.3892151713371277,0.4311715960502624,0.386883795261383,0.4514861404895782,0.4382204115390777,0.4861476421356201,0.4300903677940368
dhs_random,10000,3,38,0.1039015212059021,112.97797661507502,0.4549270470937093,0.4355831742286682,0.4529803395271301,0.4762176275253296,0.5159942110379537,0.4896690845489502,0.5156769752502441,0.5426365733146667,0.5212451616923014,0.5192118883132935,0.5150855779647827,0.5294380187988281,0.5547244548797607,0.5482810139656067,0.5531399846076965,0.562752366065979,0.4608451028664906,0.4460247159004211,0.4608049690723419,0.475705623626709,0.3981356918811798,0.3780626058578491,0.4095527827739715,0.4067916870117187,0.3850752711296081,0.3649549484252929,0.3937616646289825,0.3965092003345489,0.2806621491909027,0.2527767717838287,0.2753384411334991,0.3138712346553802,0.446259061495463,0.4259034991264343,0.4467336535453796,0.4661400318145752,0.5159850021203359,0.4879888594150543,0.51690673828125,0.5430594086647034,0.4136102100213368,0.3926214575767517,0.4150334000587463,0.4331757724285126,0.4829047918319702,0.4523473978042602,0.4864364862442016,0.5099304914474487,0.4552603165308634,0.4357326328754425,0.453186422586441,0.4768618941307068,0.5158965786298116,0.4899802207946777,0.5150374174118042,0.5426720976829529
dhs_random,10000,4,30,0.0993913630247116,329.8232098589652,0.4209380149841308,0.4233276546001434,0.4244917631149292,0.4149946272373199,0.4769819279511769,0.4774430990219116,0.483294278383255,0.4702084064483642,0.4760166605313619,0.4833908677101135,0.4840225875377655,0.4606365263462066,0.5034458935260773,0.509527325630188,0.5134695172309875,0.4873408377170563,0.4266227086385091,0.4368227124214172,0.4165259301662445,0.4265194833278656,0.3831408222516377,0.358237087726593,0.3842365145683288,0.4069488644599914,0.3869937360286712,0.3514094650745392,0.3882224261760711,0.4213493168354034,0.2634684493144353,0.2635453939437866,0.2406628578901291,0.2861970961093902,0.4152425825595855,0.4162308275699615,0.4191082119941711,0.410388708114624,0.4785005748271942,0.4772666394710541,0.4843106567859649,0.4739244282245636,0.3937997023264567,0.3910190463066101,0.3967887163162231,0.3935913443565368,0.4581857124964396,0.4505863785743713,0.4641653895378113,0.4598053693771362,0.4209150671958923,0.4231093227863312,0.4247105717658996,0.4149253070354461,0.4766947428385417,0.4774263799190521,0.4828591048717499,0.469798743724823
dhs_random,25000,0,45,0.093645979809761,247.4264447935857,0.4919216434160868,0.4551833271980285,0.5074812769889832,0.5131003260612488,0.5526267886161804,0.509395956993103,0.5731613039970398,0.5753231048583984,0.5480910142262777,0.5266808271408081,0.559718132019043,0.5578740835189819,0.5834498008092245,0.561165988445282,0.5967636704444885,0.5924197435379028,0.5134655932585398,0.4971838891506195,0.5121986865997314,0.5310142040252686,0.484822412331899,0.4479275345802307,0.491836667060852,0.5147030353546143,0.4954425692558288,0.4492225646972656,0.5049814581871033,0.5321236848831177,0.3618259827295939,0.3500629663467407,0.3454527854919433,0.3899621963500976,0.485456109046936,0.449721097946167,0.5007797479629517,0.5058674812316895,0.554315189520518,0.5112291574478149,0.574297308921814,0.577419102191925,0.463807076215744,0.4307078719139099,0.4770676493644714,0.4836457073688507,0.535489559173584,0.4944702982902527,0.5523812770843506,0.5596171021461487,0.492077092329661,0.4546026587486267,0.5080494284629822,0.5135791897773743,0.5525248646736145,0.5092463493347168,0.5731117725372314,0.5752164721488953
dhs_random,25000,1,96,0.0902858412027359,1048.1334245039616,0.561827540397644,0.5400077700614929,0.5622602105140686,0.5832146406173706,0.6310193538665771,0.6049622893333435,0.6316335797309875,0.6564621925354004,0.604449450969696,0.5980370044708252,0.6021742224693298,0.6131371259689331,0.6464007099469503,0.637466549873352,0.6486507654190063,0.6530848145484924,0.5752717653910319,0.5714185833930969,0.5629270076751709,0.5914697051048279,0.5579609672228495,0.5420413613319397,0.5530763268470764,0.5787652134895325,0.5564164121945699,0.5294357538223267,0.553689181804657,0.5861243009567261,0.4197935660680135,0.4145295023918152,0.4063326418399811,0.4385185539722442,0.5537761251131693,0.5327358841896057,0.5542540550231934,0.574338436126709,0.6330581704775492,0.6061649322509766,0.6335057020187378,0.6595038771629333,0.5281158288319906,0.5102317333221436,0.5268563032150269,0.5472594499588013,0.6100053389867147,0.5842317938804626,0.6095036864280701,0.6362805366516113,0.562639077504476,0.540088951587677,0.563000500202179,0.5848277807235718,0.6315899093945821,0.6052547693252563,0.632060706615448,0.657454252243042
dhs_random,25000,1,96,0.0902858412027359,1044.7597429989837,0.561827540397644,0.5400077700614929,0.5622602105140686,0.5832146406173706,0.6310193538665771,0.6049622893333435,0.6316335797309875,0.6564621925354004,0.604449450969696,0.5980370044708252,0.6021742224693298,0.6131371259689331,0.6464007099469503,0.637466549873352,0.6486507654190063,0.6530848145484924,0.5752717653910319,0.5714185833930969,0.5629270076751709,0.5914697051048279,0.5579609672228495,0.5420413613319397,0.5530763268470764,0.5787652134895325,0.5564164121945699,0.5294357538223267,0.553689181804657,0.5861243009567261,0.4197935660680135,0.4145295023918152,0.4063326418399811,0.4385185539722442,0.5537761251131693,0.5327358841896057,0.5542540550231934,0.574338436126709,0.6330581704775492,0.6061649322509766,0.6335057020187378,0.6595038771629333,0.5281158288319906,0.5102317333221436,0.5268563032150269,0.5472594499588013,0.6100053389867147,0.5842317938804626,0.6095036864280701,0.6362805366516113,0.562639077504476,0.540088951587677,0.563000500202179,0.5848277807235718,0.6315899093945821,0.6052547693252563,0.632060706615448,0.657454252243042
dhs_random,25000,2,37,0.1023676578998565,216.5875923121348,0.5216392576694489,0.4749461114406585,0.536361813545227,0.5536098480224609,0.5900331139564514,0.5305942893028259,0.6101592779159546,0.6293457746505737,0.5721181829770406,0.5461108684539795,0.5853824615478516,0.5848612189292908,0.6132869521776835,0.579596757888794,0.6327927112579346,0.627471387386322,0.5298562149206797,0.4956269562244415,0.5352290272712708,0.5587126612663269,0.5023164550463358,0.4419705867767334,0.522143542766571,0.5428352355957031,0.4899709622065226,0.4102768898010254,0.5128671526908875,0.546768844127655,0.3725302716096242,0.357689768075943,0.3650187849998474,0.3948822617530823,0.5132319927215576,0.4673632979393005,0.5287386178970337,0.5435940623283386,0.5908769369125366,0.5309857130050659,0.6110928058624268,0.6305522918701172,0.484279066324234,0.4388735890388489,0.4987790882587433,0.5151845216751099,0.5622375806172689,0.5003918409347534,0.5826627016067505,0.6036581993103027,0.5226029753684998,0.4757938981056213,0.5372254252433777,0.5547896027565002,0.590641717116038,0.5316200256347656,0.610458493232727,0.6298466324806213
dhs_random,25000,3,52,0.0914278190374374,278.11087570525706,0.5545267661412557,0.5187896490097046,0.5619057416915894,0.5828849077224731,0.6205597122510275,0.5808069109916687,0.6291013360023499,0.6517708897590637,0.6071368058522543,0.5901824831962585,0.6173145771026611,0.613913357257843,0.651689350605011,0.6299583911895752,0.6640995144844055,0.6610101461410522,0.5632739067077637,0.5428212285041809,0.5635125637054443,0.5834879279136658,0.5364517569541931,0.5054275393486023,0.5444678068161011,0.559459924697876,0.5364258686701456,0.4917024970054626,0.5431277751922607,0.5744473338127136,0.4054575463136037,0.3985423445701599,0.399069219827652,0.4187610745429992,0.5441977977752686,0.5087370276451111,0.5527276396751404,0.5711287260055542,0.6204937100410461,0.5798474550247192,0.6288992762565613,0.6527343988418579,0.5156072775522867,0.4839536547660827,0.5222846865653992,0.5405834913253784,0.5965434114138285,0.5574389696121216,0.6038048267364502,0.6283864378929138,0.5549890995025635,0.5185322165489197,0.5625682473182678,0.5838668346405029,0.6209089557329813,0.581030011177063,0.6292077302932739,0.6524891257286072
dhs_random,25000,4,41,0.0937613681077957,231.78544485382736,0.5410098234812418,0.4954342842102051,0.5518074631690979,0.5757877230644226,0.6113273700078329,0.5581070184707642,0.6237866878509521,0.6520884037017822,0.5982964833577474,0.5668454170227051,0.6084660291671753,0.6195780038833618,0.6353251338005066,0.6017423272132874,0.648495078086853,0.6557379961013794,0.546330730120341,0.5179983377456665,0.5461853742599487,0.5748084783554077,0.5187285741170248,0.4660137891769409,0.5290350317955017,0.5611369013786316,0.5076429943243662,0.4471050202846527,0.5110100507736206,0.5648139119148254,0.3848285476366679,0.3693950176239013,0.3774901926517486,0.4076004326343536,0.5317475001017252,0.4874260425567627,0.5436254739761353,0.5641909837722778,0.6118213335673014,0.5586273670196533,0.624077320098877,0.652759313583374,0.5004134277502695,0.4590596258640289,0.5100617408752441,0.5321189165115356,0.5821726520856222,0.5297212600708008,0.5919923186302185,0.6248043775558472,0.5419307947158813,0.4955370426177978,0.5529884099960327,0.5772669315338135,0.6118187308311462,0.5584796071052551,0.6241718530654907,0.6528047323226929
dhs_random,50000,0,64,0.0678241794228553,2072.427249699831,0.7071467240651449,0.7045031785964966,0.7065607905387878,0.7103762030601501,0.7990294297536215,0.7968318462371826,0.7956752777099609,0.8045811653137207,0.7432201902071635,0.737923800945282,0.7446352243423462,0.7471015453338623,0.8053449193636576,0.8010862469673157,0.8077235817909241,0.8072249293327332,0.7695120771725973,0.7767113447189331,0.754651665687561,0.7771732211112976,0.7541068196296692,0.7528786063194275,0.7497578859329224,0.7596839666366577,0.7593190868695577,0.7588428854942322,0.7536822557449341,0.7654321193695068,0.65233180920283,0.6584339737892151,0.6372014284133911,0.6613600254058838,0.694898784160614,0.6922578811645508,0.6952446699142456,0.6971938014030457,0.7994139989217123,0.7963355183601379,0.7963143587112427,0.8055921196937561,0.6740171313285828,0.6720031499862671,0.6719145178794861,0.6781337261199951,0.7849132418632507,0.7818027138710022,0.7797716856002808,0.7931653261184692,0.7073060472806295,0.7039724588394165,0.7071338295936584,0.7108118534088135,0.7994089325269064,0.7971524596214294,0.7961583137512207,0.8049160242080688
dhs_random,50000,1,105,0.0613199530482292,3256.976456203964,0.7364906072616577,0.7340877056121826,0.7395985722541809,0.7357855439186096,0.8321443200111389,0.8314340710639954,0.8327155113220215,0.8322833776473999,0.7635246713956197,0.7604103684425354,0.7657462954521179,0.7644173502922058,0.8275289535522461,0.8249760270118713,0.8325016498565674,0.8251091837882996,0.8102501233418783,0.8222578763961792,0.7974746823310852,0.8110178112983704,0.7964500586191813,0.7976950407028198,0.797691822052002,0.7939633131027222,0.800139327843984,0.7986897230148315,0.7982876300811768,0.8034406304359436,0.7122647364934286,0.7233750224113464,0.7033887505531311,0.7100304365158081,0.7237747112909952,0.7218409180641174,0.7275275588035583,0.7219556570053101,0.8324019511540731,0.8315256834030151,0.8329499959945679,0.8327301740646362,0.7053216298421224,0.7067902088165283,0.7051830887794495,0.7039915919303894,0.8219416538874308,0.8225275278091431,0.8198252320289612,0.8234722018241882,0.7361821532249451,0.7329053282737732,0.7398641109466553,0.7357770204544067,0.8320457935333252,0.8313179612159729,0.8327037692070007,0.832115650177002
dhs_random,50000,2,60,0.0701494017839431,594.8139009089209,0.6900652647018433,0.683560848236084,0.6907203197479248,0.695914626121521,0.7808435559272766,0.7775427103042603,0.7763057351112366,0.788682222366333,0.7247828642527262,0.7229021787643433,0.7252008318901062,0.7262455821037292,0.7856736580530802,0.7838110327720642,0.7879234552383423,0.7852864861488342,0.7495610316594442,0.7643086314201355,0.7294098138809204,0.7549646496772766,0.7425936261812845,0.7442848682403564,0.7341136336326599,0.7493823766708374,0.743463138739268,0.7435871958732605,0.736019492149353,0.7507827281951904,0.6387664874394735,0.6569153070449829,0.617162823677063,0.6422213315963745,0.678771436214447,0.6720016598701477,0.6812710762023926,0.6830415725708008,0.781476358572642,0.7774289846420288,0.7771797180175781,0.7898203730583191,0.6594093044598898,0.6565659046173096,0.6584901809692383,0.6631718277931213,0.7682832082112631,0.7668488621711731,0.7618074417114258,0.7761933207511902,0.6896744767824808,0.6821699142456055,0.6911420822143555,0.6957114338874817,0.780672530333201,0.7773364782333374,0.7763469219207764,0.7883341908454895
dhs_random,50000,3,98,0.0640500082492828,920.4862404167652,0.7151749730110168,0.7161494493484497,0.712340772151947,0.7170346975326538,0.809033215045929,0.8099501729011536,0.8045159578323364,0.8126335144042969,0.7510967254638672,0.749735414981842,0.7533077001571655,0.750247061252594,0.8139814933141073,0.8131461143493652,0.8174951076507568,0.8113032579421997,0.784421463807424,0.7969620823860168,0.7689510583877563,0.7873512506484985,0.7667311231295267,0.7702879309654236,0.7636063098907471,0.7662991285324097,0.7685412963231405,0.7694490551948547,0.7644569277763367,0.77171790599823,0.6875198284784952,0.7063552737236023,0.669017493724823,0.6871867179870605,0.7035238941510519,0.7043441534042358,0.7017728090286255,0.7044547200202942,0.8097566962242126,0.81010502576828,0.805287778377533,0.813877284526825,0.6846202810605367,0.6884043216705322,0.6790086627006531,0.6864478588104248,0.7974593639373779,0.7994365692138672,0.7898398637771606,0.803101658821106,0.7150395313898722,0.7150678038597107,0.7127392292022705,0.7173115611076355,0.8091649810473124,0.8101351857185364,0.8045661449432373,0.8127936124801636
dhs_random,50000,4,57,0.0688420758605003,1793.4238177319055,0.6956014037132263,0.6898439526557922,0.6980215907096863,0.6989386677742004,0.7896787921587626,0.7865017056465149,0.7857547402381897,0.7967799305915833,0.731866737206777,0.7286806702613831,0.7323257923126221,0.7345937490463257,0.7927302519480387,0.7908416390419006,0.794252336025238,0.7930967807769775,0.7570829391479492,0.7701913714408875,0.7362484335899353,0.7648090124130249,0.7475407918294271,0.7459654211997986,0.7422471046447754,0.7544098496437073,0.748140831788381,0.744783878326416,0.7385023832321167,0.7611362338066101,0.6458286245663961,0.6578124761581421,0.6279982328414917,0.6516751646995544,0.6842414339383444,0.6780654788017273,0.6880109310150146,0.686647891998291,0.7902967929840088,0.786370038986206,0.7868120074272156,0.7977083325386047,0.6683719952901205,0.6665409803390503,0.6666780710220337,0.6718969345092773,0.778492271900177,0.7766753435134888,0.7714954018592834,0.7873060703277588,0.6957323749860128,0.689193069934845,0.6988559365272522,0.6991481184959412,0.790144662062327,0.7868791222572327,0.7865431308746338,0.7970117330551147
dhs_random,50000,4,57,0.0688420758605003,1849.2322931606325,0.6956014037132263,0.6898439526557922,0.6980215907096863,0.6989386677742004,0.7896787921587626,0.7865017056465149,0.7857547402381897,0.7967799305915833,0.731866737206777,0.7286806702613831,0.7323257923126221,0.7345937490463257,0.7927302519480387,0.7908416390419006,0.794252336025238,0.7930967807769775,0.7570829391479492,0.7701913714408875,0.7362484335899353,0.7648090124130249,0.7475407918294271,0.7459654211997986,0.7422471046447754,0.7544098496437073,0.748140831788381,0.744783878326416,0.7385023832321167,0.7611362338066101,0.6458286245663961,0.6578124761581421,0.6279982328414917,0.6516751646995544,0.6842414339383444,0.6780654788017273,0.6880109310150146,0.686647891998291,0.7902967929840088,0.786370038986206,0.7868120074272156,0.7977083325386047,0.6683719952901205,0.6665409803390503,0.6666780710220337,0.6718969345092773,0.778492271900177,0.7766753435134888,0.7714954018592834,0.7873060703277588,0.6957323749860128,0.689193069934845,0.6988559365272522,0.6991481184959412,0.790144662062327,0.7868791222572327,0.7865431308746338,0.7970117330551147
dhs_random,100000,0,31,0.0556931157827377,609.2370077790692,0.7703977227210999,0.7721916437149048,0.7724519371986389,0.7665495872497559,0.8686371843020121,0.871610164642334,0.8672972917556763,0.8670040965080261,0.7935384313265482,0.7905914187431335,0.7966576814651489,0.7933661937713623,0.862042764822642,0.8601753115653992,0.8662502765655518,0.8597027063369751,0.8476922512054443,0.8635567426681519,0.834455132484436,0.8450648784637451,0.8426456650098165,0.8506247401237488,0.8395763635635376,0.8377358913421631,0.842401405175527,0.8468468189239502,0.8408876061439514,0.8394697904586792,0.7702043453852335,0.7886351346969604,0.7547298669815063,0.7672480344772339,0.7580075065294901,0.7604920268058777,0.7607715129852295,0.7527589797973633,0.8693244059880575,0.8723030686378479,0.8678017854690552,0.8678683638572693,0.7411269744237264,0.7474104762077332,0.7400932312011719,0.7358772158622742,0.8600905140240988,0.8650550842285156,0.8561121821403503,0.8591042757034302,0.7705674568812052,0.7716650366783142,0.7731984853744507,0.7668388485908508,0.8689973751703898,0.8721428513526917,0.8676490783691406,0.8672001957893372
dhs_random,100000,1,33,0.0571203979969024,1425.484813653864,0.7601573665936788,0.7588563561439514,0.7663857340812683,0.7552300095558167,0.8582183122634888,0.8601998090744019,0.8586283922195435,0.855826735496521,0.7902727723121643,0.7864875197410583,0.7931917905807495,0.7911390066146851,0.8570618828137716,0.8538999557495117,0.8626179695129395,0.8546677231788635,0.84158327182134,0.8565236926078796,0.8261190056800842,0.8421071171760559,0.8364194432894388,0.8427829742431641,0.8316827416419983,0.8347926139831543,0.8405207395553589,0.8454676866531372,0.8350540399551392,0.8410404920578003,0.7655934890111288,0.7823553085327148,0.752388596534729,0.7620365619659424,0.7470074494679769,0.7457114458084106,0.7547275424003601,0.7405833601951599,0.8582723736763,0.8598113656044006,0.8588730692863464,0.8561326861381531,0.7321930925051371,0.7346572279930115,0.7331926226615906,0.7287294268608093,0.8525776465733846,0.8552438616752625,0.849059522151947,0.8534295558929443,0.7598227063814799,0.7576590776443481,0.7666358947753906,0.7551731467247009,0.8581459124883016,0.859990119934082,0.8587029576301575,0.8557446599006653
dhs_random,100000,1,33,0.0571203979969024,1421.054509042995,0.7601573665936788,0.7588563561439514,0.7663857340812683,0.7552300095558167,0.8582183122634888,0.8601998090744019,0.8586283922195435,0.855826735496521,0.7902727723121643,0.7864875197410583,0.7931917905807495,0.7911390066146851,0.8570618828137716,0.8538999557495117,0.8626179695129395,0.8546677231788635,0.84158327182134,0.8565236926078796,0.8261190056800842,0.8421071171760559,0.8364194432894388,0.8427829742431641,0.8316827416419983,0.8347926139831543,0.8405207395553589,0.8454676866531372,0.8350540399551392,0.8410404920578003,0.7655934890111288,0.7823553085327148,0.752388596534729,0.7620365619659424,0.7470074494679769,0.7457114458084106,0.7547275424003601,0.7405833601951599,0.8582723736763,0.8598113656044006,0.8588730692863464,0.8561326861381531,0.7321930925051371,0.7346572279930115,0.7331926226615906,0.7287294268608093,0.8525776465733846,0.8552438616752625,0.849059522151947,0.8534295558929443,0.7598227063814799,0.7576590776443481,0.7666358947753906,0.7551731467247009,0.8581459124883016,0.859990119934082,0.8587029576301575,0.8557446599006653
dhs_random,100000,2,31,0.0594294468283653,617.9654037002474,0.7469571630160013,0.7444765567779541,0.7532222867012024,0.7431726455688477,0.8426629106203715,0.8424602746963501,0.8431336879730225,0.8423947691917419,0.7729259729385376,0.7658097743988037,0.778335690498352,0.774632453918457,0.8382098277409872,0.8342428803443909,0.844840407371521,0.8355461955070496,0.8223633964856466,0.8362177610397339,0.8063178658485413,0.8245545625686646,0.8162933985392252,0.8179289698600769,0.8128400444984436,0.8181111812591553,0.8226362864176432,0.8242921829223633,0.8182450532913208,0.8253716230392456,0.7427143057187399,0.7665611505508423,0.7244101166725159,0.7371716499328613,0.7348985075950623,0.7325325012207031,0.7423058152198792,0.7298572063446045,0.8435003757476807,0.8427305817604065,0.8442918658256531,0.8434786796569824,0.7194151282310486,0.7205221056938171,0.7217906713485718,0.7159326076507568,0.8347809314727783,0.8353865146636963,0.8328453898429871,0.8361108899116516,0.746967613697052,0.7434170842170715,0.7540262341499329,0.7434595227241516,0.8431159655253092,0.842811107635498,0.8437949419021606,0.842741847038269
dhs_random,100000,3,32,0.0578486470460891,627.3888549129479,0.7572849988937378,0.7549098134040833,0.7616800665855408,0.7552651166915894,0.8545516928037008,0.856377363204956,0.8525180220603943,0.854759693145752,0.7845672369003296,0.7823276519775391,0.7870482206344604,0.7843258380889893,0.8507968584696451,0.850895345211029,0.8544896245002747,0.8470056056976318,0.8345738450686137,0.8485485315322876,0.8183436393737793,0.8368293642997742,0.8233352303504944,0.8269726037979126,0.8210487961769104,0.8219842910766602,0.8289682865142822,0.8340637683868408,0.822503387928009,0.8303377032279968,0.7529610196749369,0.7711062431335449,0.7366414070129395,0.7511354088783264,0.7445544203122457,0.7426495552062988,0.7498438954353333,0.741169810295105,0.8546998500823975,0.8560175895690918,0.8526204824447632,0.8554614782333374,0.7293222943941752,0.7320817708969116,0.7305004596710205,0.7253846526145935,0.8468013405799866,0.8495649695396423,0.8425027132034302,0.8483363389968872,0.7571938236554464,0.7541369795799255,0.7620596289634705,0.7553848624229431,0.8545488317807516,0.8563675284385681,0.8525557518005371,0.8547232151031494
dhs_random,100000,4,30,0.0568053847908973,605.7314895382151,0.7570105393727621,0.7544611692428589,0.7613791823387146,0.7551912665367126,0.8546980023384094,0.8532317280769348,0.8551070690155029,0.8557552099227905,0.7857028047243754,0.7815572619438171,0.7905120253562927,0.7850391268730164,0.853318432966868,0.848587155342102,0.8592893481254578,0.8520787954330444,0.8380639751752218,0.8513350486755371,0.8218414783477783,0.8410153985023499,0.8244527180989584,0.8260659575462341,0.8242937326431274,0.8229984641075134,0.8336419065793356,0.8395463824272156,0.8293755054473877,0.8320038318634033,0.7613640228907267,0.7802188396453857,0.7466850280761719,0.7571882009506226,0.744619349638621,0.7427655458450317,0.749849259853363,0.7412432432174683,0.8552480737368265,0.8534572720527649,0.8556016087532043,0.8566853404045105,0.7293963233629862,0.731860339641571,0.7300689816474915,0.7262596487998962,0.8478087186813354,0.8482280969619751,0.8453676700592041,0.8498303890228271,0.7570185859998068,0.7536328434944153,0.7619845867156982,0.7554383277893066,0.8549483815828959,0.8534671068191528,0.8554264307022095,0.8559516072273254
dhs_random,150000,0,25,0.0500923206289609,732.63694566302,0.7888175447781881,0.788715660572052,0.7942598462104797,0.7834771275520325,0.8881218830744425,0.8895812034606934,0.8887661695480347,0.8860182762145996,0.8108042081197103,0.8068429231643677,0.8166617751121521,0.8089079260826111,0.8791261712710062,0.8776931166648865,0.8852767944335938,0.8744086027145386,0.8726447621981303,0.8861693739891052,0.8642613887786865,0.8675035238265991,0.869178573290507,0.8724852800369263,0.8723793625831604,0.8626710772514343,0.8741438984870911,0.8753676414489746,0.8763158917427063,0.8707481622695923,0.8085015217463175,0.8254970908164978,0.7973504066467285,0.8026570677757263,0.7759631673494974,0.7764753103256226,0.78214031457901,0.7692738771438599,0.8884323636690775,0.8899694085121155,0.8887560367584229,0.8865716457366943,0.7618293960889181,0.7650738954544067,0.7645862698554993,0.7558280229568481,0.8828532497088114,0.8855032324790955,0.8817288279533386,0.8813276886940002,0.7886185050010681,0.7877374887466431,0.7945641279220581,0.7835538983345032,0.8880446751912435,0.8896494507789612,0.8885602951049805,0.8859242796897888
dhs_random,150000,1,40,0.0450469793498516,2491.9753819650505,0.8096410234769186,0.8068647384643555,0.8156720399856567,0.8063862919807434,0.9122891028722128,0.911410629749298,0.9130961298942566,0.9123605489730836,0.8307652274767557,0.8268813490867615,0.8357089757919312,0.8297053575515747,0.9003600279490153,0.8970030546188354,0.9071361422538756,0.8969408869743347,0.8976859847704569,0.9052806496620178,0.8925953507423401,0.8951819539070129,0.8927635550498962,0.8921741247177124,0.8962656259536743,0.889850914478302,0.8934353192647299,0.8920688033103943,0.8946660161018372,0.893571138381958,0.8392601807912191,0.8529421091079712,0.8340442180633545,0.8307942152023315,0.7959671020507812,0.7938985824584961,0.8027526140213013,0.7912501096725464,0.9128414789835612,0.9118969440460204,0.9135107398033142,0.9131167531013488,0.782367984453837,0.7833075523376465,0.7857047319412231,0.7780916690826416,0.9069391489028932,0.9061601161956788,0.906525731086731,0.9081315994262696,0.8096451759338379,0.8061816096305847,0.8160179853439331,0.8067359328269958,0.9124583999315896,0.911765158176422,0.9130995869636536,0.9125104546546936
dhs_random,150000,1,40,0.0450469793498516,2506.1825330080464,0.8096410234769186,0.8068647384643555,0.8156720399856567,0.8063862919807434,0.9122891028722128,0.911410629749298,0.9130961298942566,0.9123605489730836,0.8307652274767557,0.8268813490867615,0.8357089757919312,0.8297053575515747,0.9003600279490153,0.8970030546188354,0.9071361422538756,0.8969408869743347,0.8976859847704569,0.9052806496620178,0.8925953507423401,0.8951819539070129,0.8927635550498962,0.8921741247177124,0.8962656259536743,0.889850914478302,0.8934353192647299,0.8920688033103943,0.8946660161018372,0.893571138381958,0.8392601807912191,0.8529421091079712,0.8340442180633545,0.8307942152023315,0.7959671020507812,0.7938985824584961,0.8027526140213013,0.7912501096725464,0.9128414789835612,0.9118969440460204,0.9135107398033142,0.9131167531013488,0.782367984453837,0.7833075523376465,0.7857047319412231,0.7780916690826416,0.9069391489028932,0.9061601161956788,0.906525731086731,0.9081315994262696,0.8096451759338379,0.8061816096305847,0.8160179853439331,0.8067359328269958,0.9124583999315896,0.911765158176422,0.9130995869636536,0.9125104546546936
dhs_random,150000,2,40,0.0460781372467676,1146.3376526217908,0.809095541636149,0.8080445528030396,0.8150500655174255,0.8041920065879822,0.909574011961619,0.9093003273010254,0.9099753499031068,0.9094463586807252,0.8327563802401224,0.829751193523407,0.8357822895050049,0.8327356576919556,0.9045963486035664,0.9029729962348938,0.9079356789588928,0.9028803706169128,0.8934965133666992,0.9005558490753174,0.8889069557189941,0.8910267353057861,0.8869837721188863,0.8875129818916321,0.8902461528778076,0.8831921815872192,0.8883094986279806,0.8875336647033691,0.8895635008811951,0.8878313302993774,0.8367007772127787,0.8484490513801575,0.8305163979530334,0.8311368823051453,0.7954663236935934,0.7950747013092041,0.8026957511901855,0.7886285185813904,0.9101771116256714,0.9098342657089232,0.91036456823349,0.9103325009346008,0.7796648939450582,0.781974732875824,0.7833850979804993,0.7736348509788513,0.9028993050257365,0.9038263559341432,0.9018590450286864,0.90301251411438,0.8091410001118978,0.8074163198471069,0.815498948097229,0.8045077323913574,0.9099641044934592,0.9098243117332458,0.9102579951286316,0.9098100066184998
dhs_random,150000,3,40,0.0455600331226984,1125.042148226872,0.8063331842422485,0.8079800009727478,0.8108927607536316,0.8001267910003662,0.908419112364451,0.9102143049240112,0.9083874225616456,0.9066556096076964,0.8290287057558695,0.8275994658470154,0.8335206508636475,0.8259660005569458,0.8979690273602804,0.8982812166213989,0.9028331637382508,0.8927927017211914,0.8927606542905172,0.902711808681488,0.8869062662124634,0.8886638879776001,0.8863144914309183,0.8901331424713135,0.8877673745155334,0.8810429573059082,0.8876797159512838,0.8888537883758545,0.8880520462989807,0.8861333131790161,0.8353283206621805,0.8498647809028625,0.8291971683502197,0.8269230127334595,0.7931873798370361,0.7950747609138489,0.7990482449531555,0.785439133644104,0.9088903069496156,0.9103065729141236,0.908869206905365,0.907495141029358,0.7771531343460083,0.7810192108154297,0.7806825041770935,0.7697576880455017,0.9009323120117188,0.9027156829833984,0.9005828499794006,0.8994984030723572,0.8063213427861532,0.80727219581604,0.8113269805908203,0.8003648519515991,0.9084075490633646,0.910206973552704,0.90841406583786,0.90660160779953
dhs_random,150000,4,56,0.0432071445504824,1587.8267804449424,0.8234949509302775,0.8192615509033203,0.8308118581771851,0.8204114437103271,0.9243502815564474,0.9214878082275392,0.9267390966415404,0.9248239398002625,0.848291297753652,0.8453190326690674,0.851979672908783,0.8475751876831055,0.92208860317866,0.9197378754615784,0.9265571236610411,0.9199708104133606,0.9108406901359558,0.9145408272743224,0.9077944159507751,0.9101868271827698,0.9044812122980752,0.9030908346176147,0.9082093834877014,0.90214341878891,0.9021648367245992,0.9001967906951904,0.9038278460502625,0.9024698734283448,0.8574992219607035,0.8673295378684998,0.853394091129303,0.8517740368843079,0.8091818491617838,0.8055336475372314,0.8176125288009644,0.8043993711471558,0.924278219540914,0.9212124347686768,0.9265190362930298,0.9251031875610352,0.7937004367510477,0.7938889265060425,0.7991765737533569,0.7880358099937439,0.9177244106928508,0.915736436843872,0.9187545776367188,0.9186822175979614,0.8235431512196859,0.818436324596405,0.8313331007957458,0.8208600282669067,0.9242278138796488,0.9213927984237672,0.9265419840812684,0.9247486591339112
dhs_random,200000,0,56,0.0390144957721233,2056.387236823793,0.8377130627632141,0.835669994354248,0.8440316915512085,0.8334375023841858,0.9381517767906188,0.9366157650947572,0.9385914206504822,0.9392481446266174,0.8650681177775065,0.8655933737754822,0.8667001128196716,0.8629108667373657,0.9429680903752644,0.9419310092926024,0.9443071484565736,0.9426661133766174,0.9285884102185568,0.9317649602890016,0.924991011619568,0.9290092587471008,0.9231623609860738,0.9215129017829896,0.9253979921340942,0.9225761890411376,0.923568864663442,0.921938180923462,0.9249768257141112,0.9237915873527528,0.8869063059488932,0.8921797275543213,0.8844704627990723,0.8840687274932861,0.8231303493181864,0.8216947913169861,0.8308143019676208,0.8168819546699524,0.9381855726242064,0.9365950226783752,0.9384742975234984,0.9394873976707458,0.8079784909884135,0.8088569045066833,0.8136568069458008,0.8014217615127563,0.9330899119377136,0.931525707244873,0.933139145374298,0.9346048831939696,0.8376906315485636,0.8347205519676208,0.8445073962211609,0.8338439464569092,0.9379448095957438,0.9364113807678224,0.9383699297904968,0.9390531182289124
dhs_random,200000,1,32,0.0424200597524642,2662.708521994995,0.8246922890345255,0.8214508891105652,0.832770586013794,0.8198553919792175,0.9249881505966188,0.9237228631973268,0.9270341992378236,0.9242073893547058,0.8521394530932108,0.8487685322761536,0.8542280793190002,0.8534217476844788,0.9262486696243286,0.922248363494873,0.929330050945282,0.9271675944328308,0.9152573148409524,0.917774260044098,0.9111670255661012,0.9168306589126588,0.907838801542918,0.90728360414505,0.9109121561050416,0.905320644378662,0.9098044832547506,0.907337248325348,0.9115196466445924,0.9105565547943116,0.8593226472536722,0.868759036064148,0.8560553789138794,0.8531535267829895,0.8103730082511902,0.808222770690918,0.8192639946937561,0.8036322593688965,0.9251603484153748,0.9238527417182922,0.9270564317703248,0.9245718717575072,0.7934780915578207,0.79488205909729,0.7985044717788696,0.7870477437973022,0.9184731642405192,0.9175133109092712,0.9192509055137634,0.918655276298523,0.8246174256006876,0.8207398653030396,0.8330681324005127,0.8200442790985107,0.9248791337013244,0.9237860441207886,0.9268468618392944,0.9240044951438904
dhs_random,200000,1,32,0.0424200597524642,2678.9189911959693,0.8246922890345255,0.8214508891105652,0.832770586013794,0.8198553919792175,0.9249881505966188,0.9237228631973268,0.9270341992378236,0.9242073893547058,0.8521394530932108,0.8487685322761536,0.8542280793190002,0.8534217476844788,0.9262486696243286,0.922248363494873,0.929330050945282,0.9271675944328308,0.9152573148409524,0.917774260044098,0.9111670255661012,0.9168306589126588,0.907838801542918,0.90728360414505,0.9109121561050416,0.905320644378662,0.9098044832547506,0.907337248325348,0.9115196466445924,0.9105565547943116,0.8593226472536722,0.868759036064148,0.8560553789138794,0.8531535267829895,0.8103730082511902,0.808222770690918,0.8192639946937561,0.8036322593688965,0.9251603484153748,0.9238527417182922,0.9270564317703248,0.9245718717575072,0.7934780915578207,0.79488205909729,0.7985044717788696,0.7870477437973022,0.9184731642405192,0.9175133109092712,0.9192509055137634,0.918655276298523,0.8246174256006876,0.8207398653030396,0.8330681324005127,0.8200442790985107,0.9248791337013244,0.9237860441207886,0.9268468618392944,0.9240044951438904
dhs_random,200000,2,56,0.0389306727051734,2089.9255848666653,0.8380296031634012,0.8368510603904724,0.844419538974762,0.8328182101249695,0.9399255514144896,0.9409745931625366,0.9396103620529176,0.9391916990280152,0.8650267124176025,0.865131139755249,0.866213858127594,0.8637351393699646,0.9442453384399414,0.943288803100586,0.9450713396072388,0.9443758726119996,0.9299303293228148,0.9351588487625122,0.9245073795318604,0.9301247596740724,0.923328677813212,0.9252082109451294,0.9236096739768982,0.9211681485176086,0.9249270359675088,0.9243507981300354,0.9248713254928588,0.9255589842796326,0.8888309200604757,0.8959124088287354,0.8843305110931396,0.886249840259552,0.8236902952194214,0.8231152296066284,0.8312268257141113,0.8167288303375244,0.940042475859324,0.9408562779426576,0.9397116899490356,0.9395594596862792,0.8100091020266215,0.8114966750144958,0.815244197845459,0.8032864332199097,0.9352595210075378,0.9361647367477416,0.9342451691627502,0.9353686571121216,0.8379183808962504,0.835835874080658,0.8448631167411804,0.8330561518669128,0.9398194154103596,0.940886616706848,0.939538300037384,0.9390333294868468
dhs_random,200000,3,44,0.041621859306097,1625.0093372198753,0.8296229044596354,0.8272249698638916,0.8361305594444275,0.8255131840705872,0.930794894695282,0.9295730590820312,0.9311562180519104,0.9316554069519044,0.8534104228019714,0.852291464805603,0.8549730777740479,0.8529667258262634,0.9267397522926332,0.9253729581832886,0.9284790754318236,0.9263672232627868,0.9185546239217124,0.921082317829132,0.9156273603439332,0.9189541935920716,0.9127432505289712,0.91188645362854,0.9150911569595336,0.9112521409988404,0.9124502340952556,0.9089616537094116,0.9138185977935792,0.914570450782776,0.8729180296262106,0.881040632724762,0.8697241544723511,0.8679893016815186,0.8155467907587687,0.813782811164856,0.8233339190483093,0.8095236420631409,0.9308937788009644,0.9295021891593932,0.9311708211898804,0.9320083260536194,0.8012022574742635,0.802500307559967,0.8062846064567566,0.7948218584060669,0.9255470832188925,0.9247615933418274,0.92488032579422,0.92699933052063,0.8296945691108704,0.8265695571899414,0.8367060422897339,0.8258081078529358,0.930744449297587,0.9295761585235596,0.9311023354530334,0.9315548539161682
dhs_random,200000,4,44,0.0395909351885318,1636.4959539650008,0.8340976039568583,0.832967221736908,0.8408094048500061,0.8285161852836609,0.9359658161799111,0.9346677660942078,0.9377365112304688,0.9354931712150574,0.86449267466863,0.8640221953392029,0.8661804795265198,0.8632753491401672,0.9399839639663696,0.9386014342308044,0.9419392943382264,0.939411163330078,0.9257107178370158,0.9279783964157104,0.922877311706543,0.926276445388794,0.9192099968592324,0.9175175428390504,0.9225229024887084,0.917589545249939,0.9202029903729756,0.9177085161209106,0.921975314617157,0.9209251403808594,0.8838875691095988,0.888522207736969,0.8810746669769287,0.8820658326148987,0.8196779489517212,0.8190330862998962,0.8277414441108704,0.812259316444397,0.9360428253809612,0.9345906972885132,0.9377790093421936,0.9357587695121764,0.8056230743726095,0.8075900077819824,0.8113831281661987,0.7978960871696472,0.9312804142634074,0.9307700991630554,0.9323033690452576,0.9307677745819092,0.834123432636261,0.8322490453720093,0.8413906693458557,0.828730583190918,0.9359495838483176,0.934625804424286,0.9377920031547546,0.935430943965912
dhs_random,300000,0,79,0.0353585282762845,4273.984485553112,0.8479793270428976,0.844619870185852,0.8549776077270508,0.8443405032157898,0.9486841758092244,0.9459887742996216,0.9506810903549194,0.9493826627731324,0.8748826185862223,0.8754960298538208,0.8771716952323914,0.8719801306724548,0.9554683566093444,0.9528689384460448,0.9574148058891296,0.9561213254928588,0.9416232109069824,0.943089485168457,0.9386104345321656,0.9431697130203248,0.9360589782396952,0.9341669082641602,0.938614547252655,0.9353954792022704,0.934162418047587,0.9308913350105286,0.9362503290176392,0.9353455901145936,0.9074332316716512,0.91010844707489,0.9068341255187988,0.9053571224212646,0.833458403746287,0.8309946060180664,0.8416743874549866,0.8277062177658081,0.9487185478210448,0.9458640217781068,0.9507245421409608,0.9495670795440674,0.8181742429733276,0.8181989192962646,0.824839174747467,0.8114846348762512,0.94441290696462,0.9416690468788148,0.946082353591919,0.9454873204231262,0.8479708433151245,0.8436702489852905,0.855547308921814,0.844694972038269,0.9485708872477212,0.9457915425300598,0.9506432414054872,0.9492778778076172
dhs_random,300000,1,56,0.0358133492787679,10124.912676761858,0.8482900857925415,0.8459993600845337,0.8539674878120422,0.8449034094810486,0.9478417237599692,0.9464032053947448,0.9487858414649964,0.948336124420166,0.874318540096283,0.8738704919815063,0.8767998218536377,0.8722853064537048,0.953791618347168,0.9518075585365297,0.95512193441391,0.9544453620910645,0.9401893218358358,0.9418758153915404,0.9368902444839478,0.941801905632019,0.9338889916737876,0.9327415823936462,0.93495512008667,0.933970272541046,0.9328730305035908,0.9304257035255432,0.9338763952255248,0.9343169927597046,0.9043552279472352,0.9092566967010498,0.902359426021576,0.9014495611190796,0.8335934480031332,0.8320745229721069,0.8403750658035278,0.8283307552337646,0.9479352235794068,0.9463431239128112,0.9488789439201356,0.9485836029052734,0.8167726198832194,0.8187515735626221,0.8208792805671692,0.8106870055198669,0.9428682327270508,0.941364049911499,0.943239688873291,0.9440009593963624,0.8483226299285889,0.845185399055481,0.854475736618042,0.8453067541122437,0.9477260907491049,0.9462829828262328,0.9487090706825256,0.948186218738556
dhs_random,300000,1,56,0.0358133492787679,10195.20501472056,0.8482900857925415,0.8459993600845337,0.8539674878120422,0.8449034094810486,0.9478417237599692,0.9464032053947448,0.9487858414649964,0.948336124420166,0.874318540096283,0.8738704919815063,0.8767998218536377,0.8722853064537048,0.953791618347168,0.9518075585365297,0.95512193441391,0.9544453620910645,0.9401893218358358,0.9418758153915404,0.9368902444839478,0.941801905632019,0.9338889916737876,0.9327415823936462,0.93495512008667,0.933970272541046,0.9328730305035908,0.9304257035255432,0.9338763952255248,0.9343169927597046,0.9043552279472352,0.9092566967010498,0.902359426021576,0.9014495611190796,0.8335934480031332,0.8320745229721069,0.8403750658035278,0.8283307552337646,0.9479352235794068,0.9463431239128112,0.9488789439201356,0.9485836029052734,0.8167726198832194,0.8187515735626221,0.8208792805671692,0.8106870055198669,0.9428682327270508,0.941364049911499,0.943239688873291,0.9440009593963624,0.8483226299285889,0.845185399055481,0.854475736618042,0.8453067541122437,0.9477260907491049,0.9462829828262328,0.9487090706825256,0.948186218738556
dhs_random,300000,1,56,0.0358133492787679,10110.536971499212,0.8482900857925415,0.8459993600845337,0.8539674878120422,0.8449034094810486,0.9478417237599692,0.9464032053947448,0.9487858414649964,0.948336124420166,0.874318540096283,0.8738704919815063,0.8767998218536377,0.8722853064537048,0.953791618347168,0.9518075585365297,0.95512193441391,0.9544453620910645,0.9401893218358358,0.9418758153915404,0.9368902444839478,0.941801905632019,0.9338889916737876,0.9327415823936462,0.93495512008667,0.933970272541046,0.9328730305035908,0.9304257035255432,0.9338763952255248,0.9343169927597046,0.9043552279472352,0.9092566967010498,0.902359426021576,0.9014495611190796,0.8335934480031332,0.8320745229721069,0.8403750658035278,0.8283307552337646,0.9479352235794068,0.9463431239128112,0.9488789439201356,0.9485836029052734,0.8167726198832194,0.8187515735626221,0.8208792805671692,0.8106870055198669,0.9428682327270508,0.941364049911499,0.943239688873291,0.9440009593963624,0.8483226299285889,0.845185399055481,0.854475736618042,0.8453067541122437,0.9477260907491049,0.9462829828262328,0.9487090706825256,0.948186218738556
dhs_random,300000,2,48,0.0373101022760073,2674.4511648626067,0.8421101768811544,0.841219961643219,0.8485757112503052,0.836534857749939,0.9435948332150778,0.9427764415740968,0.9440428018569946,0.9439652562141418,0.8693825006484985,0.8695451617240906,0.8709015846252441,0.8677007555961609,0.946809192498525,0.9457631707191468,0.9486375451087952,0.9460268616676332,0.9341832995414734,0.9377297759056092,0.9302422404289246,0.9345778822898864,0.9291959404945374,0.9281136989593506,0.9318862557411194,0.927587866783142,0.9277687470118204,0.925402283668518,0.9285845756530762,0.9293193817138672,0.8952170610427856,0.9011574983596802,0.8930793404579163,0.8914143443107605,0.8275474111239115,0.8274263143539429,0.8352484107017517,0.81996750831604,0.9436809023221334,0.9426699280738832,0.9441410303115844,0.9442317485809326,0.8125572601954142,0.8144993782043457,0.818530261516571,0.8046421408653259,0.938503623008728,0.9376716017723083,0.9384786486625672,0.9393606185913086,0.8421126206715902,0.8402763605117798,0.8492412567138672,0.8368202447891235,0.9434873461723328,0.9426116347312928,0.9439944624900818,0.9438559412956238
dhs_random,300000,3,64,0.036426466546456,3470.1291847778484,0.8443402846654257,0.8441282510757446,0.8496147990226746,0.8392778038978577,0.9445606072743734,0.9433138966560364,0.9453226923942566,0.9450452327728271,0.8734495639801025,0.8726561069488525,0.8750565052032471,0.872636079788208,0.94891756772995,0.9467349648475648,0.9507105946540833,0.949307143688202,0.9363027215003968,0.9390246272087096,0.9325881004333496,0.9372954368591307,0.9283876021703084,0.9283791780471802,0.9304676651954652,0.92631596326828,0.928355852762858,0.9267945289611816,0.9301666617393494,0.9281063675880432,0.900959014892578,0.9054455161094666,0.8990100622177124,0.8984214663505554,0.8299039602279663,0.8304623365402222,0.8364711999893188,0.8227783441543579,0.9446871280670166,0.9433389902114868,0.9454949498176576,0.9452274441719056,0.8148284355799357,0.8173543214797974,0.8197830319404602,0.8073479533195496,0.940414528052012,0.93940269947052,0.9406796097755432,0.9411612749099731,0.8444544871648153,0.8434353470802307,0.8502922654151917,0.8396358489990234,0.9444369475046792,0.9431754350662231,0.9452700018882751,0.9448654055595398
dhs_random,300000,4,79,0.0357111159682273,4302.414618351962,0.8481515447298685,0.846197247505188,0.8542971014976501,0.8439602851867676,0.947867512702942,0.9464824199676514,0.9493589401245116,0.9477611780166626,0.876012126604716,0.8761282563209534,0.878548800945282,0.8733593225479126,0.9547977248827616,0.9519440531730652,0.9574934244155884,0.9549556970596312,0.9398343364397684,0.9416633248329164,0.9376583695411682,0.940181314945221,0.932776153087616,0.9309622049331664,0.9358620643615724,0.9315041899681092,0.930731236934662,0.9277437925338744,0.9332504868507384,0.9311994314193726,0.9031660954157512,0.9067047238349916,0.9022117257118224,0.9005818367004395,0.8334033489227295,0.8322137594223022,0.8408523201942444,0.8271439671516418,0.9479005932807922,0.9463056921958924,0.9494185447692872,0.9479775428771972,0.8178351322809855,0.8191961050033569,0.8236544132232666,0.810654878616333,0.9433213869730632,0.941830277442932,0.944607138633728,0.9435267448425292,0.8481982151667277,0.8454275131225586,0.8548192381858826,0.8443478941917419,0.947699268658956,0.9462783336639404,0.9492250680923462,0.947594404220581
dhs_sei,10000,0,26,0.1454139937162399,91.50283456407487,0.4101897676785787,0.3959835171699524,0.4098270535469055,0.4247587323188782,0.4641632239023844,0.4375013709068298,0.4696822166442871,0.4853060841560364,0.5126523772875468,0.5026142001152039,0.5118269920349121,0.5235159397125244,0.5443001985549927,0.5291498899459839,0.5482580065727234,0.5554926991462708,0.4099450310071309,0.3989893794059753,0.4104053378105163,0.4204403758049011,0.3068400919437408,0.3052883744239807,0.3178901672363281,0.2973417341709137,0.2813917497793833,0.2716871201992035,0.2925645112991333,0.2799236178398132,0.2896376848220825,0.2684457004070282,0.2759401202201843,0.324527233839035,0.4021551311016083,0.3891441524028778,0.4035112857818603,0.4138099551200866,0.4640351037184397,0.4373619258403778,0.4706481099128723,0.4840952754020691,0.3662871718406677,0.3555254638195038,0.3666887283325195,0.3766473233699798,0.4284594456354777,0.4019522666931152,0.4357856810092926,0.4476403892040252,0.4100666443506877,0.3954549431800842,0.4098227918148041,0.4249221980571747,0.4634437064329783,0.4370374083518982,0.4687218368053436,0.4845718741416931
dhs_sei,10000,1,54,0.1296171789169311,307.6142777239438,0.4841202696164449,0.4564216136932373,0.480532705783844,0.5154064893722534,0.5447625716527303,0.5057460069656372,0.5425776243209839,0.5859640836715698,0.5504516760508219,0.5362066626548767,0.5432018041610718,0.5719465613365173,0.5854860146840414,0.5681359767913818,0.5822083950042725,0.6061136722564697,0.4667212565739949,0.4501188099384308,0.4618606567382812,0.4881843030452728,0.4164598484834035,0.371293157339096,0.422711968421936,0.4553744196891784,0.4073698321978251,0.360296219587326,0.4134858548641205,0.4483274221420288,0.3109906613826751,0.2935961484909057,0.2978136241436004,0.3415622115135193,0.4728271861871083,0.4463604092597961,0.469872385263443,0.5022487640380859,0.5432469050089518,0.5043199062347412,0.5411115884780884,0.5843092203140259,0.4376195470492045,0.4136599898338318,0.4355276823043823,0.4636709690093994,0.5090468128522238,0.4746282696723938,0.5072876811027527,0.5452244877815247,0.4849766890207926,0.4570102095603943,0.4812529683113098,0.5166668891906738,0.5450934767723083,0.5061295628547668,0.5427622199058533,0.5863886475563049
dhs_sei,10000,1,54,0.1296171789169311,306.9939695580397,0.4841202696164449,0.4564216136932373,0.480532705783844,0.5154064893722534,0.5447625716527303,0.5057460069656372,0.5425776243209839,0.5859640836715698,0.5504516760508219,0.5362066626548767,0.5432018041610718,0.5719465613365173,0.5854860146840414,0.5681359767913818,0.5822083950042725,0.6061136722564697,0.4667212565739949,0.4501188099384308,0.4618606567382812,0.4881843030452728,0.4164598484834035,0.371293157339096,0.422711968421936,0.4553744196891784,0.4073698321978251,0.360296219587326,0.4134858548641205,0.4483274221420288,0.3109906613826751,0.2935961484909057,0.2978136241436004,0.3415622115135193,0.4728271861871083,0.4463604092597961,0.469872385263443,0.5022487640380859,0.5432469050089518,0.5043199062347412,0.5411115884780884,0.5843092203140259,0.4376195470492045,0.4136599898338318,0.4355276823043823,0.4636709690093994,0.5090468128522238,0.4746282696723938,0.5072876811027527,0.5452244877815247,0.4849766890207926,0.4570102095603943,0.4812529683113098,0.5166668891906738,0.5450934767723083,0.5061295628547668,0.5427622199058533,0.5863886475563049
dhs_sei,10000,2,33,0.1269199948310852,106.6168355839327,0.4827502568562825,0.4508191049098968,0.4875073134899139,0.5099243521690369,0.5469094316164652,0.5029826760292053,0.557460606098175,0.5802850127220154,0.5521316727002462,0.5290704369544983,0.5565977096557617,0.5707268714904785,0.5869300564130148,0.5591433644294739,0.5945348143577576,0.6071119904518127,0.4664716223875682,0.4472079575061798,0.4720607101917267,0.480146199464798,0.4091095129648844,0.3859312236309051,0.4261573851108551,0.415239930152893,0.3784868419170379,0.3445234894752502,0.3917933702468872,0.3991436660289764,0.3088139494260152,0.2881588339805603,0.2958313524723053,0.34245166182518,0.472822626431783,0.4423714876174927,0.4794527888298034,0.496643602848053,0.546696682771047,0.5028285980224609,0.5580158829689026,0.5792455673217773,0.4340245028336842,0.4076849818229675,0.4399562478065491,0.4544322788715362,0.5072019596894582,0.4662189781665802,0.5186697244644165,0.5367171764373779,0.4830487072467804,0.4503442049026489,0.4880046546459198,0.5107972621917725,0.5469154715538025,0.5028490424156189,0.5573232769966125,0.580574095249176
dhs_sei,10000,3,48,0.1409210884571075,131.52854883112013,0.4744026362895965,0.4242971837520599,0.4824522733688354,0.5164584517478943,0.5399083097775778,0.4771578311920166,0.5512351989746094,0.5913318991661072,0.5602297385533651,0.5192937254905701,0.5696865320205688,0.5917089581489563,0.5943594574928284,0.5493664741516113,0.6062739491462708,0.627437949180603,0.4530618588129679,0.416075736284256,0.4548650681972503,0.4882447719573974,0.4245687027772267,0.3665758073329925,0.4403139352798462,0.4668163657188415,0.413748284180959,0.3550023436546325,0.4212528169155121,0.4649896919727325,0.3012195229530334,0.2775442600250244,0.29139444231987,0.3347198665142059,0.464500347773234,0.4163124561309814,0.4735658168792724,0.5036227703094482,0.5395827293395996,0.4771017432212829,0.5515477061271667,0.5900987386703491,0.4324103891849518,0.3858627676963806,0.4418485462665558,0.4695198535919189,0.5062947670618693,0.4451220631599426,0.517599880695343,0.5561623573303223,0.4748519361019134,0.4240290820598602,0.4830833673477173,0.5174433588981628,0.5400811632474264,0.477268636226654,0.5513827800750732,0.5915920734405518
dhs_sei,10000,4,24,0.135904240489006,199.16457687411457,0.4590638975302378,0.4258427321910858,0.474692165851593,0.4766567945480346,0.5210156043370565,0.4744155406951904,0.5433341860771179,0.5452970862388611,0.5360002120335897,0.511061429977417,0.5504822731018066,0.5464569330215454,0.5677157640457153,0.5368260145187378,0.5883784890174866,0.5779427886009216,0.4379178881645202,0.4157935976982116,0.451000303030014,0.4469597637653351,0.3871969481309255,0.3514721095561981,0.416319191455841,0.3937995433807373,0.3657685418923695,0.3281571865081787,0.3926799893379211,0.3764684498310089,0.2972570657730102,0.2793045341968536,0.2900246381759643,0.3224420249462127,0.4489294489224751,0.4171119034290313,0.466395229101181,0.4632812142372131,0.5199707647164663,0.4735781848430633,0.5433586239814758,0.5429754853248596,0.4114484091599782,0.3824997544288635,0.4278534054756164,0.4239920675754547,0.4816899001598358,0.4371794760227203,0.5051279664039612,0.5027622580528259,0.4596429268519084,0.4258580207824707,0.4753035306930542,0.4777672290802002,0.521099716424942,0.4746024906635284,0.543226957321167,0.5454697012901306
dhs_sei,25000,0,98,0.1148052402257919,483.2131096478552,0.5703522562980652,0.5411233305931091,0.5695972442626953,0.6003361940383911,0.6445290644963583,0.6102266311645508,0.6440597176551819,0.679300844669342,0.6438758770624796,0.6373862028121948,0.6372894644737244,0.6569519639015198,0.6901311675707499,0.6796590685844421,0.6849170327186584,0.7058174014091492,0.5715132554372152,0.5546191334724426,0.5663606524467468,0.593559980392456,0.5550779501597086,0.5273751616477966,0.558548092842102,0.5793105959892273,0.5515492558479309,0.5088624358177185,0.5500968098640442,0.59568852186203,0.4317065179347992,0.4076016545295715,0.4252343773841858,0.4622835218906402,0.5588258306185404,0.529261589050293,0.5594907402992249,0.5877251625061035,0.6435093482335409,0.6073654294013977,0.6437159776687622,0.6794466376304626,0.5307860970497131,0.5032965540885925,0.5306813716888428,0.5583803653717041,0.6169290145238241,0.5805562138557434,0.6167502403259277,0.653480589389801,0.5705607136090597,0.5403167605400085,0.5701062679290771,0.6012591123580933,0.6445040106773376,0.6097287535667419,0.6439091563224792,0.6798741221427917
dhs_sei,25000,1,44,0.1175500296831131,532.8286825329997,0.5669645468393961,0.5340412855148315,0.5740495324134827,0.5928028225898743,0.6383495728174845,0.5978557467460632,0.6467063426971436,0.6704866290092468,0.6433660785357157,0.6248396635055542,0.6477281451225281,0.6575304269790649,0.6861920952796936,0.6644777655601501,0.6916637420654297,0.702434778213501,0.5578873952229818,0.5288072228431702,0.5624244213104248,0.5824305415153503,0.5505491097768148,0.5119598507881165,0.5640736818313599,0.575613796710968,0.5306452016035715,0.4810744225978851,0.5411816239356995,0.5696795582771301,0.408163030942281,0.3774974942207336,0.4093784689903259,0.4376131296157837,0.556416908899943,0.522792637348175,0.5647802352905273,0.5816778540611267,0.6378641327222189,0.5957363843917847,0.6467302441596985,0.6711257696151733,0.5200852652390798,0.486788660287857,0.5265998244285583,0.546867311000824,0.6059168974558512,0.5634549856185913,0.6145329475402832,0.6397627592086792,0.5671055714289347,0.5333571434020996,0.5744447708129883,0.5935148000717163,0.6378125747044882,0.5971338152885437,0.646165668964386,0.6701382398605347
dhs_sei,25000,1,44,0.1175500296831131,532.4171560199466,0.5669645468393961,0.5340412855148315,0.5740495324134827,0.5928028225898743,0.6383495728174845,0.5978557467460632,0.6467063426971436,0.6704866290092468,0.6433660785357157,0.6248396635055542,0.6477281451225281,0.6575304269790649,0.6861920952796936,0.6644777655601501,0.6916637420654297,0.702434778213501,0.5578873952229818,0.5288072228431702,0.5624244213104248,0.5824305415153503,0.5505491097768148,0.5119598507881165,0.5640736818313599,0.575613796710968,0.5306452016035715,0.4810744225978851,0.5411816239356995,0.5696795582771301,0.408163030942281,0.3774974942207336,0.4093784689903259,0.4376131296157837,0.556416908899943,0.522792637348175,0.5647802352905273,0.5816778540611267,0.6378641327222189,0.5957363843917847,0.6467302441596985,0.6711257696151733,0.5200852652390798,0.486788660287857,0.5265998244285583,0.546867311000824,0.6059168974558512,0.5634549856185913,0.6145329475402832,0.6397627592086792,0.5671055714289347,0.5333571434020996,0.5744447708129883,0.5935148000717163,0.6378125747044882,0.5971338152885437,0.646165668964386,0.6701382398605347
dhs_sei,25000,2,30,0.1257699577331543,184.96996493218467,0.5245544115702311,0.4921876192092895,0.5307490229606628,0.550726592540741,0.5874590476353964,0.5510942339897156,0.5950847268104553,0.6161981821060181,0.6043575008710226,0.5911750197410583,0.6075142621994019,0.6143832206726074,0.6428265372912089,0.6295328736305237,0.6467110514640808,0.6522356867790222,0.5108884771664938,0.4966264367103576,0.5046232342720032,0.5314157605171204,0.4771519104639689,0.4447886645793915,0.4920822978019714,0.4945847690105438,0.4731648464997609,0.4237355589866638,0.4759481251239776,0.5198108553886414,0.3643311063448588,0.3403172194957733,0.3553532063961029,0.3973228931427002,0.5136606891949972,0.4822481274604797,0.5204668641090393,0.5382670760154724,0.5866768558820089,0.5497766733169556,0.5941667556762695,0.6160871386528015,0.4776302774747212,0.4489443004131317,0.4832282364368438,0.5007182955741882,0.5552639762560526,0.520440936088562,0.5617595911026001,0.5835914015769958,0.5246793031692505,0.4915478825569153,0.5311628580093384,0.5513271689414978,0.5870907107988993,0.550679087638855,0.5947712659835815,0.6158217787742615
dhs_sei,25000,3,41,0.1241191312313079,230.01624253485352,0.519127776225408,0.4930204451084137,0.5228482484817505,0.5415146350860596,0.5877533753712972,0.5560732483863831,0.5930793285369873,0.6141075491905212,0.6036957303682963,0.5929069519042969,0.6020623445510864,0.6161178946495056,0.6453506946563721,0.630166232585907,0.646055281162262,0.6598305702209473,0.5221720337867737,0.5068763494491577,0.5209554433822632,0.5386843085289001,0.5000290473302206,0.4831618070602417,0.5101999044418335,0.5067254304885864,0.4786746303240458,0.4604035019874573,0.4890353977680206,0.4865849912166595,0.3805279632409413,0.3570706844329834,0.3775703012943268,0.4069429039955139,0.5088564157485962,0.4846366047859192,0.5136931538581848,0.5282394886016846,0.5868008335431417,0.5551249384880066,0.5929848551750183,0.6122927069664001,0.476607084274292,0.4561052322387695,0.4798533320426941,0.4938626885414123,0.5566784739494324,0.5272389650344849,0.5632676482200623,0.57952880859375,0.5192375083764394,0.4925393164157867,0.5232565999031067,0.5419166088104248,0.5873639980951945,0.5559062957763672,0.5926206111907959,0.6135650873184204
dhs_sei,25000,4,99,0.1140141808986663,490.3261600686237,0.5637534658114115,0.5313581228256226,0.565166175365448,0.5947360992431641,0.6332526604334513,0.595599353313446,0.6352456212043762,0.6689130067825317,0.6320593953132629,0.613615870475769,0.62714684009552,0.6554154753684998,0.6776168743769327,0.6558842658996582,0.6748966574668884,0.7020696997642517,0.5648327072461446,0.5487624406814575,0.5577259063720703,0.588009774684906,0.5504456559816996,0.514729380607605,0.5579902529716492,0.5786173343658447,0.5381843646367391,0.4946702718734741,0.5451245307922363,0.5747582912445068,0.4137323796749115,0.3982698023319244,0.4027709662914276,0.4401563704013824,0.5529467860857645,0.5216014385223389,0.5556837320327759,0.581555187702179,0.6330997149149576,0.5951552391052246,0.6355664134025574,0.6685774922370911,0.5214386185010275,0.494926393032074,0.522730827331543,0.5466586351394653,0.6043457786242167,0.5686824917793274,0.6064336895942688,0.637921154499054,0.5633973876635233,0.5301457047462463,0.5653292536735535,0.5947172045707703,0.6327492396036783,0.5951347351074219,0.6349062323570251,0.6682067513465881
dhs_sei,50000,0,64,0.0873820967197418,2062.2264328668825,0.6961632370948792,0.6870212554931641,0.6929492354393005,0.7085192203521729,0.7852320075035095,0.7779771685600281,0.7770829796791077,0.8006358742713928,0.7502169211705526,0.7487406730651855,0.7431819438934326,0.7587281465530396,0.8158743778864542,0.8136171698570251,0.8083613514900208,0.8256446123123169,0.7339467604955038,0.7429989576339722,0.7144676446914673,0.7443736791610718,0.7278819878896078,0.7312504053115845,0.719029426574707,0.7333661317825317,0.7228729327519735,0.7199603915214539,0.7102100253105164,0.7384483814239502,0.6030916968981425,0.6051441431045532,0.5866052508354187,0.6175256967544556,0.683521548906962,0.674734354019165,0.6819493174552917,0.6938809752464294,0.7844284574190775,0.7761821746826172,0.7768092751502991,0.8002939224243164,0.657805879910787,0.652789294719696,0.6532611846923828,0.667367160320282,0.7656630277633667,0.7593463659286499,0.7567338943481445,0.7809088230133057,0.6962446967760721,0.6861364245414734,0.6937844157218933,0.7088132500648499,0.7849836548169454,0.7775918841362,0.777062177658081,0.8002969026565552
dhs_sei,50000,1,62,0.0860020485401153,1993.2246073037384,0.6944418946901957,0.6863219141960144,0.6889947056770325,0.7080090641975403,0.781900962193807,0.7723617553710938,0.7735706567764282,0.7997704744338989,0.7464434504508972,0.7447468042373657,0.7404138445854187,0.7541697025299072,0.8080458839734396,0.8051065802574158,0.8026102185249329,0.81642085313797,0.7278282443682352,0.7336280345916748,0.7083770036697388,0.7414796948432922,0.7272772789001465,0.7320817112922668,0.7157959938049316,0.733954131603241,0.7193663716316223,0.7142656445503235,0.708713710308075,0.7351197600364685,0.6053017179171244,0.607495903968811,0.5937821269035339,0.6146271228790283,0.682960311571757,0.6748547554016113,0.6790281534194946,0.694998025894165,0.7822378079096476,0.7721052765846252,0.7737600803375244,0.8008480668067932,0.656314750512441,0.6507017612457275,0.6500837206840515,0.668158769607544,0.7609716653823853,0.7525753378868103,0.7509665489196777,0.7793731093406677,0.6952279607454935,0.686240553855896,0.6902879476547241,0.7091553807258606,0.7823777993520101,0.7726438045501709,0.7741183042526245,0.8003712892532349
dhs_sei,50000,2,155,0.0701604123592376,1450.6497300909832,0.7556875149408976,0.758270263671875,0.7520436644554138,0.756748616695404,0.8522389729817709,0.8548727035522461,0.8449049592018127,0.8569392561912537,0.8109553058942159,0.816558837890625,0.8033559322357178,0.8129511475563049,0.8804222345352173,0.8842468857765198,0.8741176724433899,0.8829021453857422,0.820655882358551,0.8342154026031494,0.804924726486206,0.8228275179862976,0.8137125174204508,0.8252737522125244,0.8061451315879822,0.809718668460846,0.8076224525769552,0.8082180619239807,0.8041568994522095,0.8104923963546753,0.7169003883997599,0.7289745807647705,0.703283965587616,0.7184426188468933,0.7420387268066406,0.745022177696228,0.739700436592102,0.7413935661315918,0.8519380887349447,0.8538117408752441,0.8447569608688354,0.8572455644607544,0.7211578885714213,0.7277644276618958,0.7149417400360107,0.7207674980163574,0.839246928691864,0.8426611423492432,0.8293348550796509,0.845744788646698,0.7556281487147013,0.757513165473938,0.752399742603302,0.756971538066864,0.8521185715993246,0.8546285033226013,0.8448309898376465,0.8568962216377258
dhs_sei,50000,3,105,0.0771076473712921,983.6242397911848,0.7256435553232828,0.7228446006774902,0.7226510047912598,0.7314350605010986,0.8199137051900228,0.8165479898452759,0.8129410147666931,0.8302521109580994,0.7882757385571798,0.7910271883010864,0.7821213603019714,0.7916786670684814,0.8532900412877401,0.8561141490936279,0.8460806608200073,0.857675313949585,0.7839714487393697,0.7946076989173889,0.7679293155670166,0.7893773317337036,0.7762366334597269,0.7846419215202332,0.7674092650413513,0.7766587138175964,0.7694997588793436,0.7724955677986145,0.7599261403083801,0.7760775685310364,0.6647048393885294,0.676678478717804,0.6472325921058655,0.670203447341919,0.711893637975057,0.7087964415550232,0.710808277130127,0.7160761952400208,0.8193866014480591,0.8151998519897461,0.812886118888855,0.8300738334655762,0.6878145337104797,0.6872255802154541,0.6829974055290222,0.6932206153869629,0.8037721514701843,0.8021314144134521,0.7942166328430176,0.8149684071540833,0.725561281045278,0.7216840386390686,0.7231424450874329,0.7318573594093323,0.8197501301765442,0.8161287903785706,0.8129479289054871,0.830173671245575
dhs_sei,50000,4,109,0.0783596676349639,1951.0209504277443,0.728797455628713,0.7278777360916138,0.7246530055999756,0.7338616251945496,0.8209978342056274,0.8213474750518799,0.8120492696762085,0.829596757888794,0.7811013658841451,0.7813996076583862,0.7755458950996399,0.7863585948944092,0.8490380843480428,0.8472488522529602,0.843883752822876,0.8559816479682922,0.7774279514948527,0.7894668579101562,0.7610372304916382,0.7817797660827637,0.7747199535369873,0.777693510055542,0.7682863473892212,0.7781800031661987,0.7694216370582581,0.7689257860183716,0.7636057734489441,0.7757333517074585,0.6730998555819193,0.6839074492454529,0.660134494304657,0.6752576231956482,0.7154876589775085,0.7147702574729919,0.7126868963241577,0.719005823135376,0.8202800552050272,0.8200297951698303,0.8113575577735901,0.8294528126716614,0.6900101701418558,0.6919183731079102,0.6834902763366699,0.6946218609809875,0.8021904826164246,0.8028157353401184,0.7911825776100159,0.8125731348991394,0.7291133999824524,0.7273038029670715,0.7255343198776245,0.7345020771026611,0.8210246960322062,0.8212375640869141,0.8121790885925293,0.8296574354171753
dhs_sei,50000,4,109,0.0783596676349639,3366.846745579969,0.728797455628713,0.7278777360916138,0.7246530055999756,0.7338616251945496,0.8209978342056274,0.8213474750518799,0.8120492696762085,0.829596757888794,0.7811013658841451,0.7813996076583862,0.7755458950996399,0.7863585948944092,0.8490380843480428,0.8472488522529602,0.843883752822876,0.8559816479682922,0.7774279514948527,0.7894668579101562,0.7610372304916382,0.7817797660827637,0.7747199535369873,0.777693510055542,0.7682863473892212,0.7781800031661987,0.7694216370582581,0.7689257860183716,0.7636057734489441,0.7757333517074585,0.6730998555819193,0.6839074492454529,0.660134494304657,0.6752576231956482,0.7154876589775085,0.7147702574729919,0.7126868963241577,0.719005823135376,0.8202800552050272,0.8200297951698303,0.8113575577735901,0.8294528126716614,0.6900101701418558,0.6919183731079102,0.6834902763366699,0.6946218609809875,0.8021904826164246,0.8028157353401184,0.7911825776100159,0.8125731348991394,0.7291133999824524,0.7273038029670715,0.7255343198776245,0.7345020771026611,0.8210246960322062,0.8212375640869141,0.8121790885925293,0.8296574354171753
dhs_sei,100000,0,31,0.0671807850837707,609.2212382280268,0.7747621536254883,0.7802210450172424,0.7719696760177612,0.7720957398414612,0.8696238398551941,0.8751159906387329,0.8619831800460815,0.8717723488807678,0.8245619336764017,0.8301238417625427,0.820497989654541,0.8230639696121216,0.8949658870697021,0.9005687236785889,0.8900151252746582,0.8943138122558594,0.8398274183273315,0.8566074967384338,0.8249756097793579,0.8378991484642029,0.8350786368052164,0.8461373448371887,0.8272104263305664,0.8318881392478943,0.8281607429186503,0.836740255355835,0.8196732997894287,0.8280686736106873,0.7518974939982096,0.7711687684059143,0.7370918989181519,0.7474318146705627,0.7607999642690023,0.7668197751045227,0.759242594242096,0.7563375234603882,0.8693035443623861,0.8744059205055237,0.8616228103637695,0.871881902217865,0.7409307360649109,0.7492222785949707,0.7358689308166504,0.7377009987831116,0.8588709433873495,0.8650472164154053,0.8492798805236816,0.8622857332229614,0.7748262683550516,0.7794857025146484,0.7725367546081543,0.7724563479423523,0.8694014946619669,0.8747506141662598,0.8618783950805664,0.8715754747390747
dhs_sei,100000,1,32,0.0671095331549644,1384.825215928955,0.7757315834363302,0.7808339595794678,0.7725393176078796,0.7738214731216431,0.8742762804031372,0.8805233240127563,0.864881157875061,0.8774243593215942,0.8238310615221659,0.8280104398727417,0.8193580508232117,0.8241246938705444,0.8939932386080424,0.8980507850646973,0.8885926008224487,0.8953363299369812,0.8396700819333395,0.8559154272079468,0.822165846824646,0.8409289717674255,0.8361244599024454,0.8474437594413757,0.8269340395927429,0.8339955806732178,0.8352427085240682,0.8413457274436951,0.8253082036972046,0.8390741944313049,0.7626518408457438,0.7775132656097412,0.7484326958656311,0.7620095610618591,0.7621049086252848,0.7674334049224854,0.7604082822799683,0.7584730386734009,0.8739848931630453,0.8799811601638794,0.8645503520965576,0.8774231672286987,0.7424499988555908,0.7510616183280945,0.7380104660987854,0.7382779121398926,0.8616014719009399,0.8689069747924805,0.8506017327308655,0.8652957081794739,0.7757226824760437,0.7797941565513611,0.7732797861099243,0.7740941047668457,0.8742163976033529,0.8803313970565796,0.8650220632553101,0.877295732498169
dhs_sei,100000,1,32,0.0671095331549644,1379.9192610080354,0.7757315834363302,0.7808339595794678,0.7725393176078796,0.7738214731216431,0.8742762804031372,0.8805233240127563,0.864881157875061,0.8774243593215942,0.8238310615221659,0.8280104398727417,0.8193580508232117,0.8241246938705444,0.8939932386080424,0.8980507850646973,0.8885926008224487,0.8953363299369812,0.8396700819333395,0.8559154272079468,0.822165846824646,0.8409289717674255,0.8361244599024454,0.8474437594413757,0.8269340395927429,0.8339955806732178,0.8352427085240682,0.8413457274436951,0.8253082036972046,0.8390741944313049,0.7626518408457438,0.7775132656097412,0.7484326958656311,0.7620095610618591,0.7621049086252848,0.7674334049224854,0.7604082822799683,0.7584730386734009,0.8739848931630453,0.8799811601638794,0.8645503520965576,0.8774231672286987,0.7424499988555908,0.7510616183280945,0.7380104660987854,0.7382779121398926,0.8616014719009399,0.8689069747924805,0.8506017327308655,0.8652957081794739,0.7757226824760437,0.7797941565513611,0.7732797861099243,0.7740941047668457,0.8742163976033529,0.8803313970565796,0.8650220632553101,0.877295732498169
dhs_sei,100000,2,55,0.0581304167032241,1050.7172958389856,0.8049502968788147,0.8057094812393188,0.8073780536651611,0.8017633557319641,0.9064316749572754,0.9077288508415222,0.9035513997077942,0.9080147743225098,0.8495559096336365,0.8522496819496155,0.8478332757949829,0.848584771156311,0.9260539611180624,0.9275026321411132,0.9232369065284728,0.9274223446846008,0.8840372165044149,0.8920395374298096,0.8767056465148926,0.8833664655685425,0.8806718190511068,0.8822619318962097,0.8796790242195129,0.8800745010375977,0.8784606059392294,0.8781471848487854,0.8758890628814697,0.8813455700874329,0.8185811638832092,0.8307119607925415,0.8094672560691833,0.8155642747879028,0.7909719745318095,0.792491614818573,0.7944781184196472,0.7859461903572083,0.9060584704081216,0.9071518182754515,0.903023600578308,0.9079999923706056,0.7750462094942728,0.7799792289733887,0.7755260467529297,0.7696333527565002,0.8984397451082865,0.9009533524513244,0.8933966159820557,0.9009692668914796,0.804949422677358,0.8049439191818237,0.8078332543373108,0.8020710945129395,0.9061386187871298,0.9075741171836852,0.9031752943992616,0.9076664447784424
dhs_sei,100000,3,31,0.0683679513216018,609.667161075864,0.771487832069397,0.776702880859375,0.7689014673233032,0.7688591480255127,0.8685388167699178,0.874596357345581,0.8609070181846619,0.8701130747795105,0.8204484581947327,0.8259366154670715,0.815502405166626,0.8199063539505005,0.8878964980443319,0.8924169540405273,0.8839857578277588,0.8872867822647095,0.8387342691421509,0.8560546636581421,0.822409987449646,0.8377381563186646,0.8304188847541809,0.8441117405891418,0.8212712407112122,0.8258736729621887,0.8312989672025045,0.8395010232925415,0.8237872123718262,0.8306086659431458,0.7550878922144572,0.7731201648712158,0.741405725479126,0.7507377862930298,0.7584627072016398,0.763952374458313,0.7570351362228394,0.7544006109237671,0.8687600294748942,0.8743867874145508,0.8609296679496765,0.8709636330604553,0.7374273141225179,0.7477676272392273,0.7306355834007263,0.7338787317276001,0.8580178221066793,0.8660567998886108,0.847543478012085,0.860453188419342,0.7716952164967855,0.7759957909584045,0.7697608470916748,0.7693290114402771,0.8686298727989197,0.8744694590568542,0.8611133098602295,0.8703068494796753
dhs_sei,100000,4,32,0.0668794547915458,646.4301658878103,0.777763843536377,0.782685399055481,0.7739244103431702,0.7766817212104797,0.87544318040212,0.8818504810333252,0.8665839433670044,0.8778951168060303,0.8261522452036539,0.8302837610244751,0.8212047815322876,0.8269681930541992,0.8986819585164388,0.903611421585083,0.8918465375900269,0.9005879163742065,0.8428902824719747,0.8614935278892517,0.8237594962120056,0.8434178233146667,0.8356500665346781,0.846840500831604,0.8287331461906433,0.8313765525817871,0.8364057143529257,0.8397443294525146,0.8304615616798401,0.8390112519264221,0.7547331055005392,0.7742915153503418,0.7387003898620605,0.7512074112892151,0.7640021840731303,0.7696012854576111,0.7617198824882507,0.760685384273529,0.8753968477249146,0.8814399242401123,0.8666037917137146,0.8781468272209167,0.7429567575454712,0.7516438364982605,0.7378957867622375,0.7393306493759155,0.8622726400693258,0.8700858354568481,0.8518819212913513,0.8648501634597778,0.778067946434021,0.7821582555770874,0.7748030424118042,0.7772425413131714,0.87563556432724,0.8819454312324524,0.8667899370193481,0.8781713247299194
dhs_sei,150000,0,24,0.0585104335645834,706.0708958040923,0.8008157014846802,0.8035827279090881,0.8014255166053772,0.7974388599395752,0.8985000451405843,0.9030601382255554,0.8944177031517029,0.8980222940444946,0.8420946399370829,0.8451526165008545,0.8403945565223694,0.8407367467880249,0.9135378201802572,0.9167914390563964,0.9105687141418456,0.9132533073425292,0.8737718462944031,0.8879579305648804,0.8611827492713928,0.872174859046936,0.8701513806978861,0.8778250217437744,0.8669683337211609,0.8656607866287231,0.8684742252031962,0.8724625706672668,0.8648895621299744,0.8680705428123474,0.801072359085083,0.8185624480247498,0.7909337282180786,0.7937209010124207,0.7865483164787292,0.7898908853530884,0.788537323474884,0.7812167406082153,0.8980891505877177,0.9022642374038696,0.8940421938896179,0.8979610204696655,0.7670606772104899,0.7725294828414917,0.766268789768219,0.762383759021759,0.888450821240743,0.8933326601982117,0.8831009864807129,0.8889188170433044,0.8006846904754639,0.8026514649391174,0.8019126057624817,0.7974900007247925,0.8981779019037882,0.9026330709457396,0.8942142724990845,0.8976863622665405
dhs_sei,150000,1,41,0.0526737420737743,2554.930760897929,0.8226881424585978,0.8218812346458435,0.8257337808609009,0.8204494118690491,0.923459529876709,0.9237241744995116,0.9210452437400818,0.9256091713905334,0.8651125232378641,0.8699425458908081,0.8639763593673706,0.8614186644554138,0.9413528045018514,0.9430830478668212,0.9395318627357484,0.9414435029029846,0.903806209564209,0.909796953201294,0.8977401852607727,0.9038814902305604,0.9026657144228616,0.9057931900024414,0.9002898931503296,0.9019140601158142,0.8988659183184305,0.8995181918144226,0.8960589170455933,0.901020646095276,0.848892350991567,0.8577855229377747,0.8417025208473206,0.8471890091896057,0.8085373242696127,0.8087999820709229,0.8128200769424438,0.8039919137954712,0.923194964726766,0.9233644008636476,0.9207433462142944,0.925477147102356,0.7922636071840922,0.7962161302566528,0.7938793301582336,0.7866953611373901,0.9162877798080444,0.9171020984649658,0.9129539728164672,0.9188072681427002,0.8226504723230997,0.8210906982421875,0.8260864615440369,0.820774257183075,0.9231274922688802,0.923510730266571,0.9206838607788086,0.925187885761261
dhs_sei,150000,1,41,0.0526737420737743,2567.074595996877,0.8226881424585978,0.8218812346458435,0.8257337808609009,0.8204494118690491,0.923459529876709,0.9237241744995116,0.9210452437400818,0.9256091713905334,0.8651125232378641,0.8699425458908081,0.8639763593673706,0.8614186644554138,0.9413528045018514,0.9430830478668212,0.9395318627357484,0.9414435029029846,0.903806209564209,0.909796953201294,0.8977401852607727,0.9038814902305604,0.9026657144228616,0.9057931900024414,0.9002898931503296,0.9019140601158142,0.8988659183184305,0.8995181918144226,0.8960589170455933,0.901020646095276,0.848892350991567,0.8577855229377747,0.8417025208473206,0.8471890091896057,0.8085373242696127,0.8087999820709229,0.8128200769424438,0.8039919137954712,0.923194964726766,0.9233644008636476,0.9207433462142944,0.925477147102356,0.7922636071840922,0.7962161302566528,0.7938793301582336,0.7866953611373901,0.9162877798080444,0.9171020984649658,0.9129539728164672,0.9188072681427002,0.8226504723230997,0.8210906982421875,0.8260864615440369,0.820774257183075,0.9231274922688802,0.923510730266571,0.9206838607788086,0.925187885761261
dhs_sei,150000,2,41,0.0518521770914395,1175.3912394032814,0.8223121762275696,0.824081540107727,0.8247268795967102,0.8181281089782715,0.9206663966178894,0.9230618476867676,0.9179933071136476,0.9209440350532532,0.8628885348637899,0.866203248500824,0.8615114688873291,0.8609508872032166,0.9386275013287864,0.940180242061615,0.9365205764770508,0.9391816854476928,0.901698092619578,0.9104241132736206,0.8944701552391052,0.9002000093460083,0.8986841837565104,0.9032987356185912,0.8966148495674133,0.8961389660835266,0.8979966044425964,0.8997145295143127,0.8958591222763062,0.8984161615371704,0.8489740490913391,0.8574235439300537,0.8429334759712219,0.8465651273727417,0.8078214526176453,0.8101958632469177,0.8111146688461304,0.8021538257598877,0.920629640420278,0.9228678345680236,0.9177660942077636,0.9212549924850464,0.7908034722010294,0.7950127124786377,0.7928194403648376,0.784578263759613,0.9138831893603008,0.91650128364563,0.9105993509292604,0.914548933506012,0.8221803903579712,0.8231845498085022,0.8249980211257935,0.8183586001396179,0.9204633633295696,0.9230233430862428,0.9177188277244568,0.920647919178009
dhs_sei,150000,3,41,0.0506592810869216,1154.282288162969,0.8263291517893473,0.8271046280860901,0.8292354941368103,0.8226473331451416,0.9245606064796448,0.926048219203949,0.9228771328926086,0.9247564673423768,0.8631014029184977,0.8685083985328674,0.8616321086883545,0.8591637015342712,0.9427236318588256,0.9449787139892578,0.9407145977020264,0.9424775838851928,0.904700517654419,0.911750316619873,0.8991360664367676,0.9032151699066162,0.9050696094830832,0.90690678358078,0.9039334654808044,0.9043685793876648,0.9037602345148722,0.904309630393982,0.9019913077354432,0.9049797654151917,0.8510381579399109,0.8606660962104797,0.8451753258705139,0.847273051738739,0.8119329412778219,0.8130877017974854,0.8160499930381775,0.8066611289978027,0.9244591991106668,0.925734519958496,0.9227424263954164,0.9249006509780884,0.795923113822937,0.7996007800102234,0.7975704669952393,0.7905980944633484,0.9181392590204874,0.9200724959373474,0.9152119755744934,0.9191333055496216,0.8262905875841776,0.826279878616333,0.8295407295227051,0.8230511546134949,0.924315849939982,0.9258360862731934,0.9226279854774476,0.9244834780693054
dhs_sei,150000,4,41,0.0510531644125779,1185.1125475061126,0.8268568913141886,0.82869553565979,0.8293372988700867,0.8225378394126892,0.9244217872619628,0.9264320135116576,0.9223289489746094,0.9245043992996216,0.8625812927881876,0.867790162563324,0.8615816831588745,0.8583720326423645,0.940908173720042,0.9428848028182985,0.9386746287345886,0.9411650896072388,0.9054086009661356,0.9118427038192748,0.9002083539962769,0.9041747450828552,0.9069591959317526,0.9114086627960204,0.9054482579231262,0.9040206670761108,0.9024783770243326,0.902870237827301,0.9013341665267944,0.9032307267189026,0.850793202718099,0.858655571937561,0.8459407687187195,0.8477832674980164,0.812332034111023,0.8151051998138428,0.8159255385398865,0.8059653639793396,0.9243134458859762,0.926211953163147,0.9221564531326294,0.924571931362152,0.7955516378084818,0.8006614446640015,0.7977067232131958,0.7882867455482483,0.918298880259196,0.920803725719452,0.9151891469955444,0.9189037680625916,0.8269026279449463,0.8282331824302673,0.8296117782592773,0.8228629231452942,0.9241783618927002,0.926297128200531,0.9220385551452636,0.924199402332306
dhs_sei,200000,0,56,0.0444241178452968,2059.8411588058807,0.8473029732704163,0.8463533520698547,0.8515894412994385,0.8439661264419556,0.9456077615420024,0.9443618059158324,0.9450482726097108,0.947413206100464,0.8769760529200236,0.8788228631019592,0.8780912756919861,0.8740140199661255,0.9566672444343568,0.9561680555343628,0.9558802843093872,0.95795339345932,0.9325426618258158,0.9344509243965148,0.9291894435882568,0.9339876174926758,0.9286146561304728,0.9285047054290771,0.9285901188850404,0.928749144077301,0.9279369711875916,0.9256808161735536,0.9274501800537108,0.9306799173355104,0.8940547704696655,0.8971225023269653,0.8922275304794312,0.8928142786026001,0.8328172961870829,0.8327385783195496,0.8384876251220703,0.8272256851196289,0.94559113184611,0.9441587924957277,0.9450197219848632,0.9475948810577391,0.8161481618881226,0.8184992671012878,0.8201964497566223,0.8097487688064575,0.9406206210454304,0.9390250444412231,0.9397580623626708,0.9430787563323976,0.8474051356315613,0.8454786539077759,0.8522425293922424,0.8444942235946655,0.945416271686554,0.9440355896949768,0.9448975324630736,0.9473156929016112
dhs_sei,200000,1,44,0.0447483324229717,3610.669569361024,0.8424606720606486,0.840136706829071,0.8476994037628174,0.8395459055900574,0.941401998202006,0.9398975372314452,0.9409611225128174,0.9433473348617554,0.8748197555541992,0.8765413165092468,0.8749362230300903,0.8729817271232605,0.9544097979863484,0.954798460006714,0.953564703464508,0.9548662304878236,0.9276861945788064,0.9286687970161438,0.9243915677070618,0.929998219013214,0.92279452085495,0.922366499900818,0.9226203560829164,0.9233967065811156,0.9216158191363016,0.9165963530540466,0.9226142168045044,0.925636887550354,0.8860741456349691,0.8899151682853699,0.8841397166252136,0.8841675519943237,0.8275299668312073,0.8259508013725281,0.8338912725448608,0.8227478265762329,0.941145439942678,0.9395800232887268,0.9404382109642028,0.9434180855751038,0.8112007975578308,0.8121514320373535,0.8161332607269287,0.8053176999092102,0.9360567927360536,0.9347675442695618,0.9349368810653688,0.93846595287323,0.8425050179163615,0.8394691944122314,0.8481476306915283,0.8398982286453247,0.9412107070287068,0.939747154712677,0.9407223463058472,0.9431626200675964
dhs_sei,200000,1,44,0.0447483324229717,3627.186200884171,0.8424606720606486,0.840136706829071,0.8476994037628174,0.8395459055900574,0.941401998202006,0.9398975372314452,0.9409611225128174,0.9433473348617554,0.8748197555541992,0.8765413165092468,0.8749362230300903,0.8729817271232605,0.9544097979863484,0.954798460006714,0.953564703464508,0.9548662304878236,0.9276861945788064,0.9286687970161438,0.9243915677070618,0.929998219013214,0.92279452085495,0.922366499900818,0.9226203560829164,0.9233967065811156,0.9216158191363016,0.9165963530540466,0.9226142168045044,0.925636887550354,0.8860741456349691,0.8899151682853699,0.8841397166252136,0.8841675519943237,0.8275299668312073,0.8259508013725281,0.8338912725448608,0.8227478265762329,0.941145439942678,0.9395800232887268,0.9404382109642028,0.9434180855751038,0.8112007975578308,0.8121514320373535,0.8161332607269287,0.8053176999092102,0.9360567927360536,0.9347675442695618,0.9349368810653688,0.93846595287323,0.8425050179163615,0.8394691944122314,0.8481476306915283,0.8398982286453247,0.9412107070287068,0.939747154712677,0.9407223463058472,0.9431626200675964
dhs_sei,200000,2,44,0.0454139832019805,1658.727857256774,0.8463036219278971,0.8473143577575684,0.8484303951263428,0.8431661128997803,0.9430344303448996,0.9430270791053772,0.9404993057250975,0.9455769062042236,0.8756146629651388,0.8812106251716614,0.8748005628585815,0.8708328008651733,0.9554316798845928,0.9565961956977844,0.9536262154579164,0.9560726284980774,0.9278577764829,0.9309370517730712,0.9230986833572388,0.92953759431839,0.9266486565272012,0.9280375838279724,0.9252344369888306,0.926673948764801,0.9241855144500732,0.9220455288887024,0.9229097962379456,0.9276012182235718,0.8879447182019552,0.8915260434150696,0.8839988708496094,0.8883092403411865,0.8314187526702881,0.8333662152290344,0.8347022533416748,0.826187789440155,0.9428945779800416,0.9428904056549072,0.9402049779891968,0.9455883502960204,0.8143363992373148,0.8187126517295837,0.8162268996238708,0.80806964635849,0.9381452004114786,0.9386033415794371,0.9344545602798462,0.9413776993751526,0.8463032841682434,0.8465700149536133,0.8488083481788635,0.8435314893722534,0.942821721235911,0.9429057240486144,0.9402424693107604,0.9453169703483582
dhs_sei,200000,3,44,0.0450545799791812,1627.2644104659555,0.8437689741452535,0.8428551554679871,0.8467799425125122,0.8416718244552612,0.9424874583880106,0.9423817992210388,0.9405412673950196,0.9445393085479736,0.8744348883628845,0.8798148036003113,0.8737437725067139,0.8697460889816284,0.9548936684926352,0.9559816122055054,0.9531313180923462,0.9555680751800536,0.9272132714589436,0.930008351802826,0.923083245754242,0.9285482168197632,0.92522923151652,0.9266787171363832,0.9233984351158142,0.9256105422973632,0.924227237701416,0.9228309988975524,0.9234247207641602,0.9264259934425354,0.8854718208312988,0.8897752165794373,0.8825833797454834,0.8840568661689758,0.8289279143015543,0.8288652896881104,0.8332871794700623,0.8246312737464905,0.9423401951789856,0.941959023475647,0.9402945637702942,0.9447669982910156,0.8124536077181498,0.8149672746658325,0.8150467872619629,0.807346761226654,0.9369396368662516,0.9370535612106324,0.934166431427002,0.9395989179611206,0.8438523809115092,0.8422260284423828,0.8473175168037415,0.8420135974884033,0.9423166116078696,0.9421960711479188,0.9403340816497804,0.9444196820259094
dhs_sei,200000,4,55,0.0447386808037757,2017.8239315021783,0.8433640599250793,0.841916024684906,0.8468364477157593,0.8413397073745728,0.9423115849494934,0.9423977136611938,0.9405646920204164,0.94397234916687,0.8748210469881693,0.878307044506073,0.8739261031150818,0.8722299933433533,0.955133020877838,0.9559696316719056,0.9530193209648132,0.9564101099967957,0.9292338490486144,0.9306386113166808,0.9260483384132384,0.931014597415924,0.9260652263959248,0.925861954689026,0.9256392121315002,0.9266945123672484,0.9231054584185282,0.9206676483154296,0.9216388463974,0.9270098805427552,0.8869539101918539,0.8919151425361633,0.8829039931297302,0.886042594909668,0.8286765813827515,0.8283659219741821,0.8333413600921631,0.8243224620819092,0.9421947201093038,0.9422359466552734,0.9402673244476318,0.944080889225006,0.8125136892000834,0.814808189868927,0.8159412145614624,0.8067916631698608,0.9364030758539836,0.9364120960235596,0.9340760111808776,0.9387211203575134,0.8433446288108826,0.8411911725997925,0.8472059369087219,0.8416367769241333,0.9420622785886128,0.9421502947807312,0.9402877688407898,0.9437487721443176
dhs_sei,300000,0,48,0.0424788954019546,2633.9655222501606,0.8475200732549032,0.845882773399353,0.8525088429450989,0.8441686034202576,0.947226901849111,0.9459401369094848,0.9465188384056092,0.9492217302322388,0.8797925511995951,0.8824658393859863,0.8807565569877625,0.8761552572250366,0.9593735535939536,0.9590914249420166,0.9590940475463868,0.959935188293457,0.9364845156669616,0.9381378889083862,0.93292236328125,0.9383932948112488,0.932507872581482,0.9327352046966552,0.932132601737976,0.9326558113098145,0.931116819381714,0.927903652191162,0.9319086074829102,0.9335381984710692,0.902625580628713,0.9057207703590392,0.9005303978919983,0.9016255736351012,0.832508901755015,0.8318543434143066,0.8386980891227722,0.8269742727279663,0.9470837910970052,0.9456753730773926,0.9463246464729308,0.949251353740692,0.8172806898752848,0.8196027874946594,0.8217101097106934,0.8105291724205017,0.9421708782513936,0.9410958290100098,0.9411081075668336,0.9443086981773376,0.8473905523618063,0.8450260758399963,0.8528425693511963,0.8443030118942261,0.9469490845998128,0.9457156658172609,0.9462182521820068,0.9489133358001708
dhs_sei,300000,1,72,0.0402254475831985,12941.835803439377,0.8560617764790853,0.8549373745918274,0.8592550158500671,0.8539929389953613,0.9536808729171752,0.9524056911468506,0.9523734450340272,0.9562634825706482,0.8831087946891785,0.88760906457901,0.8836230635643005,0.8780942559242249,0.9632580280303956,0.963829755783081,0.9622753262519836,0.9636690020561218,0.9426171779632568,0.9447803497314452,0.938291072845459,0.9447801113128662,0.9412287672360738,0.941218912601471,0.9392051696777344,0.943262219429016,0.9374574025472006,0.9348976612091064,0.9364575743675232,0.941016972064972,0.9094686110814412,0.9143111705780028,0.9073038101196288,0.906790852546692,0.8410316109657288,0.8408902287483215,0.8454707264900208,0.836733877658844,0.953553060690562,0.9521595239639282,0.9522110819816588,0.9562885761260986,0.8248557647069296,0.8278274536132812,0.8280527591705322,0.8186870813369751,0.9496365785598756,0.9485432505607604,0.9475245475769044,0.9528419375419616,0.8560603260993958,0.8542265892028809,0.8596651554107666,0.8542892336845398,0.9535404245058696,0.9522106647491456,0.952263355255127,0.9561472535133362
dhs_sei,300000,1,72,0.0402254475831985,13028.10482358886,0.8560617764790853,0.8549373745918274,0.8592550158500671,0.8539929389953613,0.9536808729171752,0.9524056911468506,0.9523734450340272,0.9562634825706482,0.8831087946891785,0.88760906457901,0.8836230635643005,0.8780942559242249,0.9632580280303956,0.963829755783081,0.9622753262519836,0.9636690020561218,0.9426171779632568,0.9447803497314452,0.938291072845459,0.9447801113128662,0.9412287672360738,0.941218912601471,0.9392051696777344,0.943262219429016,0.9374574025472006,0.9348976612091064,0.9364575743675232,0.941016972064972,0.9094686110814412,0.9143111705780028,0.9073038101196288,0.906790852546692,0.8410316109657288,0.8408902287483215,0.8454707264900208,0.836733877658844,0.953553060690562,0.9521595239639282,0.9522110819816588,0.9562885761260986,0.8248557647069296,0.8278274536132812,0.8280527591705322,0.8186870813369751,0.9496365785598756,0.9485432505607604,0.9475245475769044,0.9528419375419616,0.8560603260993958,0.8542265892028809,0.8596651554107666,0.8542892336845398,0.9535404245058696,0.9522106647491456,0.952263355255127,0.9561472535133362
dhs_sei,300000,1,72,0.0402254475831985,12924.870608082972,0.8560617764790853,0.8549373745918274,0.8592550158500671,0.8539929389953613,0.9536808729171752,0.9524056911468506,0.9523734450340272,0.9562634825706482,0.8831087946891785,0.88760906457901,0.8836230635643005,0.8780942559242249,0.9632580280303956,0.963829755783081,0.9622753262519836,0.9636690020561218,0.9426171779632568,0.9447803497314452,0.938291072845459,0.9447801113128662,0.9412287672360738,0.941218912601471,0.9392051696777344,0.943262219429016,0.9374574025472006,0.9348976612091064,0.9364575743675232,0.941016972064972,0.9094686110814412,0.9143111705780028,0.9073038101196288,0.906790852546692,0.8410316109657288,0.8408902287483215,0.8454707264900208,0.836733877658844,0.953553060690562,0.9521595239639282,0.9522110819816588,0.9562885761260986,0.8248557647069296,0.8278274536132812,0.8280527591705322,0.8186870813369751,0.9496365785598756,0.9485432505607604,0.9475245475769044,0.9528419375419616,0.8560603260993958,0.8542265892028809,0.8596651554107666,0.8542892336845398,0.9535404245058696,0.9522106647491456,0.952263355255127,0.9561472535133362
dhs_sei,300000,2,48,0.0409613635102907,2676.0968297393997,0.8527419765790304,0.8515724539756775,0.8575094938278198,0.8491439819335938,0.952350914478302,0.9507520794868468,0.9516180753707886,0.9546825885772704,0.8813921411832174,0.8855761885643005,0.8818078637123108,0.8767923712730408,0.962238589922587,0.9624407291412354,0.9611843824386596,0.9630906581878662,0.9409406781196594,0.9428417086601256,0.9366365671157836,0.9433437585830688,0.938357929388682,0.9377760887145996,0.9372431635856628,0.9400545358657836,0.9363871415456136,0.9335651397705078,0.9352669715881348,0.9403293132781982,0.9051129023234048,0.907978355884552,0.9037538170814514,0.9036065340042114,0.8375431895256042,0.837242841720581,0.8437470197677612,0.8316397070884705,0.9521725177764891,0.95025372505188,0.951457977294922,0.954805850982666,0.8227067192395529,0.8257773518562317,0.8260257840156555,0.8163170218467712,0.9481218655904134,0.9467622637748718,0.9464712142944336,0.9511321187019348,0.8527225255966187,0.8508574366569519,0.8579282760620117,0.8493818640708923,0.9521718819936116,0.9505100846290588,0.951448619365692,0.954556941986084
dhs_sei,300000,3,64,0.0393345126112302,3475.8983613150194,0.8549706339836121,0.853995144367218,0.8594627976417542,0.851453959941864,0.9541357159614564,0.9537445306777954,0.9533251523971558,0.9553374648094176,0.8833233912785848,0.8879057168960571,0.884080171585083,0.8779842853546143,0.963814616203308,0.9642102718353271,0.9631662964820862,0.964067280292511,0.9438421328862509,0.9464884400367736,0.9400709271430968,0.9449670314788818,0.9407872955004374,0.9407557249069214,0.9399206042289734,0.9416855573654176,0.939440151055654,0.937451422214508,0.9397580623626708,0.9411109685897828,0.9128143986066184,0.916172206401825,0.9111193418502808,0.911151647567749,0.839872678120931,0.8399015069007874,0.845579981803894,0.8341365456581116,0.954034944375356,0.9534895420074464,0.9532185792922974,0.9553967118263244,0.8253336946169535,0.8287544846534729,0.8292987942695618,0.8179478049278259,0.9501631458600364,0.9497948884963988,0.9487411975860596,0.95195335149765,0.8550787965456644,0.8532499670982361,0.8601309657096863,0.851855456829071,0.9539874196052552,0.9535359740257264,0.9532166719436646,0.9552096128463744
dhs_sei,300000,4,72,0.0409405088961124,3932.499961916823,0.8528371055920919,0.8533493876457214,0.8564640879631042,0.84869784116745,0.953048805395762,0.9531287550926208,0.95182466506958,0.9541929960250854,0.8836860458056132,0.8876962661743164,0.8834269046783447,0.8799349665641785,0.9622100194295248,0.9632607102394104,0.960939645767212,0.962429702281952,0.9427489837010702,0.9461535215377808,0.9379218220710754,0.9441716074943542,0.9385454058647156,0.93920236825943,0.938120186328888,0.9383136630058287,0.937524398167928,0.9367042779922484,0.936353325843811,0.9395155906677246,0.9082871079444884,0.9128672480583192,0.9065586924552916,0.9054353833198548,0.8377302289009094,0.8392260670661926,0.8424965143203735,0.8314681053161621,0.952926735083262,0.9528970718383788,0.9516112208366394,0.954271912574768,0.8228586713473002,0.8272253274917603,0.8255787491798401,0.8157719373703003,0.9485397537549336,0.9485591053962708,0.946624994277954,0.9504351615905762,0.852766772111257,0.8525510430335999,0.8568222522735596,0.8489270210266113,0.9528730511665344,0.952877402305603,0.951659619808197,0.9540821313858032
dhs_sei_synth,10000,0,25,0.12542828053236,89.7765833879821,0.4523824055989583,0.4247773885726928,0.453255295753479,0.4791145324707031,0.5103702545166016,0.4697934985160827,0.5177093744277954,0.5436078906059265,0.5167662501335144,0.4965619444847107,0.5213388204574585,0.532397985458374,0.5470452308654785,0.5204519033432007,0.5573124289512634,0.5633713603019714,0.4393706123034159,0.4172993004322052,0.4421372711658478,0.4586752653121948,0.3662312924861908,0.337588757276535,0.3742380142211914,0.3868671059608459,0.3536909222602844,0.3201738893985748,0.3607799410820007,0.3801189363002777,0.3161876300970713,0.2924940586090088,0.3004836142063141,0.3555852174758911,0.4424111743768056,0.4159192740917206,0.4459803700447082,0.465333878993988,0.5096319913864136,0.4686195850372314,0.5185262560844421,0.5417501330375671,0.4052992860476176,0.3808038234710693,0.40819051861763,0.4269035160541534,0.4728024701277415,0.4321944117546081,0.4814972579479217,0.5047157406806946,0.453231821457545,0.4252829253673553,0.4540584087371826,0.4803541302680969,0.5105849504470825,0.470222532749176,0.5176534652709961,0.5438788533210754
dhs_sei_synth,10000,1,30,0.1437357952594757,212.82323043281207,0.4450506269931793,0.4149454534053802,0.4581916630268097,0.462014764547348,0.501195639371872,0.4582549631595611,0.5224120020866394,0.5229199528694153,0.5161167780558268,0.4960663914680481,0.5234118700027466,0.5288720726966858,0.5507469773292542,0.5234643816947937,0.5654203295707703,0.5633562207221985,0.4304105142752329,0.408541202545166,0.4413069486618042,0.4413833916187286,0.3636123935381571,0.3333757519721985,0.3957968950271606,0.3616645336151123,0.3466583490371704,0.3179656863212585,0.3728162944316864,0.3491930663585663,0.3048133055369059,0.259825587272644,0.3040644526481628,0.3505498766899109,0.4348861475785573,0.4064835906028747,0.4493216276168823,0.4488532245159149,0.5003559092680613,0.4577496945858001,0.5226706862449646,0.5206473469734192,0.3988600770632426,0.3726760447025299,0.4133927226066589,0.4105114638805389,0.4662052889664967,0.4236615896224975,0.4901943802833557,0.4847598969936371,0.4461452960968017,0.4157928824424743,0.4592277407646179,0.463415265083313,0.5016906956831614,0.4589395821094513,0.5227871537208557,0.5233453512191772
dhs_sei_synth,10000,1,30,0.1437357952594757,212.00196638400664,0.4450506269931793,0.4149454534053802,0.4581916630268097,0.462014764547348,0.501195639371872,0.4582549631595611,0.5224120020866394,0.5229199528694153,0.5161167780558268,0.4960663914680481,0.5234118700027466,0.5288720726966858,0.5507469773292542,0.5234643816947937,0.5654203295707703,0.5633562207221985,0.4304105142752329,0.408541202545166,0.4413069486618042,0.4413833916187286,0.3636123935381571,0.3333757519721985,0.3957968950271606,0.3616645336151123,0.3466583490371704,0.3179656863212585,0.3728162944316864,0.3491930663585663,0.3048133055369059,0.259825587272644,0.3040644526481628,0.3505498766899109,0.4348861475785573,0.4064835906028747,0.4493216276168823,0.4488532245159149,0.5003559092680613,0.4577496945858001,0.5226706862449646,0.5206473469734192,0.3988600770632426,0.3726760447025299,0.4133927226066589,0.4105114638805389,0.4662052889664967,0.4236615896224975,0.4901943802833557,0.4847598969936371,0.4461452960968017,0.4157928824424743,0.4592277407646179,0.463415265083313,0.5016906956831614,0.4589395821094513,0.5227871537208557,0.5233453512191772
dhs_sei_synth,10000,2,55,0.1232314038276672,146.41704951040447,0.4536283016204834,0.4310019314289093,0.4415642321109772,0.4883187413215637,0.5130572120348612,0.4808686971664428,0.50285804271698,0.5554448962211609,0.4981391330560048,0.4874156415462494,0.48650062084198,0.5205011367797852,0.5284741918245951,0.5119316577911377,0.5214828848838806,0.5520080327987671,0.4434423744678497,0.4252925813198089,0.4304192364215851,0.4746153056621551,0.3775199155012766,0.3434750139713287,0.3743999600410461,0.4146847724914551,0.3754374583562215,0.3407845497131347,0.364317923784256,0.4212099015712738,0.2800982495148976,0.2572559714317322,0.2594524323940277,0.3235863447189331,0.4438669582207997,0.4201765060424804,0.4354280829429626,0.4759962856769562,0.5128300289312998,0.4786531031131744,0.5052599310874939,0.5545770525932312,0.4083905816078186,0.3871771097183227,0.3977420926094055,0.4402525424957275,0.4767130712668101,0.4423911869525909,0.4679109454154968,0.5198370814323425,0.4540604948997497,0.430654764175415,0.4423425197601318,0.4891842007637024,0.512994666894277,0.4805290699005127,0.502800464630127,0.5556544661521912
dhs_sei_synth,10000,3,32,0.1321971631050109,103.10944955190644,0.4788430829842885,0.4366144239902496,0.495400071144104,0.504514753818512,0.5396031737327576,0.48611980676651,0.5607823133468628,0.5719074010848999,0.5461874604225159,0.5135964155197144,0.5614712238311768,0.5634947419166565,0.5824229915936788,0.5461043119430542,0.6023586392402649,0.5988060235977173,0.4493560791015625,0.4210070967674255,0.4565743207931518,0.4704868197441101,0.3991776506106059,0.347134530544281,0.4304710030555725,0.4199274182319641,0.387712816397349,0.3295198082923889,0.4189091324806213,0.4147095084190368,0.2844474812348683,0.258118987083435,0.2844010591506958,0.3108223974704742,0.4670200149218241,0.4261376857757568,0.4852522015571594,0.4896701574325561,0.536775529384613,0.4831187725067138,0.5588537454605103,0.568354070186615,0.4295040965080261,0.3882150948047638,0.4490502178668976,0.451246976852417,0.4995651543140411,0.4453771412372589,0.5236173272132874,0.5297009944915771,0.4798394242922465,0.437162846326828,0.4965050518512726,0.5058503746986389,0.5399418075879415,0.4865055084228515,0.561040461063385,0.5722794532775879
dhs_sei_synth,10000,4,35,0.1405385282039642,243.6431662668474,0.4392090737819671,0.3780607581138611,0.4440707564353943,0.4954957067966461,0.4983302354812622,0.4269291758537292,0.5057147145271301,0.5623468160629272,0.4990475575129191,0.4487196207046509,0.5055955052375793,0.5428275465965271,0.5293328960736593,0.4729742407798767,0.540299117565155,0.574725329875946,0.4359617630640666,0.3951062262058258,0.4330304265022278,0.4797486364841461,0.3749980330467224,0.3136077523231506,0.3831780850887298,0.4282082617282867,0.3681414028008778,0.3076176941394806,0.3700520992279053,0.4267544150352478,0.2860917101303736,0.2379226833581924,0.2690386176109314,0.351313829421997,0.4305505752563476,0.3704819083213806,0.4379951953887939,0.4831746220588684,0.4979749917984009,0.4265785813331604,0.5065422654151917,0.5608041286468506,0.3969270090262095,0.339319109916687,0.4047845602035522,0.4466773569583893,0.4645436306794484,0.3939749896526336,0.4737825989723205,0.5258733034133911,0.4393113454182942,0.377089262008667,0.4445379972457886,0.4963067770004272,0.4979283809661865,0.4263651371002197,0.5052543878555298,0.5621656179428101
dhs_sei_synth,25000,0,67,0.1165002949237823,345.71875672601163,0.5337307651837667,0.5087165832519531,0.5285089612007141,0.5639667510986328,0.6037199894587199,0.573677659034729,0.598785936832428,0.6386963725090027,0.5968088507652283,0.5847246050834656,0.5895193815231323,0.6161825656890869,0.63999342918396,0.6203439235687256,0.6364195942878723,0.663216769695282,0.5347291429837545,0.5234571695327759,0.5229661464691162,0.5577641129493713,0.506652702887853,0.4875060617923736,0.5002186298370361,0.5322334170341492,0.5042979021867117,0.4702263176441192,0.5002527832984924,0.5424146056175232,0.4098779956499735,0.3872686922550201,0.4013751149177551,0.4409901797771454,0.5220330158869425,0.4958540797233581,0.5193768739700317,0.5508680939674377,0.601349929968516,0.5686995983123779,0.5980404615402222,0.637309730052948,0.493737131357193,0.4711516499519348,0.4897778332233429,0.5202819108963013,0.5742320815722147,0.5412551760673523,0.5718926787376404,0.6095483899116516,0.5335858464241028,0.5073789954185486,0.5287398099899292,0.5646387338638306,0.6031263669331869,0.5722770690917969,0.598267674446106,0.6388343572616577
dhs_sei_synth,25000,1,99,0.1103207472324371,1078.740453548031,0.5639993945757548,0.5328464508056641,0.5653350353240967,0.5938166975975037,0.6367740631103516,0.5987753868103027,0.638838529586792,0.67270827293396,0.6225951910018921,0.6044651865959167,0.6176413893699646,0.6456789970397949,0.6654666066169739,0.6437398791313171,0.6645174622535706,0.6881424784660339,0.5636088450749716,0.5404979586601257,0.5601363778114319,0.5901921987533569,0.5374550223350525,0.5037915110588074,0.5413452386856079,0.5672283172607422,0.5176925261815389,0.4781168103218078,0.5170935988426208,0.557867169380188,0.4430687328179677,0.4153399169445038,0.4421858787536621,0.4716804027557373,0.5533496340115865,0.5223246812820435,0.5554301142692566,0.5822941064834595,0.6361886262893677,0.5967589616775513,0.6389073133468628,0.672899603843689,0.5195258259773254,0.493472695350647,0.5181418657302856,0.5469629168510437,0.6053580443064371,0.5688731074333191,0.6058671474456787,0.6413338780403137,0.5640209913253784,0.5319938659667969,0.5658754110336304,0.594193696975708,0.6364192763964335,0.597949743270874,0.638789713382721,0.6725183725357056
dhs_sei_synth,25000,1,99,0.1103207472324371,1075.6137450290844,0.5639993945757548,0.5328464508056641,0.5653350353240967,0.5938166975975037,0.6367740631103516,0.5987753868103027,0.638838529586792,0.67270827293396,0.6225951910018921,0.6044651865959167,0.6176413893699646,0.6456789970397949,0.6654666066169739,0.6437398791313171,0.6645174622535706,0.6881424784660339,0.5636088450749716,0.5404979586601257,0.5601363778114319,0.5901921987533569,0.5374550223350525,0.5037915110588074,0.5413452386856079,0.5672283172607422,0.5176925261815389,0.4781168103218078,0.5170935988426208,0.557867169380188,0.4430687328179677,0.4153399169445038,0.4421858787536621,0.4716804027557373,0.5533496340115865,0.5223246812820435,0.5554301142692566,0.5822941064834595,0.6361886262893677,0.5967589616775513,0.6389073133468628,0.672899603843689,0.5195258259773254,0.493472695350647,0.5181418657302856,0.5469629168510437,0.6053580443064371,0.5688731074333191,0.6058671474456787,0.6413338780403137,0.5640209913253784,0.5319938659667969,0.5658754110336304,0.594193696975708,0.6364192763964335,0.597949743270874,0.638789713382721,0.6725183725357056
dhs_sei_synth,25000,2,37,0.1226221059083938,216.81478694686663,0.5024681687355042,0.4662496447563171,0.5153321027755737,0.5258227586746216,0.5666515032450358,0.5210139751434326,0.5842317342758179,0.5947088003158569,0.5557128190994263,0.5286722183227539,0.5682193040847778,0.5702469348907471,0.591650664806366,0.5582040548324585,0.6102913618087769,0.6064565777778625,0.4987499912579854,0.4720885753631592,0.5028733611106873,0.5212880373001099,0.4604333241780599,0.4200722575187683,0.4771412014961242,0.4840865135192871,0.4419126212596893,0.3978430926799774,0.4560965299606323,0.4717982411384582,0.3882963756720225,0.3609921038150787,0.3860370218753814,0.4178600013256073,0.4911913176377614,0.4569719135761261,0.5054565072059631,0.5111455321311951,0.5654083490371704,0.520821750164032,0.5837195515632629,0.5916837453842163,0.4585681358973185,0.4257054626941681,0.4699479341506958,0.4800510108470917,0.5349883735179901,0.4889303147792816,0.5516316890716553,0.5644031167030334,0.5029337008794149,0.4659481048583984,0.5160353183746338,0.5268176794052124,0.5669492681821188,0.5215434432029724,0.5844095945358276,0.5948947668075562
dhs_sei_synth,25000,3,37,0.1191895808577537,212.4355780147016,0.5318807860215505,0.4956665933132171,0.5401120781898499,0.5598636865615845,0.6044396162033081,0.560088574886322,0.6143282055854797,0.6389020681381226,0.5978622436523438,0.5717560648918152,0.6063666343688965,0.6154640316963196,0.6370196143786112,0.6043543815612793,0.6480391025543213,0.6586653590202332,0.5189361373583475,0.4870960116386413,0.5191817879676819,0.5505306124687195,0.4865192274252574,0.4366421997547149,0.5054541230201721,0.517461359500885,0.4651776949564616,0.4089740216732025,0.4777967631816864,0.5087623000144958,0.4047653377056122,0.370602548122406,0.4103986918926239,0.4332947731018066,0.5214056273301443,0.4852748215198517,0.5316458344459534,0.5472962260246277,0.6031304399172465,0.5574010610580444,0.6141311526298523,0.6378591060638428,0.4856250882148742,0.451301246881485,0.4945306479930877,0.51104336977005,0.5672550797462463,0.5203524231910706,0.578564465045929,0.6028483510017395,0.5323461890220642,0.4954190850257873,0.5408821702003479,0.5607373118400574,0.6046046614646912,0.5603043437004089,0.6144233345985413,0.6390863060951233
dhs_sei_synth,25000,4,24,0.1240408638000488,156.75238388683647,0.4727329611778259,0.4222570657730102,0.492181122303009,0.5037606954574585,0.5339592297871908,0.4675794839859009,0.5601091384887695,0.5741890668869019,0.5165156424045563,0.473526269197464,0.5366454720497131,0.5393751859664917,0.5510231852531433,0.5004333257675171,0.5786342620849609,0.5740019679069519,0.4482649167378743,0.408950537443161,0.4611652195453644,0.4746789932250976,0.4210797746976216,0.3541808724403381,0.455483466386795,0.4535749852657318,0.4050496915976206,0.3333101570606231,0.4346372485160827,0.447201669216156,0.3353506724039714,0.3096646666526794,0.3301625251770019,0.3662248253822326,0.4613845944404602,0.4132944047451019,0.4823086857795715,0.4885506927967071,0.5320112506548563,0.4661314487457275,0.559114396572113,0.5707879066467285,0.4296014904975891,0.3816975057125091,0.4501908719539642,0.4569160938262939,0.499124417702357,0.432940274477005,0.5271158814430237,0.5373170971870422,0.4736531277497609,0.4226766228675842,0.4930845201015472,0.5051982402801514,0.5344075262546539,0.4679014384746551,0.5604785680770874,0.5748425722122192
dhs_sei_synth,50000,0,51,0.0894599136352539,1679.3488689167425,0.6923492352167765,0.6820613145828247,0.6907392144203186,0.7042471766471863,0.7810719013214111,0.7687982320785522,0.7747295498847961,0.799687922000885,0.7407109340031942,0.7384414076805115,0.7346574664115906,0.7490339279174805,0.8021520972251892,0.7977328300476074,0.7990726828575134,0.8096507787704468,0.7341052293777466,0.7374547123908997,0.7149966359138489,0.7498643398284912,0.7180247902870178,0.7169005274772644,0.7101061344146729,0.7270677089691162,0.7110222578048706,0.6986488103866577,0.7012287378311157,0.7331892251968384,0.6628499031066895,0.6665458083152771,0.6477938294410706,0.6742100715637207,0.680291493733724,0.6702582240104675,0.6799184083938599,0.6906978487968445,0.7809524536132812,0.7677873373031616,0.7750014066696167,0.8000686168670654,0.6525846521059672,0.648584246635437,0.6471143364906311,0.6620553731918335,0.7590363820393881,0.7498245239257812,0.7497518658638,0.7775327563285828,0.6929004788398743,0.6820166707038879,0.6918004155158997,0.7048843502998352,0.7815261681874593,0.7691500186920166,0.7752822041511536,0.8001462817192078
dhs_sei_synth,50000,1,60,0.0868131138563156,1936.9597417456096,0.6940123240152994,0.6841315627098083,0.6916837096214294,0.7062216997146606,0.7869303425153097,0.7752237319946289,0.7803850769996643,0.8051822185516357,0.7505941390991211,0.7450588941574097,0.7490097284317017,0.757713794708252,0.8107956449190775,0.803848147392273,0.8101367354393005,0.8184020519256592,0.7352133989334106,0.7428029179573059,0.7156862020492554,0.7471510767936707,0.7225228150685629,0.7206624150276184,0.7127276062965393,0.7341784238815308,0.7107928593953451,0.6934442520141602,0.7036846876144409,0.7352496385574341,0.6689794858296713,0.6692127585411072,0.6605685353279114,0.6771571636199951,0.6809107462565104,0.6713462471961975,0.679303765296936,0.6920822262763977,0.7860574920972189,0.7734735608100891,0.7795198559761047,0.8051790595054626,0.6577306389808655,0.6520694494247437,0.6506913900375366,0.6704310774803162,0.7669182618459066,0.7571755647659302,0.7566657662391663,0.7869134545326233,0.6943249702453613,0.6838169693946838,0.6923357248306274,0.7068222165107727,0.7870596647262573,0.7751172780990601,0.7805814146995544,0.8054803013801575
dhs_sei_synth,50000,2,155,0.0725970806479454,1449.843807773199,0.7543542782465616,0.756620466709137,0.7497966885566711,0.756645679473877,0.8470811645189921,0.8500570058822632,0.8390144109725952,0.8521720767021179,0.8001126646995544,0.8047051429748535,0.7954625487327576,0.8001703023910522,0.8712538480758667,0.8748292922973633,0.8655308485031128,0.873401403427124,0.8141282995541891,0.8294588923454285,0.7973073720932007,0.815618634223938,0.7960529724756876,0.8067925572395325,0.7893264889717102,0.7920398712158203,0.7895197868347168,0.7947162389755249,0.7819660902023315,0.791877031326294,0.7631654540697733,0.7773212790489197,0.7499224543571472,0.7622526288032532,0.7405304312705994,0.7425018548965454,0.7378057241439819,0.7412837147712708,0.8466880122820536,0.8489887714385986,0.8387491106987,0.8523261547088623,0.7175536950429281,0.7223743200302124,0.711435854434967,0.7188509106636047,0.8324280381202698,0.8367845416069031,0.8221902847290039,0.8383092880249023,0.754358192284902,0.7559173107147217,0.7503135800361633,0.7568436861038208,0.84697292248408,0.8499963283538818,0.8389262557029724,0.8519961833953857
dhs_sei_synth,50000,3,66,0.0878669176101684,638.6357319131494,0.6725149552027384,0.6567200422286987,0.6675205230712891,0.6933043003082275,0.7615974545478821,0.7456232309341431,0.7513979077339172,0.7877712249755859,0.735755205154419,0.7330083250999451,0.7271601557731628,0.7470971345901489,0.7947036027908325,0.7919814586639404,0.7857877016067505,0.8063416481018066,0.7236582040786743,0.7314544320106506,0.6969054937362671,0.7426146864891052,0.6969157457351685,0.6928282976150513,0.6796048879623413,0.7183140516281128,0.6835165222485861,0.6720574498176575,0.6657734513282776,0.712718665599823,0.643460234006246,0.6474480628967285,0.6271075010299683,0.655825138092041,0.6609962979952494,0.6448233127593994,0.6576804518699646,0.6804851293563843,0.7617914080619812,0.7447812557220459,0.7522585391998291,0.7883344292640686,0.6380549867947897,0.6271534562110901,0.6297705173492432,0.6572409868240356,0.7430129647254944,0.7302647829055786,0.7293232679367065,0.769450843334198,0.6724468668301901,0.6553469896316528,0.6682778000831604,0.6937158107757568,0.7614463170369467,0.7450435161590576,0.7515050172805786,0.7877904176712036
dhs_sei_synth,50000,4,57,0.0906327613353729,1255.8954940033143,0.6742907961209615,0.6628300547599792,0.6733975410461426,0.6866447925567627,0.7606169780095419,0.7499529719352722,0.7552327513694763,0.776665210723877,0.7282978693644205,0.7221609950065613,0.7246705293655396,0.7380620837211609,0.7864077091217041,0.7804978489875793,0.7834386825561523,0.7952865958213806,0.7102863192558289,0.7170847654342651,0.6889609694480896,0.7248132228851318,0.6940189997355143,0.691831648349762,0.682931125164032,0.707294225692749,0.677672266960144,0.6646507382392883,0.6653980612754822,0.7029680013656616,0.6343428492546082,0.6393843293190002,0.6241015791893005,0.6395426392555237,0.6636936267217001,0.6523098349571228,0.6640030741691589,0.6747679710388184,0.7614524960517883,0.7499929666519165,0.7566097378730774,0.7777547836303711,0.6381204922993978,0.6308585405349731,0.6333430409431458,0.6501598954200745,0.7410821119944254,0.7310924530029297,0.7330708503723145,0.7590830326080322,0.6750852664311727,0.6623976230621338,0.6749435067176819,0.6879146695137024,0.7609378894170126,0.7499769330024719,0.755703866481781,0.7771328687667847
dhs_sei_synth,100000,0,30,0.0688157331824302,591.3567710141651,0.7656454046567281,0.766036868095398,0.7645941972732544,0.766305148601532,0.8594724337259928,0.8618533611297607,0.8531173467636108,0.8634465932846069,0.8085013429323832,0.8106063604354858,0.806399941444397,0.8084977269172668,0.8756732145945231,0.8780303597450256,0.8736514449119568,0.8753378391265869,0.8281574050585429,0.8465322256088257,0.8074794411659241,0.8304605484008789,0.8202288150787354,0.8306667804718018,0.8141466379165649,0.8158730268478394,0.8097232381502787,0.816663384437561,0.8005833029747009,0.8119230270385742,0.7898820241292318,0.8081666231155396,0.774175226688385,0.7873042225837708,0.7520126303037008,0.7526046633720398,0.7523806095123291,0.7510526180267334,0.8593850135803223,0.8610900640487671,0.8531147241592407,0.863950252532959,0.7302370071411133,0.7353885173797607,0.7273808121681213,0.7279416918754578,0.846071203549703,0.8503125309944153,0.8378066420555115,0.8500944375991821,0.76580943663915,0.7653190493583679,0.7653353214263916,0.7667739391326904,0.8595808347066244,0.8617276549339294,0.8534100651741028,0.8636047840118408
dhs_sei_synth,100000,1,32,0.067353198814392,1386.348841158906,0.7756372094154358,0.7776499390602112,0.7733436822891235,0.7759180068969727,0.8725053270657858,0.875121533870697,0.863844096660614,0.8785503506660461,0.8134251435597738,0.8157075643539429,0.8113427758216858,0.8132250905036926,0.8825955390930176,0.8852890729904175,0.8813796043395996,0.8811179399490356,0.8441485563913981,0.8618506789207458,0.8243995904922485,0.8461953997612,0.8297418753306071,0.838836669921875,0.8214260935783386,0.8289628624916077,0.826440155506134,0.8306692838668823,0.817974328994751,0.8306768536567688,0.8064523736635844,0.8228955268859863,0.7922359704971313,0.8042256236076355,0.762111226717631,0.7644192576408386,0.7614076733589172,0.7605067491531372,0.8724619746208191,0.8747175931930542,0.8637104630470276,0.8789578676223755,0.7437567512194315,0.7480999231338501,0.7407106161117554,0.7424597144126892,0.8618945678075155,0.8648039698600769,0.8523944020271301,0.8684853315353394,0.7755688230196635,0.7767421007156372,0.7738725543022156,0.7760918140411377,0.8724385102589926,0.8748596906661987,0.8639457821846008,0.878510057926178
dhs_sei_synth,100000,1,32,0.067353198814392,1382.9105809498578,0.7756372094154358,0.7776499390602112,0.7733436822891235,0.7759180068969727,0.8725053270657858,0.875121533870697,0.863844096660614,0.8785503506660461,0.8134251435597738,0.8157075643539429,0.8113427758216858,0.8132250905036926,0.8825955390930176,0.8852890729904175,0.8813796043395996,0.8811179399490356,0.8441485563913981,0.8618506789207458,0.8243995904922485,0.8461953997612,0.8297418753306071,0.838836669921875,0.8214260935783386,0.8289628624916077,0.826440155506134,0.8306692838668823,0.817974328994751,0.8306768536567688,0.8064523736635844,0.8228955268859863,0.7922359704971313,0.8042256236076355,0.762111226717631,0.7644192576408386,0.7614076733589172,0.7605067491531372,0.8724619746208191,0.8747175931930542,0.8637104630470276,0.8789578676223755,0.7437567512194315,0.7480999231338501,0.7407106161117554,0.7424597144126892,0.8618945678075155,0.8648039698600769,0.8523944020271301,0.8684853315353394,0.7755688230196635,0.7767421007156372,0.7738725543022156,0.7760918140411377,0.8724385102589926,0.8748596906661987,0.8639457821846008,0.878510057926178
dhs_sei_synth,100000,2,30,0.0669411555051803,601.8715238603763,0.7782614231109619,0.7777923345565796,0.777708888053894,0.7792830467224121,0.8740721940994263,0.8753559589385986,0.8681998252868652,0.8786607980728149,0.8158298333485922,0.8173224925994873,0.8148193359375,0.8153476715087891,0.8842958211898804,0.8870112299919128,0.8832196593284607,0.8826565742492676,0.8417095343271891,0.8613407015800476,0.8205699324607849,0.8432179689407349,0.8330127795537313,0.8412522673606873,0.8254602551460266,0.83232581615448,0.8288293679555258,0.8342452049255371,0.8212363719940186,0.8310065269470215,0.8083156744639078,0.8192606568336487,0.7949628829956055,0.8107234835624695,0.7645788788795471,0.7644290924072266,0.7656793594360352,0.7636281847953796,0.8741796811421713,0.8752326965332031,0.8681551218032837,0.8791512250900269,0.744570791721344,0.7488405704498291,0.7417013645172119,0.743170440196991,0.8628227313359579,0.8665691614151001,0.854858934879303,0.8670400977134705,0.7783846855163574,0.7770403027534485,0.7783318161964417,0.7797819375991821,0.8741896152496338,0.8753721714019775,0.8682551383972168,0.878941535949707
dhs_sei_synth,100000,3,32,0.0681070607185363,627.4096916480921,0.7698238293329874,0.774278461933136,0.7653356790542603,0.7698573470115662,0.8653003970781962,0.8696179986000061,0.8561496734619141,0.8701335191726685,0.8103484710057577,0.8128527402877808,0.8093587160110474,0.8088339567184448,0.8777235150337219,0.8817744851112366,0.8753772974014282,0.876018762588501,0.8362135092417399,0.8554431200027466,0.8170741200447083,0.8361232876777649,0.8279328544934591,0.8387635946273804,0.818610429763794,0.8264245390892029,0.8219943443934122,0.8279958963394165,0.8121887445449829,0.8257983922958374,0.7940711776415507,0.8114481568336487,0.780266284942627,0.7904990911483765,0.756502628326416,0.7610177397727966,0.753794252872467,0.7546958923339844,0.865456203619639,0.8692447543144226,0.8564128279685974,0.8707110285758972,0.7360256910324097,0.7419908046722412,0.7306581735610962,0.7354280948638916,0.8526871204376221,0.8574647903442383,0.8425039052963257,0.8580926656723022,0.7699108123779297,0.773324728012085,0.7660356163978577,0.7703720927238464,0.865457276503245,0.8694738149642944,0.856447696685791,0.8704503178596497
dhs_sei_synth,100000,4,30,0.066743010866642,608.67393407505,0.7712665994962057,0.7718788981437683,0.7705772519111633,0.7713436484336853,0.867369552453359,0.870682418346405,0.8608644008636475,0.8705618381500244,0.8089278737703959,0.8098684549331665,0.808320164680481,0.8085950016975403,0.8771257003148397,0.8794270157814026,0.8763490319252014,0.875601053237915,0.8366428017616272,0.8551225662231445,0.8160357475280762,0.8387700915336609,0.830249031384786,0.837649941444397,0.8226331472396851,0.8304640054702759,0.8253990610440572,0.8288708925247192,0.8178149461746216,0.8295113444328308,0.7960026264190674,0.810003936290741,0.780544102191925,0.7974598407745361,0.757709801197052,0.7584393620491028,0.7585036754608154,0.7561863660812378,0.8671897053718567,0.8699308633804321,0.8606917858123779,0.87094646692276,0.7368006308873495,0.7409418225288391,0.7340426445007324,0.7354174256324768,0.8549932837486267,0.8587424755096436,0.8463115692138672,0.8599258065223694,0.7711962461471558,0.7708420157432556,0.7710484862327576,0.7716982364654541,0.8671840826670328,0.8703588843345642,0.8606823682785034,0.870510995388031
dhs_sei_synth,150000,0,41,0.0554143779933452,1156.9927311157808,0.8169640898704529,0.8162603378295898,0.8191542029380798,0.815477728843689,0.9135244488716124,0.9136929512023926,0.9108763933181764,0.9160040020942688,0.8536205093065897,0.8554377555847168,0.8533667325973511,0.8520570397377014,0.928753634293874,0.9293975234031676,0.927427351474762,0.9294360280036926,0.8899440368016561,0.9007654190063475,0.8807734251022339,0.8882932662963867,0.8864841461181641,0.8904479742050171,0.8854036927223206,0.8836007714271545,0.8851194977760315,0.886622965335846,0.883032500743866,0.8857030272483826,0.8730074763298035,0.8791388273239136,0.8660639524459839,0.8738196492195129,0.8027573227882385,0.8027568459510803,0.8062419295310974,0.7992731928825378,0.913136104742686,0.9131048917770386,0.9103568196296692,0.91594660282135,0.7843073209126791,0.7864378690719604,0.7870773673057556,0.779406726360321,0.9049100478490194,0.9050098061561584,0.9022557139396667,0.9074646234512328,0.8171377380688986,0.8156638145446777,0.8197599053382874,0.8159894943237305,0.9133083820343018,0.9135231971740724,0.910627007484436,0.915774941444397
dhs_sei_synth,150000,1,25,0.0604662764588991,1608.522879000986,0.7966798543930054,0.7978502511978149,0.7963045239448547,0.7958847880363464,0.8937329252560934,0.89662104845047,0.8879233002662659,0.8966544270515442,0.8299290339152018,0.8314021825790405,0.8307273387908936,0.8276575803756714,0.8968280553817749,0.8999592661857605,0.8975474834442139,0.8929774165153503,0.8681128025054932,0.8843764066696167,0.8511752486228943,0.8687867522239685,0.8578821619351705,0.8650334477424622,0.8515061736106873,0.8571068644523621,0.8602327704429626,0.8655371069908142,0.8528301119804382,0.8623310923576355,0.8430717587471008,0.8536888360977173,0.8322054743766785,0.8433209657669067,0.7831837137540182,0.7848538160324097,0.7840876579284668,0.780609667301178,0.8939568201700846,0.8965763449668884,0.8879959583282471,0.8972981572151184,0.7664585113525391,0.7719469666481018,0.7649086713790894,0.762519896030426,0.8849539160728455,0.8893842697143555,0.8779954314231873,0.8874820470809937,0.7966327468554179,0.7969751954078674,0.7967397570610046,0.7961832880973816,0.8938120007514954,0.8966004252433777,0.8880490660667419,0.8967865109443665
dhs_sei_synth,150000,1,25,0.0604662764588991,1618.6224558369722,0.7966798543930054,0.7978502511978149,0.7963045239448547,0.7958847880363464,0.8937329252560934,0.89662104845047,0.8879233002662659,0.8966544270515442,0.8299290339152018,0.8314021825790405,0.8307273387908936,0.8276575803756714,0.8968280553817749,0.8999592661857605,0.8975474834442139,0.8929774165153503,0.8681128025054932,0.8843764066696167,0.8511752486228943,0.8687867522239685,0.8578821619351705,0.8650334477424622,0.8515061736106873,0.8571068644523621,0.8602327704429626,0.8655371069908142,0.8528301119804382,0.8623310923576355,0.8430717587471008,0.8536888360977173,0.8322054743766785,0.8433209657669067,0.7831837137540182,0.7848538160324097,0.7840876579284668,0.780609667301178,0.8939568201700846,0.8965763449668884,0.8879959583282471,0.8972981572151184,0.7664585113525391,0.7719469666481018,0.7649086713790894,0.762519896030426,0.8849539160728455,0.8893842697143555,0.8779954314231873,0.8874820470809937,0.7966327468554179,0.7969751954078674,0.7967397570610046,0.7961832880973816,0.8938120007514954,0.8966004252433777,0.8880490660667419,0.8967865109443665
dhs_sei_synth,150000,2,40,0.0529711444556713,1149.9174906699918,0.8226218620936075,0.8221585750579834,0.8242145776748657,0.8214924335479736,0.919208268324534,0.9199135303497314,0.9162328839302064,0.9214783906936646,0.8574462135632833,0.8609095215797424,0.8565026521682739,0.8549264669418335,0.9350375334421792,0.9370761513710022,0.9329068064689636,0.9351296424865724,0.8994491298993429,0.91004741191864,0.8894446492195129,0.8988553285598755,0.8920982082684835,0.8950837254524231,0.8902797102928162,0.8909311890602112,0.8885137836138407,0.8912071585655212,0.8832064867019653,0.8911277055740356,0.8800782163937887,0.8854762315750122,0.8741969466209412,0.8805614709854126,0.8083430926005045,0.8087899088859558,0.8115348815917969,0.804704487323761,0.9190130432446798,0.9196146726608276,0.9160125851631165,0.9214118719100952,0.7910430630048116,0.7953547835350037,0.7921560406684875,0.7856183648109436,0.911841074625651,0.913380801677704,0.907505989074707,0.9146364331245422,0.8226208090782166,0.8215182423591614,0.8248063325881958,0.8215378522872925,0.9188714226086936,0.91963130235672,0.9159875512123108,0.9209954142570496
dhs_sei_synth,150000,3,25,0.0603541046937306,733.7405485697091,0.7947383324305216,0.7981891632080078,0.7936293482780457,0.7923964858055115,0.8918253779411316,0.8959020972251892,0.88554847240448,0.8940255641937256,0.8272000948588053,0.8304234743118286,0.8271697759628296,0.8240070343017578,0.8954285780588785,0.9005279541015625,0.8948020935058594,0.8909556865692139,0.865483283996582,0.8808803558349609,0.849655270576477,0.8659142255783081,0.8594128489494324,0.8680071830749512,0.8542695045471191,0.8559618592262268,0.8604034582773844,0.866470456123352,0.8538957238197327,0.8608441948890686,0.8451014558474222,0.8559185266494751,0.8351781368255615,0.8442077040672302,0.78142249584198,0.7851079106330872,0.7816097140312195,0.7775498628616333,0.8921487331390381,0.8958353996276855,0.8857777118682861,0.8948330879211426,0.7623854080835978,0.7685456275939941,0.7605968713760376,0.7580137252807617,0.882029116153717,0.8868666291236877,0.8745706081390381,0.8846501111984253,0.7947772145271301,0.7973482012748718,0.7943599224090576,0.7926235198974609,0.8919893304506937,0.89593505859375,0.8857932686805725,0.8942396640777588
dhs_sei_synth,150000,4,39,0.0530553716997305,1129.595912622288,0.8192005356152853,0.8167396783828735,0.8249539136886597,0.8159080147743225,0.9184568921724956,0.9165198802947998,0.9194563031196594,0.9193944931030272,0.8581782778104147,0.8590322732925415,0.8587979078292847,0.8567046523094177,0.9345468680063884,0.9341535568237304,0.9349290132522584,0.9345580339431764,0.8983141978581747,0.9069868326187134,0.8913500308990479,0.8966057300567627,0.8926383256912231,0.8919309377670288,0.896086573600769,0.8898974657058716,0.8920443455378214,0.8902920484542847,0.8942981958389282,0.8915427923202515,0.8822507460912069,0.8865870833396912,0.8767557740211487,0.8834093809127808,0.8047335346539816,0.8029119968414307,0.8117824792861938,0.7995061278343201,0.91825137535731,0.9158992767333984,0.9192551970481871,0.9195996522903442,0.7877135674158732,0.7887207865715027,0.7933169007301331,0.7811030149459839,0.9108581940333048,0.9094629883766174,0.9113890528678894,0.9117225408554076,0.8189416329065958,0.8156037926673889,0.8252805471420288,0.8159405589103699,0.9181034962336222,0.9160301685333252,0.919195294380188,0.9190850257873536
dhs_sei_synth,200000,0,56,0.044811120057106,2060.584759693127,0.8465590874354044,0.8429477214813232,0.8507257103919983,0.8460038304328918,0.9449211557706196,0.942160427570343,0.9441351890563964,0.9484678506851196,0.8752167026201884,0.8770889639854431,0.8761240243911743,0.8724371194839478,0.9560431838035583,0.9548794031143188,0.9554709196090698,0.9577792286872864,0.932294269402822,0.93300062417984,0.9284819960594176,0.9354001879692078,0.9265549381573996,0.9248393774032592,0.926234781742096,0.9285906553268432,0.9237503012021384,0.920285940170288,0.923759400844574,0.9272055625915528,0.9161101380983988,0.9147066473960876,0.9149977564811708,0.9186260104179382,0.8317503333091736,0.8289194107055664,0.8373976945877075,0.8289338946342468,0.9451496005058287,0.9421826601028442,0.9443897604942322,0.9488763809204102,0.8156995971997579,0.8153796792030334,0.8197426795959473,0.811976432800293,0.9398912986119587,0.936870574951172,0.938804030418396,0.9439992904663086,0.846678098042806,0.8422545194625854,0.8512832522392273,0.8464965224266052,0.9448620279630026,0.9420753717422484,0.9440956115722656,0.9484151005744934
dhs_sei_synth,200000,1,44,0.0466048834979534,3607.0427283539902,0.8405314087867737,0.8376109004020691,0.84391850233078,0.8400648236274719,0.9388009707132976,0.9352714419364928,0.9386867880821228,0.9424446821212769,0.8716384569803873,0.8729740381240845,0.8721675276756287,0.869773805141449,0.9475237329800924,0.9468178749084472,0.9477211236953736,0.9480322003364564,0.9236237208048502,0.9249345064163208,0.9205464124679564,0.9253902435302734,0.9165930350621542,0.9155169129371644,0.916350483894348,0.91791170835495,0.9158639311790466,0.913432478904724,0.9155882596969604,0.9185710549354552,0.909372886021932,0.9091668725013732,0.9071107506752014,0.9118410348892212,0.8258733948071798,0.8238489031791687,0.8305752277374268,0.8231960535049438,0.9388100306193032,0.9352761507034302,0.9384117126464844,0.9427422285079956,0.8086831370989481,0.8087975382804871,0.8121508359909058,0.8051010370254517,0.9322025775909424,0.9291753172874452,0.93110328912735,0.9363291263580322,0.8406098087628683,0.837117075920105,0.8442725539207458,0.8404397964477539,0.938712239265442,0.9352999925613404,0.9385315179824828,0.9423052072525024
dhs_sei_synth,200000,1,44,0.0466048834979534,3628.9589920528233,0.8405314087867737,0.8376109004020691,0.84391850233078,0.8400648236274719,0.9388009707132976,0.9352714419364928,0.9386867880821228,0.9424446821212769,0.8716384569803873,0.8729740381240845,0.8721675276756287,0.869773805141449,0.9475237329800924,0.9468178749084472,0.9477211236953736,0.9480322003364564,0.9236237208048502,0.9249345064163208,0.9205464124679564,0.9253902435302734,0.9165930350621542,0.9155169129371644,0.916350483894348,0.91791170835495,0.9158639311790466,0.913432478904724,0.9155882596969604,0.9185710549354552,0.909372886021932,0.9091668725013732,0.9071107506752014,0.9118410348892212,0.8258733948071798,0.8238489031791687,0.8305752277374268,0.8231960535049438,0.9388100306193032,0.9352761507034302,0.9384117126464844,0.9427422285079956,0.8086831370989481,0.8087975382804871,0.8121508359909058,0.8051010370254517,0.9322025775909424,0.9291753172874452,0.93110328912735,0.9363291263580322,0.8406098087628683,0.837117075920105,0.8442725539207458,0.8404397964477539,0.938712239265442,0.9352999925613404,0.9385315179824828,0.9423052072525024
dhs_sei_synth,200000,2,56,0.0449132953882217,2088.7769705853425,0.844283918539683,0.842690646648407,0.8477482795715332,0.8424128293991089,0.9414562384287516,0.9401371479034424,0.9400509595870972,0.9441806077957152,0.8746506770451864,0.8776299953460693,0.8755081295967102,0.8708139061927795,0.954691211382548,0.9538638591766356,0.9544326663017272,0.955777108669281,0.9277654886245728,0.9307992458343506,0.9229336380958556,0.929563581943512,0.9228229324022929,0.9245200753211976,0.920940399169922,0.9230083227157592,0.9193496108055116,0.9179174304008484,0.9179304838180542,0.9222009181976318,0.911154051621755,0.9116584658622742,0.9086480736732484,0.9131556153297424,0.8293272058169047,0.8286110162734985,0.8343048095703125,0.8250657916069031,0.9412752787272136,0.9397368431091307,0.939811646938324,0.9442773461341858,0.8119617899258932,0.81410813331604,0.8150411248207092,0.8067361116409302,0.9354891777038574,0.9345203042030334,0.9328743815422058,0.939072847366333,0.8443547685941061,0.8419516682624817,0.8483185768127441,0.8427940607070923,0.941236674785614,0.9399088621139526,0.939833402633667,0.9439677596092224
dhs_sei_synth,200000,3,44,0.0486491522550582,1627.0474880351685,0.836510181427002,0.8342251777648926,0.8388782143592834,0.8364271521568298,0.9336355725924174,0.9316271543502808,0.9318637847900392,0.9374157786369324,0.8669866919517517,0.8720225691795349,0.8655189871788025,0.8634185194969177,0.947067399819692,0.947974979877472,0.945172905921936,0.948054313659668,0.9168944358825684,0.918815851211548,0.9118559956550598,0.9200114607810974,0.9107839067776998,0.911967158317566,0.909321665763855,0.9110628962516784,0.9108947118123372,0.9085299372673036,0.909761369228363,0.9143928289413452,0.901819626490275,0.903321087360382,0.8982036709785461,0.903934121131897,0.8216854731241862,0.820283830165863,0.8254944682121277,0.8192781209945679,0.9334539175033568,0.931357204914093,0.9315610527992249,0.9374434947967528,0.8045931458473206,0.8052346706390381,0.8073792457580566,0.8011655211448669,0.9273638327916464,0.9255085587501526,0.9247284531593324,0.931854486465454,0.8366580009460449,0.8335525989532471,0.8394941687583923,0.8369272351264954,0.933468242486318,0.931516408920288,0.9316554665565492,0.9372328519821168
dhs_sei_synth,200000,4,43,0.0466831915795803,1598.3972058352083,0.8399659792582194,0.8400298357009888,0.8432188034057617,0.8366492986679077,0.937744140625,0.9354156255722046,0.9365411400794984,0.9412756562232972,0.8704538742701212,0.8726882934570312,0.8702208995819092,0.8684524297714233,0.947250803311666,0.9469730854034424,0.946947991847992,0.9478313326835632,0.9210953911145529,0.9199758172035216,0.9184911847114564,0.9248191714286804,0.914591630299886,0.9141948223114014,0.914414644241333,0.9151654243469238,0.9135981798171996,0.9105823040008544,0.9121456146240234,0.9180666208267212,0.9064627091089884,0.906202793121338,0.904627799987793,0.9085575342178344,0.8252273996671041,0.8260309100151062,0.8299775719642639,0.8196737170219421,0.9376206000645956,0.935235857963562,0.9363234043121338,0.9413025379180908,0.8078741629918417,0.810040295124054,0.8114790916442871,0.8021031022071838,0.9311838348706564,0.9292653799057008,0.9291279315948486,0.9351581931114196,0.8400525649388632,0.8396040797233582,0.8436612486839294,0.8368923664093018,0.9375990231831868,0.9353690147399902,0.9363163709640504,0.94111168384552
dhs_sei_synth,300000,0,48,0.0438323671440283,2635.606761563104,0.8483076890309652,0.8469799757003784,0.8521514534950256,0.8457916378974915,0.9455898801485696,0.9441370964050292,0.9449480772018432,0.9476844668388368,0.8792378306388855,0.8826858997344971,0.8791556358337402,0.8758719563484192,0.958493153254191,0.9583393335342408,0.9576601386070251,0.9594799876213074,0.9333033561706544,0.9353910088539124,0.9289548397064208,0.9355642199516296,0.9276369412740072,0.9271757006645204,0.9276626706123352,0.928072452545166,0.9264357288678488,0.923656702041626,0.9266583919525146,0.9289920926094056,0.91814786195755,0.9177237749099731,0.916759192943573,0.919960618019104,0.8336483836174011,0.8332863450050354,0.8387483954429626,0.8289104104042053,0.9455278515815736,0.9439932703971864,0.9447345733642578,0.9478557109832764,0.817437469959259,0.819561243057251,0.820855975151062,0.8118951916694641,0.9403105775515238,0.9388309717178344,0.9388900399208068,0.9432107210159302,0.8483111461003622,0.8461910486221313,0.8526147603988647,0.8461276292800903,0.945408284664154,0.943958342075348,0.9447520971298218,0.9475144147872924
dhs_sei_synth,300000,1,72,0.0412446464300155,12954.300989083946,0.8554732203483582,0.8539509177207947,0.8598043322563171,0.8526644110679626,0.95225860675176,0.9501229524612428,0.952446699142456,0.9542061686515808,0.8829734722773234,0.8843216896057129,0.88411945104599,0.8804792761802673,0.9625423749287924,0.961357831954956,0.962729811668396,0.9635394811630248,0.9417125384012858,0.9446619153022766,0.9384421706199646,0.9420335292816162,0.9362679719924928,0.9363115429878236,0.9356998205184937,0.9367925524711608,0.9339388410250344,0.9322818517684937,0.9331522583961488,0.9363824129104614,0.9276538292566936,0.9274019598960876,0.9271211624145508,0.928438365459442,0.8404843807220459,0.8396161198616028,0.8463400602340698,0.8354969620704651,0.952109694480896,0.9498250484466552,0.9522718787193298,0.9542321562767028,0.8239132761955261,0.8251934051513672,0.8288264870643616,0.8177199363708496,0.9473146001497904,0.9450793862342834,0.9471922516822816,0.9496721625328064,0.8555669188499451,0.8532786965370178,0.8603547811508179,0.8530672788619995,0.9521099726359048,0.9499387741088868,0.9523317813873292,0.954059362411499
dhs_sei_synth,300000,1,72,0.0412446464300155,13037.477170690894,0.8554732203483582,0.8539509177207947,0.8598043322563171,0.8526644110679626,0.95225860675176,0.9501229524612428,0.952446699142456,0.9542061686515808,0.8829734722773234,0.8843216896057129,0.88411945104599,0.8804792761802673,0.9625423749287924,0.961357831954956,0.962729811668396,0.9635394811630248,0.9417125384012858,0.9446619153022766,0.9384421706199646,0.9420335292816162,0.9362679719924928,0.9363115429878236,0.9356998205184937,0.9367925524711608,0.9339388410250344,0.9322818517684937,0.9331522583961488,0.9363824129104614,0.9276538292566936,0.9274019598960876,0.9271211624145508,0.928438365459442,0.8404843807220459,0.8396161198616028,0.8463400602340698,0.8354969620704651,0.952109694480896,0.9498250484466552,0.9522718787193298,0.9542321562767028,0.8239132761955261,0.8251934051513672,0.8288264870643616,0.8177199363708496,0.9473146001497904,0.9450793862342834,0.9471922516822816,0.9496721625328064,0.8555669188499451,0.8532786965370178,0.8603547811508179,0.8530672788619995,0.9521099726359048,0.9499387741088868,0.9523317813873292,0.954059362411499
dhs_sei_synth,300000,1,72,0.0412446464300155,12940.713912171776,0.8554732203483582,0.8539509177207947,0.8598043322563171,0.8526644110679626,0.95225860675176,0.9501229524612428,0.952446699142456,0.9542061686515808,0.8829734722773234,0.8843216896057129,0.88411945104599,0.8804792761802673,0.9625423749287924,0.961357831954956,0.962729811668396,0.9635394811630248,0.9417125384012858,0.9446619153022766,0.9384421706199646,0.9420335292816162,0.9362679719924928,0.9363115429878236,0.9356998205184937,0.9367925524711608,0.9339388410250344,0.9322818517684937,0.9331522583961488,0.9363824129104614,0.9276538292566936,0.9274019598960876,0.9271211624145508,0.928438365459442,0.8404843807220459,0.8396161198616028,0.8463400602340698,0.8354969620704651,0.952109694480896,0.9498250484466552,0.9522718787193298,0.9542321562767028,0.8239132761955261,0.8251934051513672,0.8288264870643616,0.8177199363708496,0.9473146001497904,0.9450793862342834,0.9471922516822816,0.9496721625328064,0.8555669188499451,0.8532786965370178,0.8603547811508179,0.8530672788619995,0.9521099726359048,0.9499387741088868,0.9523317813873292,0.954059362411499
dhs_sei_synth,300000,2,41,0.0423948016027609,2303.3197986749,0.8501178622245789,0.8470906019210815,0.8550430536270142,0.8482199311256409,0.94795560836792,0.946353554725647,0.9472461938858032,0.9502670764923096,0.8781958619753519,0.8808216452598572,0.8791356086730957,0.874630331993103,0.9569536050160726,0.9571386575698853,0.9566322565078736,0.957089900970459,0.935330053170522,0.937503218650818,0.9314624667167664,0.937024474143982,0.9290364384651184,0.9294076561927797,0.9280833005905152,0.9296183586120604,0.9274635116259256,0.9257373809814452,0.9273196458816528,0.929333508014679,0.9225552082061768,0.9224306344985962,0.9212511777877808,0.9239838123321532,0.8350639939308167,0.8328962922096252,0.8415955901145935,0.8307000994682312,0.9478657245635986,0.9461498856544496,0.9471657276153564,0.95028156042099,0.8189688722292582,0.8201970458030701,0.8234856128692627,0.8132239580154419,0.9425319830576578,0.941312849521637,0.9412527680397034,0.9450303316116332,0.850094735622406,0.8462530374526978,0.8555106520652771,0.8485205173492432,0.9478091398874918,0.9461717009544371,0.9471164345741272,0.9501392841339112
dhs_sei_synth,300000,3,72,0.0412552818139394,3897.680539480876,0.8557339708010355,0.8555799722671509,0.8586503267288208,0.852971613407135,0.954205056031545,0.9538758993148804,0.953100860118866,0.9556384086608888,0.8836157520612081,0.8876439332962036,0.8842232823371887,0.8789800405502319,0.9634683926900228,0.9638901352882384,0.9626099467277528,0.9639050960540771,0.9429863095283508,0.9447977542877196,0.93882018327713,0.9453409910202026,0.9393968979517618,0.9400697946548462,0.937775731086731,0.9403451681137084,0.9382868806521096,0.936074674129486,0.937919855117798,0.9408661127090454,0.9263459046681722,0.9266350865364076,0.9250438809394836,0.9273587465286256,0.8409360845883688,0.8419215083122253,0.8450930714607239,0.835793673992157,0.9540752371152242,0.9536751508712769,0.9528589844703674,0.9556915760040284,0.8244460423787435,0.8274773359298706,0.8276330828666687,0.8182277083396912,0.9494245449701944,0.9487860202789308,0.9478548169136048,0.951632797718048,0.8558733661969503,0.8548986315727234,0.8592237234115601,0.8534977436065674,0.9540671904881796,0.9537637233734132,0.952937126159668,0.9555007219314576
dhs_sei_synth,300000,4,72,0.0402448286553223,3937.181905823294,0.8555344144503275,0.8546614646911621,0.8591681122779846,0.8527736663818359,0.9542952577273052,0.9530977606773376,0.9532283544540404,0.9565596580505372,0.884264330069224,0.8875145316123962,0.8850514888763428,0.8802269697189331,0.963659425576528,0.963042140007019,0.963477909564972,0.9644582271575928,0.9450761477152506,0.9466124176979064,0.9406589269638062,0.9479570984840392,0.9393474459648132,0.9381616711616516,0.9388867020606996,0.9409939646720886,0.9374439517656962,0.9351006150245668,0.937043309211731,0.940187931060791,0.9305928746859232,0.9300220608711244,0.930244505405426,0.9315120577812196,0.8407719930013021,0.8407407999038696,0.8460017442703247,0.8355734348297119,0.9542529582977296,0.952972948551178,0.9531172513961792,0.9566686749458312,0.8252919514973959,0.8277513384819031,0.8290074467658997,0.8191170692443848,0.950008491675059,0.9484671354293824,0.9489293694496156,0.9526289701461792,0.8556816180547079,0.8539862036705017,0.8598288893699646,0.8532297611236572,0.9541951815287272,0.952951192855835,0.953130066394806,0.9565042853355408
dhs_stratified,10000,0,33,0.1127455158233642,106.30086258705704,0.4310038089752197,0.3963629305362701,0.4283433556556701,0.4683051407337188,0.4877770245075226,0.4463618695735931,0.4864486455917358,0.5305205583572388,0.4841320812702179,0.4576903283596039,0.4826169610023498,0.5120889544487,0.5144686301549276,0.4848839044570923,0.5162518620491028,0.5422701239585876,0.4359958271185557,0.4160192608833313,0.4246481359004974,0.4673200845718384,0.3798292179902394,0.3322987258434295,0.3867920339107513,0.4203968942165375,0.385972132285436,0.3397492170333862,0.3891526162624359,0.4290145635604858,0.2929751276969909,0.2751581966876983,0.2745701968669891,0.3291969895362854,0.424617846806844,0.3893538117408752,0.4234237670898437,0.4610759615898132,0.4892102181911468,0.4456337392330169,0.4891067147254944,0.5328902006149292,0.3975048263867696,0.3624727725982666,0.3995288908481598,0.4305128157138824,0.4633444646994273,0.4187821745872497,0.4669339954853058,0.5043172240257263,0.431622177362442,0.3965348303318023,0.4289736747741699,0.4693580269813537,0.4878632922967275,0.4464110136032104,0.4863594472408294,0.5308194160461426
dhs_stratified,10000,1,22,0.1059281445741653,184.2642283570021,0.2952693998813629,0.1983953714370727,0.3373722732067108,0.3500405550003052,0.3275707513093948,0.2194487005472183,0.3759351968765259,0.3873283565044403,0.296942392985026,0.194450706243515,0.3421070575714111,0.354269415140152,0.31614451110363,0.212128683924675,0.364336222410202,0.3719686269760132,0.2836640030145645,0.1929012387990951,0.316068947315216,0.3420218229293823,0.2988343636194865,0.2121709585189819,0.3347616195678711,0.3495705127716064,0.322472999493281,0.2416255474090576,0.3448186814785003,0.3809747695922851,0.2116955469051996,0.1575455218553543,0.2034783959388733,0.2740627229213714,0.2937986999750137,0.2004639655351638,0.3335717916488647,0.3473603427410126,0.3311576843261719,0.2248009145259857,0.3782715797424316,0.3904005587100982,0.2827463050683339,0.1982663571834564,0.3197638690471649,0.3302086889743805,0.3239205280939738,0.2250617444515228,0.3681260645389557,0.3785737752914428,0.2953365047772725,0.1985214054584503,0.3373551368713379,0.3501329720020294,0.327415997783343,0.2195735722780227,0.3757201135158539,0.3869543075561523
dhs_stratified,10000,1,22,0.1059281445741653,179.4209228339605,0.2952693998813629,0.1983953714370727,0.3373722732067108,0.3500405550003052,0.3275707513093948,0.2194487005472183,0.3759351968765259,0.3873283565044403,0.296942392985026,0.194450706243515,0.3421070575714111,0.354269415140152,0.31614451110363,0.212128683924675,0.364336222410202,0.3719686269760132,0.2836640030145645,0.1929012387990951,0.316068947315216,0.3420218229293823,0.2988343636194865,0.2121709585189819,0.3347616195678711,0.3495705127716064,0.322472999493281,0.2416255474090576,0.3448186814785003,0.3809747695922851,0.2116955469051996,0.1575455218553543,0.2034783959388733,0.2740627229213714,0.2937986999750137,0.2004639655351638,0.3335717916488647,0.3473603427410126,0.3311576843261719,0.2248009145259857,0.3782715797424316,0.3904005587100982,0.2827463050683339,0.1982663571834564,0.3197638690471649,0.3302086889743805,0.3239205280939738,0.2250617444515228,0.3681260645389557,0.3785737752914428,0.2953365047772725,0.1985214054584503,0.3373551368713379,0.3501329720020294,0.327415997783343,0.2195735722780227,0.3757201135158539,0.3869543075561523
dhs_stratified,10000,2,22,0.1061332247257232,89.59893026715145,0.3867305715878804,0.3523036241531372,0.4060494303703308,0.4018386602401733,0.4365191161632538,0.3898406028747558,0.4612139165401459,0.4585028290748596,0.4125376343727112,0.3812529444694519,0.4289222061634063,0.4274377524852752,0.4399404029051463,0.4050282537937164,0.4624706506729126,0.4523223042488098,0.378532350063324,0.3542800843715668,0.3936674892902374,0.3876494765281677,0.3273247480392456,0.2895780801773071,0.3673336803913116,0.325062483549118,0.3305964867273966,0.292943388223648,0.3651017248630523,0.3337443470954895,0.2495128413041432,0.2258471846580505,0.2504942715167999,0.2721970677375793,0.3785005708535512,0.3468570411205292,0.397786796092987,0.3908578753471374,0.4360617200533549,0.3907178938388824,0.4608932733535766,0.4565739929676056,0.3528323670228322,0.3224766254425049,0.3740506470203399,0.3619698286056518,0.4124475121498108,0.3692720532417297,0.4405319392681122,0.4275385439395904,0.3872806032498677,0.3527034223079681,0.4064312875270843,0.4027070999145508,0.4364001750946045,0.3898354768753052,0.4609950482845306,0.4583700001239776
dhs_stratified,10000,3,25,0.1072394742369651,93.25420269090682,0.4323264360427856,0.4094329178333282,0.4335179328918457,0.454028457403183,0.4877268771330516,0.4515002369880676,0.4947327673435211,0.5169476270675659,0.4886433084805806,0.4729022979736328,0.4919456243515014,0.5010820031166077,0.5195648471514384,0.498319149017334,0.5267488956451416,0.5336264967918396,0.4319096207618713,0.4091396629810333,0.4347267150878906,0.45186248421669,0.3781654040018717,0.3471280336380005,0.3885087668895721,0.3988594114780426,0.3608447213967641,0.3263268172740936,0.3677896559238434,0.3884176909923553,0.2823620736598968,0.2588675618171692,0.2692993581295013,0.31891930103302,0.425096462170283,0.4040692448616028,0.4272593259811401,0.4439608156681061,0.4887591699759165,0.4532323181629181,0.4956817626953125,0.517363429069519,0.3938480913639068,0.3750561475753784,0.395216703414917,0.4112714231014251,0.4609124263127644,0.4257885813713074,0.4678300619125366,0.4891186356544494,0.43332173426946,0.4105364382266998,0.4342739284038543,0.4551548361778259,0.4878692825635274,0.4522385001182556,0.4942748546600342,0.5170944929122925
dhs_stratified,10000,4,30,0.1114955668449401,133.2200023601763,0.4192914068698883,0.3580667078495025,0.4375066757202148,0.4623008370399475,0.4751536250114441,0.4044138789176941,0.5005308389663696,0.5205161571502686,0.4804750780264537,0.4279917776584625,0.5009739398956299,0.5124595165252686,0.5045323371887207,0.4477606415748596,0.5305947065353394,0.5352416634559631,0.4319854378700256,0.3848747909069061,0.4454773068428039,0.4656042158603668,0.3879368503888448,0.3175773620605469,0.4103870093822479,0.4358461797237396,0.3933458626270294,0.32594695687294,0.4125287532806396,0.4415618777275085,0.2884287039438883,0.2604210078716278,0.2778899073600769,0.3269751965999603,0.4142149786154429,0.3538988530635834,0.4329858124256134,0.4557602703571319,0.4773721694946289,0.4063581228256225,0.5025106072425842,0.5232477784156799,0.3911378184954325,0.3336209058761596,0.4090170562267303,0.4307754933834076,0.4556089142958323,0.3843247592449188,0.4800213575363159,0.5024806261062622,0.4189810852209727,0.3565950095653534,0.4375546276569366,0.462793618440628,0.4742615222930908,0.4030496180057525,0.4997821152210235,0.5199528336524963
dhs_stratified,25000,0,90,0.0909612769842147,450.4172221696936,0.558877189954122,0.5295833349227905,0.5615717172622681,0.5854765176773071,0.6296220620473226,0.5952802300453186,0.6319084167480469,0.6616775393486023,0.6086127559343973,0.5921497941017151,0.6076640486717224,0.6260244250297546,0.6529882748921713,0.6331433057785034,0.6554039716720581,0.6704175472259521,0.586387554804484,0.5733216404914856,0.5744946002960205,0.611346423625946,0.5462192098299662,0.5089675188064575,0.5456809401512146,0.5840091705322266,0.5530145366986593,0.5151676535606384,0.5504444241523743,0.5934315323829651,0.4364108343919118,0.4303300380706787,0.416996568441391,0.4619058966636657,0.5484061439832052,0.5182185173034668,0.5532707571983337,0.5737291574478149,0.6293327808380127,0.5938982963562012,0.6321630477905273,0.6619369983673096,0.522537370522817,0.4931666851043701,0.525858461856842,0.5485869646072388,0.6066659887631735,0.5710572004318237,0.6072104573249817,0.6417303085327148,0.5588356653849283,0.5287877321243286,0.5618401169776917,0.5858791470527649,0.6290764609972636,0.5946521162986755,0.6313794255256653,0.66119784116745
dhs_stratified,25000,1,69,0.0925616174936294,782.4378626381513,0.5549720525741577,0.5329382419586182,0.548833966255188,0.583143949508667,0.6242518822352091,0.5947647094726562,0.6188684105873108,0.6591225266456604,0.5959403316179911,0.5765372514724731,0.5953336358070374,0.6159501075744629,0.6402414441108704,0.6177915334701538,0.6432977318763733,0.659635066986084,0.5704712073008219,0.5522325038909912,0.5595366954803467,0.5996444225311279,0.5439664125442505,0.5132511854171753,0.5362154245376587,0.5824326276779175,0.5489760239919027,0.5198688507080078,0.5363253951072693,0.5907338261604309,0.4203095237414042,0.4078956842422485,0.4046232998371124,0.4484095871448517,0.5458906888961792,0.5244123935699463,0.5412404537200928,0.5720192193984985,0.6249035994211832,0.5952057838439941,0.6200821995735168,0.6594228148460388,0.518274168173472,0.4971190094947815,0.512964129447937,0.5447393655776978,0.6028783520062765,0.5741758346557617,0.5965319871902466,0.637927234172821,0.5552840034166971,0.5326182842254639,0.5492132306098938,0.5840204954147339,0.6240350802739462,0.5945989489555359,0.6185606718063354,0.658945620059967
dhs_stratified,25000,1,69,0.0925616174936294,775.3884038920514,0.5549720525741577,0.5329382419586182,0.548833966255188,0.583143949508667,0.6242518822352091,0.5947647094726562,0.6188684105873108,0.6591225266456604,0.5959403316179911,0.5765372514724731,0.5953336358070374,0.6159501075744629,0.6402414441108704,0.6177915334701538,0.6432977318763733,0.659635066986084,0.5704712073008219,0.5522325038909912,0.5595366954803467,0.5996444225311279,0.5439664125442505,0.5132511854171753,0.5362154245376587,0.5824326276779175,0.5489760239919027,0.5198688507080078,0.5363253951072693,0.5907338261604309,0.4203095237414042,0.4078956842422485,0.4046232998371124,0.4484095871448517,0.5458906888961792,0.5244123935699463,0.5412404537200928,0.5720192193984985,0.6249035994211832,0.5952057838439941,0.6200821995735168,0.6594228148460388,0.518274168173472,0.4971190094947815,0.512964129447937,0.5447393655776978,0.6028783520062765,0.5741758346557617,0.5965319871902466,0.637927234172821,0.5552840034166971,0.5326182842254639,0.5492132306098938,0.5840204954147339,0.6240350802739462,0.5945989489555359,0.6185606718063354,0.658945620059967
dhs_stratified,25000,2,102,0.0950564465284347,512.9997339788824,0.5651169816652933,0.5325198769569397,0.5704319477081299,0.5923991203308105,0.6351641217867533,0.5952500104904175,0.6425644755363464,0.6676778793334961,0.621129314104716,0.6074854135513306,0.6202296018600464,0.635672926902771,0.6660287777582804,0.6502081751823425,0.6675563454627991,0.6803218126296997,0.5823004643122355,0.5678900480270386,0.5742507576942444,0.6047605872154236,0.5586938261985779,0.5266907811164856,0.5583005547523499,0.5910901427268982,0.5541887879371643,0.5111937522888184,0.5552521347999573,0.5961204767227173,0.4299568732579549,0.4169342815876007,0.4210370779037475,0.4518992602825165,0.5553162296613058,0.5229072570800781,0.5617414712905884,0.5812999606132507,0.6354032158851624,0.5948086380958557,0.6430680751800537,0.6683329343795776,0.5291662712891897,0.499204009771347,0.5338464379310608,0.5544483661651611,0.6133113106091818,0.57368004322052,0.6182136535644531,0.648040235042572,0.5653309226036072,0.5317595601081848,0.5711197853088379,0.5931134223937988,0.6348272363344828,0.5944471955299377,0.6424336433410645,0.6676008701324463
dhs_stratified,25000,3,85,0.0924379905223846,427.2681133300066,0.5577889879544576,0.5256043076515198,0.560783326625824,0.586979329586029,0.6253859798113505,0.5877211093902588,0.6297309994697571,0.6587058305740356,0.5996900995572408,0.5797101855278015,0.5993972420692444,0.6199628710746765,0.6417739391326904,0.6173063516616821,0.6460103392601013,0.6620051264762878,0.5784604748090109,0.5548558831214905,0.5734008550643921,0.6071246862411499,0.5590408444404602,0.5273736715316772,0.5571960806846619,0.5925527811050415,0.5443093379338583,0.4992852210998535,0.5464125871658325,0.5872302055358887,0.429364134867986,0.4135475158691406,0.4207884073257446,0.4537564814090729,0.549045999844869,0.5161980390548706,0.5530418157577515,0.5778981447219849,0.6266395250956217,0.5880332589149475,0.631003737449646,0.6608815789222717,0.5217209955056509,0.4885549247264862,0.5252313017845154,0.5513767600059509,0.6029624541600546,0.562439501285553,0.6063832640647888,0.6400645971298218,0.5578986803690592,0.5252928137779236,0.5610159039497375,0.5873873233795166,0.6250523726145426,0.5876657962799072,0.6290632486343384,0.6584280729293823
dhs_stratified,25000,4,103,0.0937973905801773,510.7128884848207,0.5518068075180054,0.5292280316352844,0.5503933429718018,0.5757990479469299,0.6163690884908041,0.5873365998268127,0.6159951090812683,0.645775556564331,0.5989310542742411,0.5829365253448486,0.597398579120636,0.6164580583572388,0.6420558293660482,0.6208423376083374,0.6457244753837585,0.6596006751060486,0.575848122437795,0.5630407929420471,0.566832959651947,0.5976706147193909,0.548600455125173,0.5293506383895874,0.5404604077339172,0.5759903192520142,0.554908295472463,0.5277494192123413,0.5500264167785645,0.5869490504264832,0.4268361230691274,0.4191626906394958,0.416464626789093,0.4448810517787933,0.5421652396519979,0.5198842287063599,0.5416792035102844,0.5649322867393494,0.6165253718694051,0.5870813727378845,0.616175651550293,0.6463190913200378,0.515704482793808,0.4971065819263458,0.513085663318634,0.5369212031364441,0.5952529907226562,0.5679205656051636,0.5927495360374451,0.6250888705253601,0.5518439213434855,0.5283935070037842,0.5506385564804077,0.5764997005462646,0.6155766050020853,0.5863794684410095,0.6151543855667114,0.6451959609985352
dhs_stratified,50000,0,107,0.0659218741893768,2966.8185651567765,0.7311980724334717,0.7253752946853638,0.736480176448822,0.7317387461662292,0.8255314429601034,0.8230677843093872,0.8265960812568665,0.8269304633140564,0.7667783300081888,0.7598510384559631,0.7710056304931641,0.7694783210754395,0.8301065961519877,0.8250203132629395,0.836256206035614,0.8290432691574097,0.8007193207740784,0.8101848363876343,0.7907846570014954,0.8011884689331055,0.7863601644833883,0.7830988168716431,0.7920785546302795,0.7839031219482422,0.7906061013539633,0.790948212146759,0.7903987169265747,0.7904713749885559,0.6975876887639364,0.7160704135894775,0.6834225058555603,0.6932701468467712,0.7188226381937662,0.7132843732833862,0.7250439524650574,0.7181395888328552,0.8260406255722046,0.8230741024017334,0.8270996809005737,0.8279480934143066,0.6992149551709493,0.6983816027641296,0.7009553909301758,0.6983078718185425,0.8129583597183228,0.8123286366462708,0.8123701214790344,0.8141763210296631,0.7310229937235514,0.7241789102554321,0.7368121147155762,0.732077956199646,0.8254351019859314,0.8227852582931519,0.8266481161117554,0.826871931552887
dhs_stratified,50000,1,62,0.0713214473724365,1622.7252309829928,0.7080560127894083,0.701622724533081,0.7099947929382324,0.7125505208969116,0.7997793157895406,0.7945247888565063,0.7982873916625977,0.8065257668495178,0.7433014512062073,0.7367174625396729,0.746554434299469,0.74663245677948,0.8032718499501547,0.7986343502998352,0.8085486888885498,0.8026325106620789,0.7747987508773804,0.7840521931648254,0.7625604867935181,0.7777835726737976,0.7576768398284912,0.7533636093139648,0.756287693977356,0.7633792161941528,0.7605170806248983,0.7542202472686768,0.758399248123169,0.7689317464828491,0.6652048031489054,0.6819601655006409,0.6502820253372192,0.6633722186088562,0.6964641610781351,0.690525472164154,0.6997020840644836,0.6991649270057678,0.8003033598264059,0.7944809198379517,0.7991735935211182,0.8072555661201477,0.6742966373761495,0.6713573336601257,0.6740517616271973,0.6774808168411255,0.784815510114034,0.7803338170051575,0.7816757559776306,0.792436957359314,0.7082348267237345,0.7008887529373169,0.7107066512107849,0.7131090760231018,0.8000866373380026,0.7946287989616394,0.7986979484558105,0.8069331645965576
dhs_stratified,50000,2,60,0.0733306661367416,597.507387207821,0.683616578578949,0.6758000254631042,0.6850110292434692,0.6900386810302734,0.7752021153767904,0.7699873447418213,0.7725103497505188,0.783108651638031,0.7234545151392618,0.7225945591926575,0.7248139381408691,0.722955048084259,0.780984123547872,0.782207727432251,0.7831954956054688,0.777549147605896,0.7481104532877604,0.7594621777534485,0.733953595161438,0.7509155869483948,0.7214406530062357,0.7168481945991516,0.7167847156524658,0.7306890487670898,0.7357732653617859,0.7356382608413696,0.7285820841789246,0.7430994510650635,0.6265062292416891,0.6443424224853516,0.6097882986068726,0.625387966632843,0.6722586154937744,0.6635821461677551,0.6749448180198669,0.6782488822937012,0.7759092251459757,0.7697691321372986,0.7735923528671265,0.7843661904335022,0.6560040911038717,0.6519121527671814,0.652591347694397,0.6635087728500366,0.7641808986663818,0.7602756023406982,0.7583031058311462,0.773963987827301,0.6835319598515829,0.6744986176490784,0.6856151819229126,0.6904820799827576,0.7753366033236185,0.7698911428451538,0.7727378010749817,0.7833808660507202
dhs_stratified,50000,3,57,0.0706069738388061,559.7416403042153,0.7019204099973043,0.6928997039794922,0.7027379870414734,0.7101235389709473,0.7936068375905355,0.7837082147598267,0.7918710112571716,0.8052412867546082,0.7382510900497437,0.7317335605621338,0.7416532039642334,0.7413665056228638,0.8006731669108073,0.7943359017372131,0.805510401725769,0.8021731972694397,0.7659302552541097,0.7680834531784058,0.7517604827880859,0.7779468297958374,0.7441705067952474,0.740828275680542,0.7421679496765137,0.7495152950286865,0.7508988777796427,0.741125226020813,0.7487621307373047,0.7628092765808105,0.6615823904673258,0.6692134737968445,0.6467137336730957,0.6688199639320374,0.6905534466107687,0.6822448968887329,0.6922674775123596,0.6971479654312134,0.7943652669588724,0.7841346263885498,0.7927565574645996,0.806204617023468,0.6700392365455627,0.6686403751373291,0.6671799421310425,0.6742973923683167,0.7808777689933777,0.7745410799980164,0.7768467664718628,0.7912454605102539,0.7019403775533041,0.6921621561050415,0.7031371593475342,0.7105218172073364,0.7937605977058411,0.7837809920310974,0.7921715974807739,0.8053292036056519
dhs_stratified,50000,4,62,0.0718489711761474,1364.358811225742,0.7026687065760294,0.6940639615058899,0.704772412776947,0.7091697454452515,0.794264038403829,0.7893244028091431,0.7914564609527588,0.802011251449585,0.7401150663693746,0.7342556715011597,0.7439022660255432,0.7421872615814209,0.7999138037363688,0.7946345210075378,0.8055152893066406,0.799591600894928,0.7642906308174133,0.7719437479972839,0.7499387860298157,0.7709893584251404,0.7448132236798605,0.7412362694740295,0.744044303894043,0.7491590976715088,0.7539090116818746,0.7501461505889893,0.7469373941421509,0.7646434903144836,0.646875778834025,0.6624181270599365,0.6289559006690979,0.6492533087730408,0.6913796265920004,0.6832905411720276,0.6943713426589966,0.6964769959449768,0.7948998212814331,0.7899436354637146,0.7918910980224609,0.8028647303581238,0.6706098715464274,0.6659690737724304,0.6691035032272339,0.6767570376396179,0.7805086572964987,0.7765844464302063,0.774970531463623,0.7899709939956665,0.702775776386261,0.6933106184005737,0.7053772807121277,0.7096394300460815,0.7943469683329264,0.7896275520324707,0.7915823459625244,0.8018310070037842
dhs_stratified,100000,0,31,0.0576510166108608,611.7461192049086,0.7672823667526245,0.7650051116943359,0.7730395793914795,0.7638024091720581,0.8648475011189779,0.8642142415046692,0.8661194443702698,0.8642088174819946,0.7955824931462606,0.7931066155433655,0.8001662492752075,0.7934746146202087,0.8627776304880778,0.861809492111206,0.8695058822631836,0.8570175170898438,0.8456881443659464,0.853308916091919,0.8375551104545593,0.8462004065513611,0.8305153449376425,0.8303384184837341,0.8328591585159302,0.8283484578132629,0.8396126627922058,0.8376796245574951,0.8412123918533325,0.8399459719657898,0.7672848105430603,0.7841004133224487,0.7563624382019043,0.7613915801048279,0.7545516093571981,0.7527732253074646,0.7614759206771851,0.7494056820869446,0.8654421965281168,0.8644652962684631,0.8668003082275391,0.8650609850883484,0.737722913424174,0.7378864884376526,0.7410468459129333,0.734235405921936,0.8564941088358561,0.8558349013328552,0.8565537333488464,0.8570936918258667,0.7671347260475159,0.7641088962554932,0.7733566164970398,0.7639386653900146,0.8648961782455444,0.8642573952674866,0.866336464881897,0.8640946745872498
dhs_stratified,100000,1,32,0.0582734609544277,1384.853748290101,0.757427990436554,0.7566721439361572,0.7632369995117188,0.7523748278617859,0.8538674910863241,0.8555250763893127,0.8555154800415039,0.8505619168281555,0.785504142443339,0.7788720726966858,0.7923851609230042,0.7852551937103271,0.8516565958658854,0.8473970293998718,0.8595125079154968,0.8480602502822876,0.84020068248113,0.8504639863967896,0.8306648135185242,0.8394732475280762,0.828464925289154,0.830502986907959,0.8294375538825989,0.8254542350769043,0.8327153325080872,0.8319631814956665,0.8349881768226624,0.8311946392059326,0.7605847716331482,0.7753161787986755,0.7512348890304565,0.7552032470703125,0.7448957959810892,0.7441946268081665,0.7515944838523865,0.7388982772827148,0.8542585174242655,0.8552249670028687,0.856124997138977,0.8514255881309509,0.7296835978825887,0.7318041324615479,0.7312232255935669,0.7260234355926514,0.8470280965169271,0.8483433723449707,0.8460484743118286,0.8466924428939819,0.757379412651062,0.7555253505706787,0.7638033628463745,0.7528095245361328,0.8538921276728312,0.8553865551948547,0.8556852340698242,0.8506045937538147
dhs_stratified,100000,1,32,0.0582734609544277,1386.5642898730002,0.757427990436554,0.7566721439361572,0.7632369995117188,0.7523748278617859,0.8538674910863241,0.8555250763893127,0.8555154800415039,0.8505619168281555,0.785504142443339,0.7788720726966858,0.7923851609230042,0.7852551937103271,0.8516565958658854,0.8473970293998718,0.8595125079154968,0.8480602502822876,0.84020068248113,0.8504639863967896,0.8306648135185242,0.8394732475280762,0.828464925289154,0.830502986907959,0.8294375538825989,0.8254542350769043,0.8327153325080872,0.8319631814956665,0.8349881768226624,0.8311946392059326,0.7605847716331482,0.7753161787986755,0.7512348890304565,0.7552032470703125,0.7448957959810892,0.7441946268081665,0.7515944838523865,0.7388982772827148,0.8542585174242655,0.8552249670028687,0.856124997138977,0.8514255881309509,0.7296835978825887,0.7318041324615479,0.7312232255935669,0.7260234355926514,0.8470280965169271,0.8483433723449707,0.8460484743118286,0.8466924428939819,0.757379412651062,0.7555253505706787,0.7638033628463745,0.7528095245361328,0.8538921276728312,0.8553865551948547,0.8556852340698242,0.8506045937538147
dhs_stratified,100000,2,32,0.0617879631757736,638.6694066692144,0.7492263118426005,0.7451775670051575,0.7547478675842285,0.7477535009384155,0.8462547858556112,0.8458220958709717,0.8460859060287476,0.8468563556671143,0.7754847407341003,0.7701278328895569,0.7823476791381836,0.7739787101745605,0.8405152757962545,0.8372189998626709,0.8468889594078064,0.8374378681182861,0.8208456635475159,0.8329283595085144,0.8050817847251892,0.824526846408844,0.8080233335494995,0.8072913289070129,0.8075380325317383,0.8092406392097473,0.8201842904090881,0.820092499256134,0.8169684410095215,0.8234919309616089,0.7406648397445679,0.7589559555053711,0.7239042520523071,0.7391343116760254,0.7369828422864279,0.7328801155090332,0.7435094714164734,0.7345589399337769,0.8467307686805725,0.8457909822463989,0.8466720581054688,0.8477292656898499,0.7199451526006063,0.7195582985877991,0.7215680480003357,0.7187091112136841,0.8383373220761617,0.8388096690177917,0.835148811340332,0.8410534858703613,0.7494438886642456,0.7445138096809387,0.7554448843002319,0.7483729720115662,0.846634566783905,0.8462236523628235,0.8464406728744507,0.8472393751144409
dhs_stratified,100000,3,32,0.0583350529909133,629.3573205340654,0.7630943059921265,0.760369062423706,0.7680569887161255,0.7608568668365479,0.8611812392870585,0.8589693307876587,0.8630102276802063,0.8615641593933105,0.793379028638204,0.7887814044952393,0.7987074851989746,0.792648196220398,0.8606594602266947,0.8568578362464905,0.8671020865440369,0.8580184578895569,0.8421539664268494,0.8502222895622253,0.83379065990448,0.8424489498138428,0.8310320774714152,0.8340467214584351,0.8326422572135925,0.826407253742218,0.8361760576566061,0.8361234664916992,0.837875247001648,0.834529459476471,0.7589500347773234,0.7754998207092285,0.7473020553588867,0.754048228263855,0.7500433921813965,0.7478272914886475,0.7558613419532776,0.7464415431022644,0.8615636229515076,0.8591854572296143,0.8630974888801575,0.862407922744751,0.7323438922564188,0.7330252528190613,0.7346996665000916,0.7293067574501038,0.8517322540283203,0.8503231406211853,0.8521007299423218,0.8527728915214539,0.7627806266148885,0.7591912150382996,0.7682849764823914,0.7608656883239746,0.8611182570457458,0.8589898943901062,0.8628931641578674,0.8614717125892639
dhs_stratified,100000,4,33,0.0588180655002594,663.6911794189364,0.7595691879590353,0.7560470104217529,0.7621757388114929,0.7604848146438599,0.8569501241048177,0.8553810119628906,0.8549419641494751,0.8605273962020874,0.7885835568110148,0.7829023003578186,0.7923844456672668,0.790463924407959,0.8555824756622314,0.8506386876106262,0.8605732321739197,0.8555355072021484,0.8354805111885071,0.8453522324562073,0.8253344893455505,0.8357548117637634,0.8200214703877767,0.818204939365387,0.820740282535553,0.8211191892623901,0.8328822255134583,0.833994448184967,0.8322122097015381,0.8324400186538696,0.7548612952232361,0.7704445123672485,0.7421948313713074,0.7519445419311523,0.7472958564758301,0.744475245475769,0.7508673667907715,0.7465449571609497,0.8576457897822062,0.8561211228370667,0.8554086685180664,0.8614075779914856,0.7290681997934977,0.7302827835083008,0.7281733155250549,0.7287485003471375,0.8474058906237284,0.8480715751647949,0.8431127071380615,0.8510333895683289,0.7596851587295532,0.7554987668991089,0.762708306312561,0.7608484029769897,0.8572470545768738,0.8558262586593628,0.8551603555679321,0.8607545495033264
dhs_stratified,150000,0,41,0.0448430278698603,1159.4906789506786,0.8144852121671041,0.8095082640647888,0.8217588663101196,0.8121885061264038,0.9149962266286216,0.9113003611564636,0.9186132550239564,0.9150750637054444,0.8342793385187784,0.830661416053772,0.8402448296546936,0.8319317698478699,0.9042086998621622,0.9015525579452516,0.9108654260635376,0.9002081155776978,0.9039266308148702,0.9059001803398132,0.902064561843872,0.9038151502609252,0.8930523792902628,0.8898832201957703,0.8989450931549072,0.8903288245201111,0.8969293832778931,0.8916585445404053,0.9017798900604248,0.8973497152328491,0.8512826561927795,0.8594499826431274,0.8476953506469727,0.8467026352882385,0.8006362915039062,0.7961784601211548,0.8092092275619507,0.7965211868286133,0.9153304696083068,0.9114202260971068,0.9188725352287292,0.9156986474990844,0.7843800981839498,0.7820276618003845,0.791558027267456,0.7795546054840088,0.908034324645996,0.9041509628295898,0.9115250706672668,0.9084269404411316,0.8146151304244995,0.8087441325187683,0.822376549243927,0.8127247095108032,0.9150807857513428,0.9113465547561646,0.9186773300170898,0.915218472480774
dhs_stratified,150000,1,41,0.0461611671606699,2554.078804204008,0.8092193802197775,0.8066550493240356,0.8166223168373108,0.8043807744979858,0.9113874832789104,0.9097094535827636,0.9141278266906738,0.9103251695632936,0.8292876283327738,0.823256254196167,0.8360766768455505,0.828529953956604,0.9006466666857401,0.8970866799354553,0.9077517986297609,0.8971015214920044,0.9022093216578164,0.9035526514053344,0.8991335034370422,0.903941810131073,0.891157309214274,0.8877084255218506,0.8976255655288696,0.888137936592102,0.8919453024864197,0.8892604112625122,0.8956412076950073,0.8909342885017395,0.8430325786272684,0.85132896900177,0.8408563733100891,0.8369123935699463,0.7958218653996786,0.7937732934951782,0.8044748306274414,0.789217472076416,0.911756694316864,0.9096437096595764,0.9145349860191344,0.9110913872718812,0.780854602654775,0.780880331993103,0.7879000902175903,0.7737833857536316,0.90507709980011,0.9030898213386536,0.907673478126526,0.90446799993515,0.8092699448267618,0.8059145212173462,0.8171945810317993,0.8047007322311401,0.9114098946253458,0.9096500277519226,0.9142528176307678,0.9103268384933472
dhs_stratified,150000,1,41,0.0461611671606699,2566.97074474697,0.8092193802197775,0.8066550493240356,0.8166223168373108,0.8043807744979858,0.9113874832789104,0.9097094535827636,0.9141278266906738,0.9103251695632936,0.8292876283327738,0.823256254196167,0.8360766768455505,0.828529953956604,0.9006466666857401,0.8970866799354553,0.9077517986297609,0.8971015214920044,0.9022093216578164,0.9035526514053344,0.8991335034370422,0.903941810131073,0.891157309214274,0.8877084255218506,0.8976255655288696,0.888137936592102,0.8919453024864197,0.8892604112625122,0.8956412076950073,0.8909342885017395,0.8430325786272684,0.85132896900177,0.8408563733100891,0.8369123935699463,0.7958218653996786,0.7937732934951782,0.8044748306274414,0.789217472076416,0.911756694316864,0.9096437096595764,0.9145349860191344,0.9110913872718812,0.780854602654775,0.780880331993103,0.7879000902175903,0.7737833857536316,0.90507709980011,0.9030898213386536,0.907673478126526,0.90446799993515,0.8092699448267618,0.8059145212173462,0.8171945810317993,0.8047007322311401,0.9114098946253458,0.9096500277519226,0.9142528176307678,0.9103268384933472
dhs_stratified,150000,2,41,0.0448640751441319,1176.531346666161,0.8181419372558594,0.8145551681518555,0.8248797059059143,0.8149909377098083,0.9181991815567015,0.9155032634735109,0.920169711112976,0.9189245700836182,0.835857629776001,0.8338835835456848,0.840402364730835,0.8332869410514832,0.9081706206003824,0.9075827598571776,0.913199245929718,0.9037298560142516,0.9040045340855916,0.905569314956665,0.901244819164276,0.9051994681358336,0.8953102231025696,0.8925561308860779,0.9011144638061525,0.8922600746154785,0.8969206015268961,0.8931172490119934,0.9000036120414734,0.8976409435272217,0.8499083916346232,0.8575496077537537,0.8467126488685608,0.8454629182815552,0.8043221036593119,0.8014325499534607,0.8121474981307983,0.7993862628936768,0.9186107714970908,0.9158177375793456,0.9204937219619752,0.9195208549499512,0.7877752184867859,0.7875643968582153,0.7931580543518066,0.7826032042503357,0.9113173683484396,0.9092000126838684,0.9126373529434204,0.9121147394180298,0.8183022936185201,0.8139476776123047,0.8254521489143372,0.8155070543289185,0.918313443660736,0.9157094359397888,0.9202666878700256,0.9189642071723938
dhs_stratified,150000,3,41,0.0482292300085226,1155.2978092660196,0.8001648783683777,0.7960959672927856,0.8074387311935425,0.7969599366188049,0.9001165628433228,0.896185040473938,0.9027423858642578,0.9014222621917723,0.8258041540781657,0.8219848871231079,0.8310709595680237,0.8243566155433655,0.8959006667137146,0.8930702805519104,0.9030239582061768,0.8916077613830566,0.8841465512911478,0.8893274664878845,0.8780071139335632,0.8851050734519958,0.876915454864502,0.8739403486251831,0.882502555847168,0.8743034601211548,0.8790797193845113,0.8745322227478027,0.8809822201728821,0.8817247152328491,0.8298903703689575,0.8390598297119141,0.8259562253952026,0.8246550559997559,0.7870242595672607,0.7831720113754272,0.7953128218650818,0.7825879454612732,0.9006176590919495,0.8964775204658508,0.9030752182006836,0.902300238609314,0.7707525293032328,0.7694134712219238,0.7760183811187744,0.7668257355690002,0.8931038975715637,0.8893159627914429,0.8945915102958679,0.8954042196273804,0.8003000219662985,0.7953837513923645,0.8079044818878174,0.7976118326187134,0.9001733859380087,0.8963391780853271,0.9026487469673156,0.9015322327613832
dhs_stratified,150000,4,40,0.0465887867013613,1158.1233394849114,0.810279111067454,0.807039737701416,0.8167340755462646,0.8070635199546814,0.91179758310318,0.909079909324646,0.9143160581588744,0.9119967818260192,0.8286976416905721,0.8267167210578918,0.8333916664123535,0.825984537601471,0.8992167711257935,0.8981784582138062,0.9056026935577391,0.893869161605835,0.8963865041732788,0.8981707096099854,0.8948637247085571,0.896125078201294,0.8861672083536783,0.8837100267410278,0.892005980014801,0.8827856183052063,0.8895200292269388,0.8854907751083374,0.8927640914916992,0.89030522108078,0.8366948564847311,0.8468433022499084,0.8314929008483887,0.831748366355896,0.7961183389027914,0.793355405330658,0.803692102432251,0.7913075089454651,0.9116923411687216,0.9084835052490234,0.914324164390564,0.9122693538665771,0.7800696690877279,0.7804582715034485,0.7852880954742432,0.7744626402854919,0.9041502277056376,0.901971995830536,0.906213402748108,0.904265284538269,0.8101950287818909,0.8061652779579163,0.8171240091323853,0.8072957992553711,0.911665161450704,0.9089751243591307,0.91415536403656,0.9118649959564208
dhs_stratified,200000,0,44,0.0419479500472545,1635.6055000298657,0.831186314423879,0.8274169564247131,0.8392906785011292,0.8268513083457947,0.9323115348815918,0.9292110800743104,0.935255229473114,0.9324682950973512,0.8574297825495402,0.8552147150039673,0.861236572265625,0.8558380603790283,0.9330169359842936,0.9298270344734192,0.9375008344650269,0.9317229390144348,0.9237209955851235,0.9232389330863952,0.9222110509872437,0.9257130026817322,0.9160525997479756,0.9123878479003906,0.9217982292175292,0.9139717221260072,0.91587632894516,0.910613775253296,0.9204360246658324,0.9165791869163512,0.8829146027565002,0.8876298666000366,0.8815749883651733,0.8795389533042908,0.8167654673258463,0.8137495517730713,0.8261775374412537,0.8103693127632141,0.9322601954142252,0.9290671348571776,0.9350588321685792,0.932654619216919,0.8023787538210551,0.8020151853561401,0.8097514510154724,0.7953696250915527,0.926909645398458,0.9239974617958068,0.9297950863838196,0.9269363880157472,0.8310746351877848,0.8265057802200317,0.8395878672599792,0.8271302580833435,0.9321436882019044,0.9290260076522828,0.9350895881652832,0.932315468788147
dhs_stratified,200000,1,44,0.039947672599554,4650.079913398949,0.835438867410024,0.8333633542060852,0.8428366184234619,0.8301166296005249,0.936484158039093,0.9348835349082948,0.9389292001724244,0.93563973903656,0.8639351725578308,0.8610722422599792,0.868226170539856,0.8625071048736572,0.9407332142194113,0.9378966093063354,0.9440463781356812,0.940256655216217,0.9284153978029888,0.9301069378852844,0.9260485768318176,0.929090678691864,0.9221250414848328,0.9206292629241944,0.9250705242156982,0.9206753373146056,0.922808865706126,0.9191905856132508,0.9260709285736084,0.9231650829315186,0.8857936461766561,0.8918260931968689,0.8830165863037109,0.8825382590293884,0.8209729790687561,0.8195876479148865,0.8295643329620361,0.8137669563293457,0.936501125494639,0.9346575736999512,0.938942849636078,0.9359029531478882,0.8059264222780863,0.8074715733528137,0.8121389746665955,0.7981687188148499,0.9316167632738748,0.9301594495773317,0.9334593415260316,0.9312314987182616,0.8354583779970804,0.8326625227928162,0.8432916402816772,0.830420970916748,0.936303436756134,0.9347069263458252,0.9387917518615724,0.9354116320610046
dhs_stratified,200000,1,44,0.039947672599554,4904.641174810007,0.835438867410024,0.8333633542060852,0.8428366184234619,0.8301166296005249,0.936484158039093,0.9348835349082948,0.9389292001724244,0.93563973903656,0.8639351725578308,0.8610722422599792,0.868226170539856,0.8625071048736572,0.9407332142194113,0.9378966093063354,0.9440463781356812,0.940256655216217,0.9284153978029888,0.9301069378852844,0.9260485768318176,0.929090678691864,0.9221250414848328,0.9206292629241944,0.9250705242156982,0.9206753373146056,0.922808865706126,0.9191905856132508,0.9260709285736084,0.9231650829315186,0.8857936461766561,0.8918260931968689,0.8830165863037109,0.8825382590293884,0.8209729790687561,0.8195876479148865,0.8295643329620361,0.8137669563293457,0.936501125494639,0.9346575736999512,0.938942849636078,0.9359029531478882,0.8059264222780863,0.8074715733528137,0.8121389746665955,0.7981687188148499,0.9316167632738748,0.9301594495773317,0.9334593415260316,0.9312314987182616,0.8354583779970804,0.8326625227928162,0.8432916402816772,0.830420970916748,0.936303436756134,0.9347069263458252,0.9387917518615724,0.9354116320610046
dhs_stratified,200000,1,44,0.039947672599554,5395.2220391070005,0.835438867410024,0.8333633542060852,0.8428366184234619,0.8301166296005249,0.936484158039093,0.9348835349082948,0.9389292001724244,0.93563973903656,0.8639351725578308,0.8610722422599792,0.868226170539856,0.8625071048736572,0.9407332142194113,0.9378966093063354,0.9440463781356812,0.940256655216217,0.9284153978029888,0.9301069378852844,0.9260485768318176,0.929090678691864,0.9221250414848328,0.9206292629241944,0.9250705242156982,0.9206753373146056,0.922808865706126,0.9191905856132508,0.9260709285736084,0.9231650829315186,0.8857936461766561,0.8918260931968689,0.8830165863037109,0.8825382590293884,0.8209729790687561,0.8195876479148865,0.8295643329620361,0.8137669563293457,0.936501125494639,0.9346575736999512,0.938942849636078,0.9359029531478882,0.8059264222780863,0.8074715733528137,0.8121389746665955,0.7981687188148499,0.9316167632738748,0.9301594495773317,0.9334593415260316,0.9312314987182616,0.8354583779970804,0.8326625227928162,0.8432916402816772,0.830420970916748,0.936303436756134,0.9347069263458252,0.9387917518615724,0.9354116320610046
dhs_stratified,200000,2,44,0.0412107038855552,1659.651256440673,0.832459290822347,0.830013632774353,0.8392001390457153,0.8281641006469727,0.935126523176829,0.9337336421012878,0.9353518486022948,0.9362940788269044,0.8621926108996073,0.8633133769035339,0.8633594512939453,0.8599050045013428,0.9383650024731954,0.9384974241256714,0.9395256638526917,0.9370719194412231,0.9237576524416604,0.9245990514755248,0.9208711981773376,0.9258027076721193,0.9173203905423484,0.9158712029457092,0.9198323488235474,0.916257619857788,0.9182858467102052,0.9152480363845824,0.9194727540016174,0.9201367497444152,0.8802662094434103,0.8873188495635986,0.8768782615661621,0.87660151720047,0.8184333642323812,0.8167101144790649,0.8265279531478882,0.8120620250701904,0.9354745348294576,0.9339528679847716,0.9356146454811096,0.9368560910224916,0.8037441174189249,0.8061981201171875,0.8086563348770142,0.7963778972625732,0.9294723868370056,0.9287391304969788,0.9287043809890748,0.9309736490249634,0.8326077063878378,0.8293198943138123,0.8398981690406799,0.828605055809021,0.935155232747396,0.9337869882583618,0.935353457927704,0.9363252520561218
dhs_stratified,200000,3,44,0.0408087799370288,1628.3074890691787,0.8341253797213236,0.8308979272842407,0.8405344486236572,0.830943763256073,0.9347652395566304,0.9317449331283568,0.9366132616996764,0.935937523841858,0.8589587410291036,0.8576503396034241,0.8622195720672607,0.857006311416626,0.9360870321591696,0.9341024160385132,0.9387219548225404,0.9354367256164552,0.922910213470459,0.9245043992996216,0.9206528663635254,0.92357337474823,0.915776272614797,0.9137552380561828,0.919131338596344,0.914442241191864,0.9170065522193908,0.9152939915657043,0.918601095676422,0.917124569416046,0.8792464137077332,0.8840528726577759,0.877260148525238,0.8764262199401855,0.8197133342425028,0.8170971274375916,0.8275330066680908,0.8145098686218262,0.9349664251009624,0.9319121837615968,0.9367122054100036,0.9362748861312866,0.8032329678535461,0.8036031723022461,0.8090016841888428,0.7970940470695496,0.9285007119178772,0.9257062077522278,0.9299647808074952,0.9298311471939088,0.834312915802002,0.8301577568054199,0.8412933349609375,0.8314876556396484,0.9347472389539084,0.9317912459373474,0.9365167617797852,0.9359337091445924
dhs_stratified,200000,4,44,0.0409985601961612,1632.0597059451975,0.8325532674789429,0.8285648226737976,0.8396689891815186,0.8294259905815125,0.9335232178370158,0.9305908679962158,0.9351686239242554,0.9348101615905762,0.8580665389696757,0.8570654392242432,0.8613941669464111,0.8557400107383728,0.935017983118693,0.9321630597114564,0.9383490681648254,0.9345418214797974,0.9234614173571268,0.9255680441856384,0.920616626739502,0.9241995811462402,0.9149358669916788,0.9138111472129822,0.9179574251174928,0.9130390286445618,0.918937106927236,0.9155890345573424,0.920944094657898,0.9202781915664672,0.8784169753392538,0.8853133916854858,0.8761695623397827,0.8737679719924927,0.8181366125742594,0.8148233294487,0.8263478875160217,0.8132386207580566,0.9334698518117268,0.9303660988807678,0.9350787997245787,0.934964656829834,0.8021218379338583,0.8016670942306519,0.8082512617111206,0.7964471578598022,0.9268989761670432,0.924621284008026,0.9276938438415528,0.9283818006515504,0.8324977358182272,0.8276901245117188,0.840124249458313,0.8296788334846497,0.9333734711011252,0.9304597973823548,0.9350584745407104,0.93460214138031
dhs_stratified,300000,0,41,0.0383020000239213,2272.0380547526293,0.8423657417297363,0.8397458791732788,0.850024938583374,0.8373264074325562,0.942186196645101,0.9403578042984008,0.9446915984153748,0.9415091872215272,0.8677906195322672,0.8667222857475281,0.8715327382087708,0.8651168346405029,0.9450088938077292,0.9419476389884948,0.9493329524993896,0.9437460899353028,0.9348604281743368,0.935126006603241,0.9330690503120422,0.936386227607727,0.9272158741950988,0.9243305325508118,0.932274341583252,0.9250427484512328,0.9283843437830608,0.9233276844024658,0.9328114986419678,0.9290138483047484,0.8982149759928385,0.9008811712265016,0.8976559638977051,0.8961077928543091,0.8277802666028341,0.8259069323539734,0.8367812633514404,0.8206526041030884,0.9423241217931112,0.9401488304138184,0.944876194000244,0.941947340965271,0.8128639260927836,0.8131627440452576,0.8204403519630432,0.80498868227005,0.9376060366630554,0.9349417090415956,0.9405657052993774,0.9373106956481934,0.8424575130144755,0.8390932679176331,0.8506677150726318,0.8376115560531616,0.9421594142913818,0.9402774572372437,0.9446943402290344,0.9415064454078674
dhs_stratified,300000,1,72,0.036644426981608,3948.419310123194,0.8469249208768209,0.8453652858734131,0.8537231087684631,0.8416863679885864,0.9473275939623514,0.94547039270401,0.9497507810592652,0.9467616081237792,0.8752635518709818,0.8756369948387146,0.8779661655426025,0.8721874952316284,0.952010711034139,0.9505971074104308,0.9539801478385924,0.9514548778533936,0.9395388960838318,0.9395321607589722,0.9376956820487976,0.9413888454437256,0.9339165290196736,0.9312196373939514,0.9373031854629515,0.933226764202118,0.9316983024279276,0.928324282169342,0.9352342486381532,0.9315363764762878,0.9052667021751404,0.9091371297836304,0.904293954372406,0.9023690223693848,0.8323031067848206,0.8318147659301758,0.8402308821678162,0.8248636722564697,0.9473728537559508,0.9454621076583862,0.9496817588806152,0.9469746947288512,0.8172041376431783,0.8188274502754211,0.8230438232421875,0.8097411394119263,0.9427013993263244,0.9405058026313782,0.9445348978042604,0.943063497543335,0.8469695448875427,0.8446570038795471,0.8541831970214844,0.8420684337615967,0.9472156564394631,0.9453705549240112,0.949642300605774,0.9466341137886048
dhs_stratified,300000,2,95,0.035858415065209,5204.387036276981,0.8509665131568909,0.8496192693710327,0.8570225238800049,0.846257746219635,0.9503335158030192,0.9490058422088624,0.9510926008224488,0.9509021043777466,0.8768794536590576,0.877398669719696,0.8788310885429382,0.8744086027145386,0.953608214855194,0.952914297580719,0.9546043872833252,0.953305959701538,0.9433369636535645,0.9450483322143556,0.9407314658164978,0.94423109292984,0.9350785811742148,0.9353907108306884,0.9362919926643372,0.9335530400276184,0.9358480175336202,0.9331618547439576,0.937127411365509,0.937254786491394,0.9073082208633424,0.9117459058761596,0.9063137769699096,0.9038649797439576,0.8361239035924276,0.8356024622917175,0.843539297580719,0.8292299509048462,0.9503355026245116,0.9488677978515624,0.9511067867279052,0.9510319232940674,0.820233941078186,0.8220286965370178,0.8261858820915222,0.8124872446060181,0.9453715880711874,0.9440611600875854,0.9457520246505736,0.9463015794754028,0.851051926612854,0.8488571643829346,0.8575938940048218,0.8467047214508057,0.9501798550287882,0.9487642049789428,0.9509637355804444,0.9508116245269777
dhs_stratified,300000,3,72,0.0356716236074765,3898.89486967586,0.8489338358243307,0.8475827574729919,0.8561505079269409,0.8430682420730591,0.9494173725446066,0.9473460912704468,0.952368438243866,0.9485375881195068,0.8761487404505411,0.8763492107391357,0.8796324729919434,0.8724645376205444,0.956421116987864,0.9538477659225464,0.9593386054039,0.956076979637146,0.9430968364079794,0.9457679390907288,0.9411795139312744,0.9423430562019348,0.935613493124644,0.9353354573249816,0.9388634562492372,0.9326415657997132,0.9336035251617432,0.9314299821853638,0.9375382661819458,0.93184232711792,0.9111502965291342,0.9163034558296204,0.9101639986038208,0.9069834351539612,0.8339957992235819,0.8336436748504639,0.8424693942070007,0.8258743286132812,0.9493354360262553,0.9471998810768129,0.952248215675354,0.9485582113265992,0.8193206787109375,0.8211027979850769,0.8264038562774658,0.8104553818702698,0.944982409477234,0.9427816867828368,0.9477514028549194,0.9444141387939452,0.8489207625389099,0.8466747999191284,0.8566969037055969,0.8433905839920044,0.9492555260658264,0.9470792412757874,0.9523035287857056,0.9483838081359864
dhs_stratified,300000,4,103,0.0369784435351689,5578.78071969701,0.8491418162981669,0.8477048277854919,0.8557935357093811,0.8439270853996277,0.9481789867083232,0.9464014768600464,0.9496485590934752,0.9484869241714478,0.8715506196022034,0.8751794695854187,0.8741918802261353,0.8652805089950562,0.9539444247881572,0.9533170461654664,0.955481767654419,0.9530344605445862,0.9401671886444092,0.941534698009491,0.9374035596847534,0.9415633082389832,0.933398981889089,0.9314063787460328,0.935774564743042,0.933016002178192,0.9328465859095256,0.9294488430023192,0.9353092908859252,0.933781623840332,0.9043911496798196,0.9080824851989746,0.9041820168495178,0.9009089469909668,0.8347201744715372,0.8341570496559143,0.8425514698028564,0.8274520039558411,0.9482801953951516,0.9464364051818848,0.9496384263038636,0.948765754699707,0.8192653854688009,0.8210778832435608,0.8253942728042603,0.8113240003585815,0.9437595804532368,0.941878616809845,0.9448167085647584,0.9445834159851074,0.8493647575378418,0.8471744060516357,0.856454610824585,0.8444652557373047,0.9480917851130168,0.946319341659546,0.9495475888252258,0.9484084248542786
dhs_stratified_sei,10000,0,26,0.093177572607994,94.0244714859873,0.4591411252816518,0.423919677734375,0.4618326723575592,0.4916710257530212,0.5204163591066996,0.4711688160896301,0.5283998250961304,0.5616804361343384,0.523102859656016,0.501616358757019,0.5286313891410828,0.5390608310699463,0.5543415149052938,0.5264042019844055,0.5645431280136108,0.572077214717865,0.4462293684482574,0.4156539142131805,0.4508110880851745,0.4722231030464172,0.4060915609200795,0.3512337803840637,0.4117764830589294,0.4552644193172455,0.3947839538256327,0.3379933536052704,0.3963200747966766,0.4500384330749511,0.297680785258611,0.2738061547279358,0.2857892513275146,0.3334469497203827,0.4527451892693837,0.4180881083011627,0.457070529460907,0.4830769300460815,0.5225082834561666,0.4725732803344726,0.5311247706413269,0.5638267993927002,0.4197404086589813,0.385795533657074,0.4238357841968536,0.4495899081230163,0.4901674091815948,0.4389937222003937,0.4992446303367615,0.5322638750076294,0.4599700470765431,0.4242585301399231,0.4626667499542236,0.4929848611354828,0.5206968983014425,0.4714808464050293,0.5283666849136353,0.5622431635856628
dhs_stratified_sei,10000,1,21,0.1022753464579582,178.87563580088317,0.3963613112767537,0.3622804284095764,0.4268458485603332,0.3999576568603515,0.4494018753369649,0.4033149182796478,0.4905663430690765,0.4543243646621704,0.4301864604155223,0.3938928842544555,0.4611374139785766,0.4355290830135345,0.4584330022335052,0.417347252368927,0.4962835311889648,0.4616682231426239,0.3637012342611949,0.3393886983394623,0.397272527217865,0.3544424772262573,0.3300624191761017,0.295442134141922,0.3750694692134857,0.3196756541728973,0.3480420410633087,0.3127022087574005,0.3702433109283447,0.3611806035041809,0.2059211482604344,0.1803668737411499,0.2174849659204483,0.2199116051197052,0.392041802406311,0.3586218357086181,0.4224049746990204,0.3950985968112945,0.4516900579134623,0.405206024646759,0.4929839372634887,0.4568802118301391,0.3615319629510243,0.3298074305057525,0.3900819420814514,0.3647065162658691,0.4180775284767151,0.373608261346817,0.4576163589954376,0.4230079650878906,0.3968214790026347,0.3624157607555389,0.4273709058761596,0.4006777703762054,0.4495219488938649,0.4033081531524658,0.4906574487686157,0.4546002447605133
dhs_stratified_sei,10000,1,21,0.1022753464579582,174.82226530695334,0.3963613112767537,0.3622804284095764,0.4268458485603332,0.3999576568603515,0.4494018753369649,0.4033149182796478,0.4905663430690765,0.4543243646621704,0.4301864604155223,0.3938928842544555,0.4611374139785766,0.4355290830135345,0.4584330022335052,0.417347252368927,0.4962835311889648,0.4616682231426239,0.3637012342611949,0.3393886983394623,0.397272527217865,0.3544424772262573,0.3300624191761017,0.295442134141922,0.3750694692134857,0.3196756541728973,0.3480420410633087,0.3127022087574005,0.3702433109283447,0.3611806035041809,0.2059211482604344,0.1803668737411499,0.2174849659204483,0.2199116051197052,0.392041802406311,0.3586218357086181,0.4224049746990204,0.3950985968112945,0.4516900579134623,0.405206024646759,0.4929839372634887,0.4568802118301391,0.3615319629510243,0.3298074305057525,0.3900819420814514,0.3647065162658691,0.4180775284767151,0.373608261346817,0.4576163589954376,0.4230079650878906,0.3968214790026347,0.3624157607555389,0.4273709058761596,0.4006777703762054,0.4495219488938649,0.4033081531524658,0.4906574487686157,0.4546002447605133
dhs_stratified_sei,10000,2,23,0.0956212396621704,91.36268705502152,0.4014825224876404,0.3642067909240722,0.4001120328903198,0.440128743648529,0.4570595522721608,0.4062739908695221,0.4614706039428711,0.5034340620040894,0.448401004076004,0.4211853146553039,0.4572618901729584,0.4667558073997497,0.4733716547489166,0.4383090138435364,0.4885945916175842,0.4932113587856293,0.3952054977416992,0.3543761372566223,0.4008080959320068,0.4304322600364685,0.3517464498678843,0.2990428805351257,0.340870589017868,0.4153258800506592,0.3485101461410522,0.2912422120571136,0.3297883570194244,0.4244998693466186,0.2657066831986109,0.2299373000860214,0.2644074261188507,0.3027753233909607,0.3990129431088765,0.3616109788417816,0.39911088347435,0.436316967010498,0.4615052541097005,0.4094604551792145,0.4666919410228729,0.5083633661270142,0.3697607616583506,0.3336088061332702,0.3667221665382385,0.4089513123035431,0.4310492078463236,0.3772192299365997,0.4338088929653168,0.4821195006370544,0.401501327753067,0.3638454377651214,0.4003818035125732,0.4402767419815063,0.4568098386128743,0.4059431552886963,0.4610915780067444,0.5033947825431824
dhs_stratified_sei,10000,3,25,0.1069635809659957,93.81844602478668,0.4559028148651123,0.405997633934021,0.4639644920825958,0.4977463185787201,0.5167654057343801,0.4571317732334137,0.526513397693634,0.5666510462760925,0.5084761679172516,0.47510626912117,0.518622100353241,0.5317001342773438,0.5349556008974711,0.4979701042175293,0.5464569330215454,0.5604397654533386,0.4235170980294545,0.3769819438457489,0.4190252721309662,0.4745440781116485,0.3918466567993164,0.3082292675971985,0.4043747186660766,0.4629359841346741,0.4018268485864003,0.3233831226825714,0.4084627032279968,0.4736347198486328,0.2555207113424937,0.2003729939460754,0.2433728575706482,0.3228162825107574,0.4484229882558186,0.3980440497398376,0.4572077691555023,0.4900171458721161,0.5181790292263031,0.4574261605739593,0.5280430316925049,0.5690678954124451,0.4142673810323079,0.363674908876419,0.422586590051651,0.4565406441688537,0.4830109477043152,0.4199260473251343,0.4913010001182556,0.5378057956695557,0.4564383427302043,0.4061407148838043,0.4645313322544098,0.4986429810523987,0.5168969134489695,0.4572367370128631,0.5265031456947327,0.5669508576393127
dhs_stratified_sei,10000,4,21,0.0979412826299667,87.5281507121399,0.4026274581750234,0.3592379689216614,0.4242772758007049,0.4243671298027038,0.4574871957302093,0.400112897157669,0.4867771863937378,0.4855715036392212,0.4386955598990122,0.3982229828834533,0.4679670631885528,0.4498966336250305,0.4688996076583862,0.4211205840110779,0.5063651204109192,0.4792131185531616,0.3703315953413645,0.3343647718429565,0.3866606056690216,0.3899694085121155,0.3348103662331899,0.2847639322280884,0.3566880226135254,0.3629791438579559,0.3336240251859029,0.2826117873191833,0.3495367169380188,0.3687235713005066,0.1797675589720408,0.1533632427453994,0.1841451525688171,0.2017942816019058,0.3962625165780385,0.3534753918647766,0.4179721772670746,0.4173399806022644,0.4581160644690196,0.4003157317638397,0.4875091910362243,0.4865232706069946,0.3642066220442454,0.3212084174156189,0.3856396079063415,0.3857718408107757,0.4223082462946574,0.3647534847259521,0.4523132443428039,0.449858009815216,0.4032038648923238,0.3594998121261596,0.4247821867465973,0.4253295958042145,0.4577285548051198,0.4003210663795471,0.4869009256362915,0.4859636723995209
dhs_stratified_sei,25000,0,42,0.0890649738073349,237.05764446267855,0.5478532314300537,0.5120580196380615,0.5569062232971191,0.5745954513549805,0.6170729597409567,0.5739509463310242,0.6287614107131958,0.6485065221786499,0.594443658987681,0.5771275162696838,0.5991283059120178,0.6070751547813416,0.6351273059844971,0.6137673258781433,0.6439607739448547,0.6476538181304932,0.5437283515930176,0.5137660503387451,0.5449296832084656,0.572489321231842,0.5336153209209442,0.4887461960315704,0.5432862043380737,0.5688135623931885,0.5218400458494822,0.4695799648761749,0.5347731113433838,0.5611670613288879,0.3808392783006032,0.3591577112674713,0.3744852542877197,0.4088748693466186,0.5366304119427999,0.5012616515159607,0.5471004247665405,0.5615291595458984,0.615564246972402,0.57166987657547,0.6277745962142944,0.6472482681274414,0.5100232064723969,0.4753155410289764,0.5217369198799133,0.5330171585083008,0.594317356745402,0.550780177116394,0.6064355373382568,0.6257363557815552,0.5492142041524252,0.5131310820579529,0.5581716895103455,0.576339840888977,0.6178268194198608,0.5748794078826904,0.62929767370224,0.6493033766746521
dhs_stratified_sei,25000,1,34,0.0876285341501236,435.1442919650581,0.5287285645802816,0.488633394241333,0.5392453670501709,0.5583069324493408,0.5938819050788879,0.5473372936248779,0.6075727939605713,0.6267356276512146,0.5837422013282776,0.5575536489486694,0.5931062698364258,0.6005666851997375,0.6198322574297587,0.5927889347076416,0.6322658658027649,0.6344419717788696,0.53715980052948,0.5112669467926025,0.5379621982574463,0.5622502565383911,0.5368124345938364,0.4970339834690094,0.5486297011375427,0.5647736191749573,0.5426400701204935,0.4942531585693359,0.5513765215873718,0.582290530204773,0.3736271758874257,0.3566978871822357,0.3655339181423187,0.3986497223377228,0.5201953252156576,0.4803246259689331,0.5308542251586914,0.5494071245193481,0.5952246983846029,0.5477035045623779,0.6088656783103943,0.6291049122810364,0.4986770153045654,0.463921844959259,0.5098111033439636,0.5222980976104736,0.579788863658905,0.5350332260131836,0.5928146243095398,0.6115187406539917,0.5294491449991862,0.4886124730110168,0.5402287840843201,0.5595061779022217,0.5943564971288046,0.547332763671875,0.6083030700683594,0.6274336576461792
dhs_stratified_sei,25000,1,34,0.0876285341501236,430.7539912799839,0.5287285645802816,0.488633394241333,0.5392453670501709,0.5583069324493408,0.5938819050788879,0.5473372936248779,0.6075727939605713,0.6267356276512146,0.5837422013282776,0.5575536489486694,0.5931062698364258,0.6005666851997375,0.6198322574297587,0.5927889347076416,0.6322658658027649,0.6344419717788696,0.53715980052948,0.5112669467926025,0.5379621982574463,0.5622502565383911,0.5368124345938364,0.4970339834690094,0.5486297011375427,0.5647736191749573,0.5426400701204935,0.4942531585693359,0.5513765215873718,0.582290530204773,0.3736271758874257,0.3566978871822357,0.3655339181423187,0.3986497223377228,0.5201953252156576,0.4803246259689331,0.5308542251586914,0.5494071245193481,0.5952246983846029,0.5477035045623779,0.6088656783103943,0.6291049122810364,0.4986770153045654,0.463921844959259,0.5098111033439636,0.5222980976104736,0.579788863658905,0.5350332260131836,0.5928146243095398,0.6115187406539917,0.5294491449991862,0.4886124730110168,0.5402287840843201,0.5595061779022217,0.5943564971288046,0.547332763671875,0.6083030700683594,0.6274336576461792
dhs_stratified_sei,25000,2,97,0.0802839562654495,489.7281079045497,0.5582669774691263,0.5312961935997009,0.5550007820129395,0.5885039567947388,0.6278146505355835,0.5985459089279175,0.6266916394233704,0.6582064032554626,0.6110441287358602,0.6015068888664246,0.6055049300193787,0.6261205673217773,0.6533481876055399,0.6408659815788269,0.649962842464447,0.669215738773346,0.5708533724149069,0.5539312362670898,0.5644320249557495,0.5941968560218811,0.5769134163856506,0.5549046397209167,0.5726146101951599,0.6032209992408752,0.5808190306027731,0.5543891191482544,0.5722580552101135,0.6158099174499512,0.3968275686105092,0.3843249678611755,0.3839609026908874,0.4221968352794647,0.5498138268788656,0.5224031209945679,0.5478503704071045,0.5791879892349243,0.6296166181564331,0.5993545055389404,0.6290177702903748,0.6604775786399841,0.5267662604649862,0.5036699771881104,0.5226750373840332,0.5539537668228149,0.6121280193328857,0.5835281014442444,0.6098324060440063,0.6430235505104065,0.5588478048642477,0.5310670733451843,0.5559837818145752,0.5894925594329834,0.6280807455380758,0.598517894744873,0.6270531415939331,0.6586712002754211
dhs_stratified_sei,25000,3,62,0.0830284880042076,325.8590640462935,0.5394483407338461,0.5073964595794678,0.5396806597709656,0.5712679028511047,0.6046613653500875,0.5648866891860962,0.6108855605125427,0.6382118463516235,0.5786048173904419,0.5517756342887878,0.5850508213043213,0.5989879965782166,0.623866081237793,0.5921671390533447,0.632392942905426,0.6470381617546082,0.5486888686815897,0.5254135727882385,0.5502843260765076,0.5703687071800232,0.5624116063117981,0.5274030566215515,0.564152181148529,0.5956795811653137,0.5689778725306193,0.5315341949462891,0.5695764422416687,0.6058229804039001,0.3896474738915761,0.3673545122146606,0.3801535964012146,0.4214343130588531,0.5325301587581635,0.4998214542865753,0.5340182781219482,0.5637507438659668,0.607575515906016,0.5669683218002319,0.6140479445457458,0.6417102813720703,0.5111513833204905,0.4798748195171356,0.5142107605934143,0.5393685698509216,0.5919450322786967,0.5507579445838928,0.5988847613334656,0.6261923909187317,0.540117104848226,0.5072057247161865,0.5406038761138916,0.5725417137145996,0.6054160396258036,0.5651386380195618,0.6116407513618469,0.6394687294960022
dhs_stratified_sei,25000,4,28,0.0900475560426712,177.8409417490475,0.5261216461658478,0.4967028796672821,0.523321270942688,0.5583407878875732,0.5893210768699646,0.5526183247566223,0.5882169604301453,0.6271279454231262,0.5784635742505392,0.561066746711731,0.5807267427444458,0.5935972332954407,0.6119109590848287,0.5897462368011475,0.6175624132156372,0.6284242272377014,0.4998319447040558,0.4741177856922149,0.4887215495109558,0.5366564989089966,0.489027738571167,0.442878246307373,0.4843486547470093,0.5398563146591187,0.5075349907080332,0.4575795829296112,0.5018219947814941,0.5632033944129944,0.3804328540960948,0.3578145802021026,0.3649352192878723,0.4185487627983093,0.5163924098014832,0.4866787195205688,0.5155627727508545,0.5469357371330261,0.5894305308659872,0.5516924858093262,0.589332640171051,0.6272664666175842,0.4903954068819682,0.4599573910236358,0.4896866977214813,0.5215421319007874,0.5653349558512369,0.5243891477584839,0.5645160675048828,0.6070996522903442,0.5273144940535227,0.4976604878902435,0.5243728756904602,0.5599101185798645,0.5898613929748535,0.5534713268280029,0.5884206891059875,0.6276921629905701
dhs_stratified_sei,50000,0,60,0.0670034378528594,1300.0393880535848,0.6785044471422831,0.677518367767334,0.6738911271095276,0.6841038465499878,0.766983171304067,0.768329381942749,0.759006142616272,0.7736139893531799,0.7087758779525757,0.7110523581504822,0.7063385844230652,0.7089366912841797,0.7635524868965149,0.7668970823287964,0.7623435258865356,0.7614168524742126,0.7242196997006735,0.7381168603897095,0.704694926738739,0.7298473119735718,0.7362607916196188,0.7399219274520874,0.7276423573493958,0.741218090057373,0.7412285804748535,0.7422343492507935,0.7304730415344238,0.7509783506393433,0.5862715840339661,0.6102113723754883,0.5616200566291809,0.586983323097229,0.6674752632776896,0.6667339205741882,0.6640093922615051,0.6716824769973755,0.7671546538670858,0.7684066295623779,0.758959174156189,0.7740981578826904,0.6505661209424337,0.6524191498756409,0.6447375416755676,0.6545416712760925,0.7552643020947775,0.7577194571495056,0.7455243468284607,0.762549102306366,0.6786077817281088,0.6769007444381714,0.674414873123169,0.6845077276229858,0.7672251661618551,0.7688549757003784,0.7591040730476379,0.7737164497375488
dhs_stratified_sei,50000,1,60,0.0669178911209106,1294.9694046447985,0.6506733099619547,0.646981954574585,0.6446529626846313,0.660385012626648,0.7347885966300964,0.7325102090835571,0.7259945273399353,0.7458610534667969,0.6888576547304789,0.6907698512077332,0.6845936179161072,0.6912094950675964,0.7431366244951884,0.7458392381668091,0.74093097448349,0.7426396608352661,0.6927420496940613,0.7005844712257385,0.6747742891311646,0.7028673887252808,0.709499458471934,0.7116798162460327,0.6993613839149475,0.7174571752548218,0.7102147340774536,0.7068502902984619,0.700142502784729,0.7236514091491699,0.5591934323310852,0.5706092715263367,0.5396264791488647,0.5673445463180542,0.6402782003084818,0.6372398138046265,0.6355372071266174,0.6480575799942017,0.735665520032247,0.7331941723823547,0.7267813086509705,0.7470210790634155,0.6186622778574625,0.6173911690711975,0.6134974956512451,0.6250981688499451,0.7233778238296509,0.7226210832595825,0.7135499715805054,0.7339624166488647,0.6514537731806437,0.6470908522605896,0.6459301114082336,0.6613403558731079,0.7352686723073324,0.7329031825065613,0.7265028953552246,0.7463999390602112
dhs_stratified_sei,50000,2,101,0.0614398220241069,965.5566688943654,0.7062351504961649,0.7093355059623718,0.7031527757644653,0.7062171697616577,0.797307292620341,0.8019787073135376,0.7917767763137817,0.7981663942337036,0.7372373541196188,0.7419489622116089,0.7344604730606079,0.7353026270866394,0.797435442606608,0.8023307919502258,0.7965059280395508,0.7934696078300476,0.7582187453905741,0.7738475203514099,0.7412059903144836,0.7596027255058289,0.7647314667701721,0.7705309987068176,0.7571519613265991,0.7665114402770996,0.7744291623433431,0.7777839303016663,0.7664365172386169,0.7790670394897461,0.638933797677358,0.6538974046707153,0.6208499670028687,0.64205402135849,0.6943134864171346,0.6970815658569336,0.6924351453781128,0.6934237480163574,0.7980220715204874,0.801615834236145,0.7927903532981873,0.7996600270271301,0.677588939666748,0.6823861598968506,0.6711030006408691,0.6792776584625244,0.7888701756795248,0.7933327555656433,0.7798911929130554,0.7933865785598755,0.7064899404843649,0.7089101076126099,0.7038866877555847,0.7066730260848999,0.7978007793426514,0.8023288249969482,0.7923004627227783,0.7987730503082275
dhs_stratified_sei,50000,3,54,0.0632307857692241,534.0533155859448,0.6848052938779196,0.6714808344841003,0.6875595450401306,0.6953755021095276,0.7739799817403158,0.7619426250457764,0.7738774418830872,0.7861198782920837,0.7189965844154358,0.710483968257904,0.7234647274017334,0.7230410575866699,0.7785394589106241,0.7716653347015381,0.783528208732605,0.7804248332977295,0.7349363565444946,0.7428478598594666,0.7205305099487305,0.7414306998252869,0.737345556418101,0.7345853447914124,0.7311751246452332,0.7462761998176575,0.7454298535982767,0.741330087184906,0.736122727394104,0.7588367462158203,0.6068975130716959,0.6118299961090088,0.5929147005081177,0.6159478425979614,0.6739611625671387,0.6609845161437988,0.6775916814804077,0.6833072900772095,0.7752813895543417,0.7627761960029602,0.7752373814582825,0.7878305912017822,0.6546379923820496,0.6480374932289124,0.6525487899780273,0.663327693939209,0.7624668081601461,0.7527964115142822,0.7583831548690796,0.7762208580970764,0.6854371428489685,0.671255886554718,0.6886659860610962,0.6963895559310913,0.7747818231582642,0.762837290763855,0.7747040390968323,0.7868041396141052
dhs_stratified_sei,50000,4,62,0.0646191329181194,1098.7551225810312,0.6889443000157675,0.6864063739776611,0.6894701719284058,0.6909563541412354,0.7769622206687927,0.7752312421798706,0.7732425928115845,0.7824128270149231,0.723932941754659,0.7244250774383545,0.7236098647117615,0.7237638831138611,0.7828863461812338,0.7829118967056274,0.7835739850997925,0.7821731567382812,0.7376129825909933,0.746687114238739,0.7223424911499023,0.7438093423843384,0.7492249409357706,0.7529990673065186,0.7406905293464661,0.7539852261543274,0.7511465152104696,0.7497003674507141,0.742482602596283,0.7612565755844116,0.6074356039365133,0.6248796582221985,0.5907176733016968,0.6067094802856445,0.677869975566864,0.6755796074867249,0.6792491674423218,0.6787811517715454,0.7781997720400492,0.776054859161377,0.7744329571723938,0.784111499786377,0.6601158777872721,0.6600762605667114,0.6581404805183411,0.6621308922767639,0.7676095565160116,0.7663750052452087,0.7612485289573669,0.775205135345459,0.68929390112559,0.685854971408844,0.690561830997467,0.691464900970459,0.7774168451627096,0.7757752537727356,0.7738125920295715,0.7826626896858215
dhs_stratified_sei,50000,4,62,0.0646191329181194,1992.7592589389533,0.6889443000157675,0.6864063739776611,0.6894701719284058,0.6909563541412354,0.7769622206687927,0.7752312421798706,0.7732425928115845,0.7824128270149231,0.723932941754659,0.7244250774383545,0.7236098647117615,0.7237638831138611,0.7828863461812338,0.7829118967056274,0.7835739850997925,0.7821731567382812,0.7376129825909933,0.746687114238739,0.7223424911499023,0.7438093423843384,0.7492249409357706,0.7529990673065186,0.7406905293464661,0.7539852261543274,0.7511465152104696,0.7497003674507141,0.742482602596283,0.7612565755844116,0.6074356039365133,0.6248796582221985,0.5907176733016968,0.6067094802856445,0.677869975566864,0.6755796074867249,0.6792491674423218,0.6787811517715454,0.7781997720400492,0.776054859161377,0.7744329571723938,0.784111499786377,0.6601158777872721,0.6600762605667114,0.6581404805183411,0.6621308922767639,0.7676095565160116,0.7663750052452087,0.7612485289573669,0.775205135345459,0.68929390112559,0.685854971408844,0.690561830997467,0.691464900970459,0.7774168451627096,0.7757752537727356,0.7738125920295715,0.7826626896858215
dhs_stratified_sei,100000,0,33,0.0551766106784343,646.4948922907934,0.7476873596509298,0.7473118305206299,0.748082160949707,0.7476680874824524,0.8444462617238363,0.846477746963501,0.8391844034194946,0.8476766347885132,0.7746465603510538,0.774869441986084,0.7745054960250854,0.7745647430419922,0.8386772672335306,0.8389301300048828,0.8400210738182068,0.8370805978775024,0.815889040629069,0.8292390704154968,0.7993387579917908,0.8190892934799194,0.8193304141362509,0.8223494291305542,0.8127254843711853,0.8229163289070129,0.826253076394399,0.8338878750801086,0.8178130388259888,0.8270583152770996,0.7249212662378947,0.7438066601753235,0.7087177634239197,0.7222393751144409,0.7353193362553915,0.735071063041687,0.7368581295013428,0.7340288162231445,0.844794233640035,0.8463144302368164,0.8397915363311768,0.8482767343521118,0.7198242545127869,0.7250816226005554,0.7164504528045654,0.7179406881332397,0.8375744620958964,0.8416120409965515,0.8293938636779785,0.8417174816131592,0.7479554812113444,0.7467793822288513,0.7489192485809326,0.7481678128242493,0.8445765574773153,0.8465312123298645,0.8394074440002441,0.8477910161018372
dhs_stratified_sei,100000,1,32,0.0541589554965496,1385.1093396199867,0.745744526386261,0.7488236427307129,0.7440212368965149,0.7443886995315552,0.8428566455841064,0.8485788702964783,0.8364302515983582,0.8435608148574829,0.7744332949320475,0.7724066376686096,0.7770707607269287,0.7738224864006042,0.8373257517814636,0.8379225730895996,0.8411200046539307,0.8329346776008606,0.8144107460975647,0.8265402317047119,0.7985151410102844,0.8181768655776978,0.8183005054791769,0.8210134506225586,0.8098158240318298,0.8240722417831421,0.8256524602572123,0.8317373394966125,0.8149678111076355,0.8302522301673889,0.7235784331957499,0.7442647814750671,0.7062886357307434,0.7201818823814392,0.7338556051254272,0.7372404336929321,0.7331736087799072,0.7311527729034424,0.8441144426663717,0.8494303822517395,0.8377281427383423,0.8451848030090332,0.7191064953804016,0.7266284823417664,0.714576005935669,0.7161149978637695,0.836465855439504,0.8438578248023987,0.8270840048789978,0.8384557366371155,0.7457998792330424,0.7482620477676392,0.7446659207344055,0.7444716691970825,0.8432566920916239,0.8490188717842102,0.8368403911590576,0.843910813331604
dhs_stratified_sei,100000,1,32,0.0541589554965496,1386.3899285369553,0.745744526386261,0.7488236427307129,0.7440212368965149,0.7443886995315552,0.8428566455841064,0.8485788702964783,0.8364302515983582,0.8435608148574829,0.7744332949320475,0.7724066376686096,0.7770707607269287,0.7738224864006042,0.8373257517814636,0.8379225730895996,0.8411200046539307,0.8329346776008606,0.8144107460975647,0.8265402317047119,0.7985151410102844,0.8181768655776978,0.8183005054791769,0.8210134506225586,0.8098158240318298,0.8240722417831421,0.8256524602572123,0.8317373394966125,0.8149678111076355,0.8302522301673889,0.7235784331957499,0.7442647814750671,0.7062886357307434,0.7201818823814392,0.7338556051254272,0.7372404336929321,0.7331736087799072,0.7311527729034424,0.8441144426663717,0.8494303822517395,0.8377281427383423,0.8451848030090332,0.7191064953804016,0.7266284823417664,0.714576005935669,0.7161149978637695,0.836465855439504,0.8438578248023987,0.8270840048789978,0.8384557366371155,0.7457998792330424,0.7482620477676392,0.7446659207344055,0.7444716691970825,0.8432566920916239,0.8490188717842102,0.8368403911590576,0.843910813331604
dhs_stratified_sei,100000,2,32,0.0546847945928573,639.2440019669011,0.7441457708676656,0.7453017234802246,0.7449096441268921,0.7422259449958801,0.8430233597755432,0.8458381295204163,0.8391835689544678,0.8440483808517456,0.776495079199473,0.7747422456741333,0.7764083743095398,0.7783346176147461,0.8415927092234293,0.8414113521575928,0.8436756730079651,0.8396911025047302,0.815510074297587,0.82841557264328,0.7980616688728333,0.820052981376648,0.8210812012354533,0.8220977187156677,0.8141743540763855,0.8269715309143066,0.8282590707143148,0.8320115208625793,0.8200198411941528,0.8327458500862122,0.7296950022379557,0.7479028701782227,0.7148306369781494,0.7263514995574951,0.7316761414210001,0.7327633500099182,0.7335804104804993,0.728684663772583,0.8432839314142863,0.8458428382873535,0.8393245935440063,0.844684362411499,0.7191182176272074,0.7238329648971558,0.7157106995582581,0.7178109884262085,0.8370823661486307,0.840528130531311,0.8295409679412842,0.8411779999732971,0.744135836760203,0.7442929744720459,0.745536744594574,0.7425777912139893,0.8431901733080546,0.8460870981216431,0.8393851518630981,0.8440982699394226
dhs_stratified_sei,100000,3,33,0.0528630390048027,646.9219483979978,0.7574125329653422,0.758582353591919,0.7592217922210693,0.7544334530830383,0.8545947869618734,0.8575139045715332,0.8513485789299011,0.8549218773841858,0.781550923983256,0.7788529396057129,0.7828778028488159,0.7829220294952393,0.8463540474573771,0.8460029363632202,0.8486336469650269,0.8444255590438843,0.8273930152257284,0.8440460562705994,0.8096178770065308,0.8285151124000549,0.8342793385187784,0.8411373496055603,0.8290449976921082,0.832655668258667,0.8358098467191061,0.8410567045211792,0.8280596733093262,0.8383131623268127,0.7447953025499979,0.7620363235473633,0.7305817604064941,0.7417678236961365,0.7456644574801127,0.7472372651100159,0.7485249638557434,0.7412311434745789,0.8555101950963339,0.8583609461784363,0.8521164655685425,0.8560531735420227,0.7306298017501831,0.7368714809417725,0.7283414602279663,0.7266764640808105,0.8491059343020121,0.8539956212043762,0.8424414396286011,0.8508807420730591,0.7575545112291971,0.7578503489494324,0.7599613666534424,0.7548518180847168,0.8549096783002218,0.8578309416770935,0.8516915440559387,0.8552065491676331
dhs_stratified_sei,100000,4,32,0.0538995474219322,645.227877270896,0.7502294182777405,0.7517992258071899,0.7495757341384888,0.7493132948875427,0.8471190333366394,0.8500123620033264,0.8429706692695618,0.84837406873703,0.7732173999150594,0.7707449793815613,0.7745224833488464,0.7743847370147705,0.8380793929100037,0.8358374238014221,0.8420932292938232,0.8363075256347656,0.8157430489857992,0.8289359211921692,0.8005005717277527,0.8177926540374756,0.8284965356191,0.8297833204269409,0.821979820728302,0.8337264657020569,0.8306734959284464,0.8328243494033813,0.8250669836997986,0.8341291546821594,0.7345629930496216,0.751725971698761,0.7202316522598267,0.7317313551902771,0.7378776669502258,0.7399324774742126,0.7381869554519653,0.7355135679244995,0.8477577368418375,0.8506453037261963,0.84340900182724,0.8492189049720764,0.7231820424397787,0.728166401386261,0.7188553810119629,0.7225243449211121,0.840591569741567,0.8445067405700684,0.8337381482124329,0.8435298204421997,0.750147263209025,0.7510392069816589,0.750164806842804,0.7492377758026123,0.8474107782046,0.8505308032035828,0.8432751893997192,0.848426342010498
dhs_stratified_sei,150000,0,56,0.0405645050545533,1555.5695375283249,0.8217269579569498,0.8198738098144531,0.825249969959259,0.8200570940971375,0.9220625162124634,0.9202577471733092,0.9207786917686462,0.9251511096954346,0.8434991041819254,0.8406031131744385,0.8451457023620605,0.8447484970092773,0.9176173011461892,0.9141838550567628,0.919930934906006,0.9187371134757996,0.9029028018315634,0.9050384163856506,0.8985301852226257,0.9051398038864136,0.9014480113983154,0.8991909623146057,0.9029025435447692,0.9022505283355712,0.9054649869600933,0.9044524431228638,0.9038187265396118,0.908123791217804,0.8504617015520731,0.8585128784179688,0.845450222492218,0.8474220037460327,0.8076890905698141,0.8068548440933228,0.8122231364250183,0.8039892911911011,0.922299842039744,0.920436441898346,0.9209100604057312,0.925553023815155,0.7923291722933451,0.7947715520858765,0.7953833937644958,0.7868325710296631,0.9164528846740724,0.9154958724975586,0.914042830467224,0.919819951057434,0.8218905528386434,0.8194187879562378,0.8256978392601013,0.8205550312995911,0.9221341609954834,0.9204174280166626,0.9207727313041688,0.9252123236656188
dhs_stratified_sei,150000,1,41,0.0438851944645245,2547.294587962097,0.8013132810592651,0.8025926947593689,0.8045427799224854,0.7968043684959412,0.9009772340456644,0.9043943285942078,0.8985479474067688,0.8999894261360168,0.8270271420478821,0.8246292471885681,0.8286733031272888,0.8277788758277893,0.8969509402910868,0.8947739005088806,0.899804949760437,0.8962739706039429,0.879517118136088,0.8901950716972351,0.8731186985969543,0.8752375841140747,0.8866888086001078,0.8915796279907227,0.8867355585098267,0.8817512392997742,0.8876915375391642,0.889180600643158,0.8849164843559265,0.8889775276184082,0.8148782054583231,0.8310877084732056,0.8069198131561279,0.806627094745636,0.7884620626767477,0.7904883623123169,0.7927574515342712,0.7821403741836548,0.9015361269315084,0.904787540435791,0.8989940881729126,0.9008267521858216,0.774833083152771,0.7809323072433472,0.7755997180938721,0.7679672241210938,0.8960519035657247,0.9004448652267456,0.8916827440261841,0.8960281014442444,0.8014341394106547,0.8021567463874817,0.8050346374511719,0.7971110343933105,0.9010111292203268,0.9045918583869934,0.8984149694442749,0.9000265598297119
dhs_stratified_sei,150000,1,41,0.0438851944645245,2560.042801260017,0.8013132810592651,0.8025926947593689,0.8045427799224854,0.7968043684959412,0.9009772340456644,0.9043943285942078,0.8985479474067688,0.8999894261360168,0.8270271420478821,0.8246292471885681,0.8286733031272888,0.8277788758277893,0.8969509402910868,0.8947739005088806,0.899804949760437,0.8962739706039429,0.879517118136088,0.8901950716972351,0.8731186985969543,0.8752375841140747,0.8866888086001078,0.8915796279907227,0.8867355585098267,0.8817512392997742,0.8876915375391642,0.889180600643158,0.8849164843559265,0.8889775276184082,0.8148782054583231,0.8310877084732056,0.8069198131561279,0.806627094745636,0.7884620626767477,0.7904883623123169,0.7927574515342712,0.7821403741836548,0.9015361269315084,0.904787540435791,0.8989940881729126,0.9008267521858216,0.774833083152771,0.7809323072433472,0.7755997180938721,0.7679672241210938,0.8960519035657247,0.9004448652267456,0.8916827440261841,0.8960281014442444,0.8014341394106547,0.8021567463874817,0.8050346374511719,0.7971110343933105,0.9010111292203268,0.9045918583869934,0.8984149694442749,0.9000265598297119
dhs_stratified_sei,150000,2,41,0.0453187662462393,1175.276640763972,0.7911982536315918,0.7912194132804871,0.7933979034423828,0.7889774441719055,0.8904056350390116,0.8914921283721924,0.887620747089386,0.8921040296554565,0.8138529459635416,0.8140323758125305,0.8155805468559265,0.811945915222168,0.8824477394421896,0.8829280138015747,0.885681688785553,0.8787335157394409,0.8658411105473837,0.8748005628585815,0.856583297252655,0.8661394715309143,0.8679273128509521,0.8701876401901245,0.86723393201828,0.8663603663444519,0.8769734899202982,0.8787671327590942,0.8740556836128235,0.878097653388977,0.7998536626497904,0.8156660795211792,0.7897149324417114,0.7941799759864807,0.7780774037043253,0.7785802483558655,0.7815162539482117,0.7741357088088989,0.8909993767738342,0.8918169736862183,0.8882697224617004,0.892911434173584,0.7633922100067139,0.7664985656738281,0.7642290592193604,0.7594490051269531,0.8854683041572571,0.8876694440841675,0.8809027671813965,0.8878327012062073,0.791318396727244,0.7907747626304626,0.7939218878746033,0.7892585396766663,0.890686055024465,0.891901969909668,0.8878216743469238,0.892334520816803
dhs_stratified_sei,150000,3,25,0.0516252077043056,734.0824084789492,0.7650420665740967,0.7658911943435669,0.7645249962806702,0.764710009098053,0.8633260130882263,0.8669149279594421,0.8586190342903137,0.8644440770149231,0.7900346914927164,0.7899442315101624,0.7921512722969055,0.7880085706710815,0.8558060526847839,0.8572425246238708,0.8593336343765259,0.8508419990539551,0.8324721852938334,0.8455518484115601,0.8178623914718628,0.8340023159980774,0.8385533690452576,0.8412429094314575,0.8340818881988525,0.8403353095054626,0.8467795650164286,0.8530890941619873,0.8408170342445374,0.8464325666427612,0.75687042872111,0.7757724523544312,0.7428732514381409,0.7519655823707581,0.7523765365282694,0.7535638213157654,0.7531149983406067,0.7504507899284363,0.8640375137329102,0.867383599281311,0.8592312932014465,0.8654976487159729,0.7384670774141947,0.7444841265678406,0.7344251275062561,0.7364919781684875,0.8581360578536987,0.8637141585350037,0.8503997921943665,0.8602942228317261,0.7650402585665385,0.7649887800216675,0.7651207447052002,0.7650112509727478,0.8637634714444479,0.867436408996582,0.8590330481529236,0.8648209571838379
dhs_stratified_sei,150000,4,40,0.0440775671899318,1159.1317109358497,0.7987027764320374,0.8010472655296326,0.8013643026351929,0.7936967611312866,0.8969573378562927,0.8995358347892761,0.895745038986206,0.895591139793396,0.8211841781934103,0.8178917169570923,0.8243007659912109,0.8213600516319275,0.8919277588526408,0.890265941619873,0.8954079747200012,0.8901093602180481,0.8772167960802714,0.8888682126998901,0.8699893355369568,0.8727928400039673,0.8830279310544332,0.886570930480957,0.8830543756484985,0.879458487033844,0.8871705929438273,0.8905524611473083,0.8857275247573853,0.8852317929267883,0.8113172849019369,0.8288895487785339,0.8039447069168091,0.8011175990104675,0.7856750090916952,0.7885334491729736,0.7894703149795532,0.7790212631225586,0.8974345525105795,0.9000000953674316,0.8959925174713135,0.8963110446929932,0.771914541721344,0.7776784896850586,0.7716019153594971,0.7664632201194763,0.8926960428555807,0.8960833549499512,0.8891449570655823,0.8928598165512085,0.7987605134646097,0.8005732893943787,0.8018020987510681,0.7939061522483826,0.8971061706542969,0.8999264240264893,0.8957342505455017,0.8956578373908997
dhs_stratified_sei,200000,0,44,0.0378922959566116,1634.1505704228766,0.8308913310368856,0.8279650211334229,0.8367264270782471,0.8279825448989868,0.931444009145101,0.9293439984321594,0.931615114212036,0.9333729147911072,0.859127144018809,0.8586472272872925,0.8597814440727234,0.8589527606964111,0.9358109633127848,0.9344583749771118,0.9370484948158264,0.9359260201454164,0.9173829952875772,0.9184133410453796,0.9140417575836182,0.919693887233734,0.9178224205970764,0.915364682674408,0.9200973510742188,0.9180052280426024,0.9195337096850076,0.9167808890342712,0.9201821088790894,0.9216381311416626,0.8684231837590536,0.874588668346405,0.8651975393295288,0.8654833436012268,0.8166433175404867,0.8143712878227234,0.8239561319351196,0.8116025328636169,0.9314424395561218,0.929162621498108,0.9316056966781616,0.933559000492096,0.802087406317393,0.8030222654342651,0.806791365146637,0.7964485883712769,0.926416556040446,0.9252615571022034,0.9260416626930236,0.9279464483261108,0.8308951258659363,0.8272273540496826,0.8372780680656433,0.8281799554824829,0.9313475489616394,0.9292575716972352,0.9315803050994872,0.9332047700881958
dhs_stratified_sei,200000,1,44,0.0378160689234733,5392.415614850819,0.8331153194109598,0.8328065276145935,0.8376097679138184,0.8289296627044678,0.9322115182876588,0.9316967725753784,0.9311891794204712,0.9337486028671264,0.8555128971735636,0.852626621723175,0.8569759130477905,0.8569361567497253,0.9275654554367064,0.9249863028526306,0.929075002670288,0.9286350607872008,0.9153782526652018,0.9171027541160583,0.9119993448257446,0.9170326590538024,0.917604406674703,0.918212592601776,0.9180741310119628,0.91652649641037,0.9185902078946432,0.917510449886322,0.9176216721534728,0.9206385016441344,0.863126536210378,0.8734881281852722,0.8587014675140381,0.8571900129318237,0.8190016746520996,0.8196110129356384,0.8243903517723083,0.813003659248352,0.9325217604637146,0.931974470615387,0.931326985359192,0.9342638254165648,0.8044354319572449,0.8076125383377075,0.8073690533638,0.798324704170227,0.927339494228363,0.9269746541976928,0.9255335330963136,0.9295102953910828,0.8332531849543253,0.8322627544403076,0.838152289390564,0.8293445110321045,0.9322958787282308,0.9319050908088684,0.9311696887016296,0.9338128566741944
dhs_stratified_sei,200000,1,44,0.0378160689234733,5427.701464513084,0.8331153194109598,0.8328065276145935,0.8376097679138184,0.8289296627044678,0.9322115182876588,0.9316967725753784,0.9311891794204712,0.9337486028671264,0.8555128971735636,0.852626621723175,0.8569759130477905,0.8569361567497253,0.9275654554367064,0.9249863028526306,0.929075002670288,0.9286350607872008,0.9153782526652018,0.9171027541160583,0.9119993448257446,0.9170326590538024,0.917604406674703,0.918212592601776,0.9180741310119628,0.91652649641037,0.9185902078946432,0.917510449886322,0.9176216721534728,0.9206385016441344,0.863126536210378,0.8734881281852722,0.8587014675140381,0.8571900129318237,0.8190016746520996,0.8196110129356384,0.8243903517723083,0.813003659248352,0.9325217604637146,0.931974470615387,0.931326985359192,0.9342638254165648,0.8044354319572449,0.8076125383377075,0.8073690533638,0.798324704170227,0.927339494228363,0.9269746541976928,0.9255335330963136,0.9295102953910828,0.8332531849543253,0.8322627544403076,0.838152289390564,0.8293445110321045,0.9322958787282308,0.9319050908088684,0.9311696887016296,0.9338128566741944
dhs_stratified_sei,200000,1,44,0.0378160689234733,5390.133962934837,0.8331153194109598,0.8328065276145935,0.8376097679138184,0.8289296627044678,0.9322115182876588,0.9316967725753784,0.9311891794204712,0.9337486028671264,0.8555128971735636,0.852626621723175,0.8569759130477905,0.8569361567497253,0.9275654554367064,0.9249863028526306,0.929075002670288,0.9286350607872008,0.9153782526652018,0.9171027541160583,0.9119993448257446,0.9170326590538024,0.917604406674703,0.918212592601776,0.9180741310119628,0.91652649641037,0.9185902078946432,0.917510449886322,0.9176216721534728,0.9206385016441344,0.863126536210378,0.8734881281852722,0.8587014675140381,0.8571900129318237,0.8190016746520996,0.8196110129356384,0.8243903517723083,0.813003659248352,0.9325217604637146,0.931974470615387,0.931326985359192,0.9342638254165648,0.8044354319572449,0.8076125383377075,0.8073690533638,0.798324704170227,0.927339494228363,0.9269746541976928,0.9255335330963136,0.9295102953910828,0.8332531849543253,0.8322627544403076,0.838152289390564,0.8293445110321045,0.9322958787282308,0.9319050908088684,0.9311696887016296,0.9338128566741944
dhs_stratified_sei,200000,2,44,0.039885418176651,1656.3052829271182,0.8088611563046774,0.8112354278564453,0.8128366470336914,0.8025113940238953,0.9090462923049928,0.9131487011909484,0.9083175659179688,0.9056726098060608,0.8381836811701456,0.8388875126838684,0.8403908014297485,0.8352727293968201,0.9114946524302164,0.9098750352859496,0.9146289825439452,0.9099799394607544,0.8972674210866293,0.9064913392066956,0.8932259678840637,0.8920849561691284,0.9043025374412536,0.9069929718971252,0.905307948589325,0.9006066918373108,0.9033766786257426,0.9055039882659912,0.9018911123275756,0.9027349352836608,0.8482593297958374,0.8603962063789368,0.843406081199646,0.8409757018089294,0.7952029307683309,0.7983083724975586,0.7999457716941833,0.7873546481132507,0.9091182549794516,0.913260579109192,0.90840083360672,0.9056933522224426,0.7840900421142578,0.7895306348800659,0.786670982837677,0.7760685086250305,0.9071129759152732,0.9108876585960388,0.9046176075935364,0.905833661556244,0.8086350560188293,0.8102132081985474,0.8130604028701782,0.8026315569877625,0.9087743759155272,0.9131519198417664,0.9079579710960388,0.9052132368087769
dhs_stratified_sei,200000,3,44,0.03774785785079,1627.7385492138565,0.8272122740745544,0.8256123065948486,0.8318896293640137,0.824134886264801,0.9295251568158468,0.9283113479614258,0.9286083579063416,0.931655764579773,0.855489710966746,0.8542831540107727,0.8574680089950562,0.8547179698944092,0.929358998934428,0.9282294511795044,0.93113774061203,0.9287098050117492,0.9124029080073038,0.9151681065559388,0.9087191820144652,0.9133214354515076,0.9138641754786172,0.9142292737960817,0.914876103401184,0.9124871492385864,0.9141237139701844,0.9128918647766112,0.912658989429474,0.9168202877044678,0.8662358522415161,0.8722311854362488,0.8621754050254822,0.8643009662628174,0.8132670124371847,0.812500536441803,0.8190839886665344,0.8082165122032166,0.93000199397405,0.928657591342926,0.9289486408233644,0.9323997497558594,0.798940122127533,0.8013620972633362,0.8023768067359924,0.7930814623832703,0.924563487370809,0.924113154411316,0.9225172996520996,0.9270600080490112,0.8273076216379801,0.8250244855880737,0.8323940634727478,0.8245043158531189,0.9296541412671409,0.9285256266593932,0.9286493062973022,0.9317874908447266
dhs_stratified_sei,200000,4,56,0.0374252255409955,2055.0350346639752,0.8326627810796102,0.8322626352310181,0.8360748887062073,0.8296508193016052,0.9315999348958334,0.9318032264709472,0.9298278093338012,0.9331687688827516,0.8584845264752706,0.8594405055046082,0.8576161861419678,0.8583968877792358,0.9367928306261698,0.9357019066810608,0.9362457990646362,0.9384307861328124,0.9145798484484354,0.9200671315193176,0.9102200865745544,0.9134523272514344,0.9155640006065368,0.9151805639266968,0.917613446712494,0.91389799118042,0.9177594780921936,0.9180580377578736,0.9173539280891418,0.9178664684295654,0.8705914815266927,0.8796670436859131,0.8665602207183838,0.8655471801757812,0.8183087706565857,0.8181018233299255,0.823142945766449,0.8136815428733826,0.9318012396494548,0.9316027164459229,0.9300493001937866,0.9337517023086548,0.8029388984044393,0.8059149384498596,0.8052552938461304,0.7976464629173279,0.9262044827143352,0.9268510937690736,0.9236517548561096,0.9281105995178224,0.8328453103701273,0.8315901756286621,0.8366566300392151,0.8302891254425049,0.931508998076121,0.931687593460083,0.9296743869781494,0.9331650137901306
dhs_stratified_sei,300000,0,72,0.0331580984989802,3916.716781064868,0.8484558661778768,0.8489913940429688,0.8529433608055115,0.8434328436851501,0.9473586479822794,0.9474237561225892,0.9470481276512146,0.9476040601730348,0.8748199542363485,0.875024676322937,0.87514328956604,0.8742918968200684,0.9505061109860738,0.9501707553863524,0.9504361748695374,0.9509114027023317,0.9353719353675842,0.9400526285171508,0.931962251663208,0.9341009259223938,0.936354676882426,0.9357858300209044,0.9364451169967652,0.9368330836296082,0.9352670510609944,0.9343973994255066,0.9357056021690368,0.93569815158844,0.8978648781776428,0.9031007885932922,0.8971523642539978,0.8933414816856384,0.8339835604031881,0.8353946208953857,0.8395529985427856,0.8270030617713928,0.9475294152895608,0.9474145174026488,0.9472025036811828,0.9479712247848512,0.8186610539754232,0.8216755390167236,0.8229072093963623,0.8114004135131836,0.9435399770736694,0.9434515237808228,0.942611277103424,0.9445571303367616,0.8487254977226257,0.8485400080680847,0.8535274267196655,0.844109058380127,0.9472848773002625,0.9472541213035583,0.946985363960266,0.9476151466369628
dhs_stratified_sei,300000,1,72,0.0339212907731533,4107.431882663164,0.8453945914904276,0.8437981605529785,0.8517075777053833,0.8406780362129211,0.946114182472229,0.9446569681167604,0.946118175983429,0.9475674033164978,0.874644140402476,0.8748645782470703,0.8750762343406677,0.8739916086196899,0.9526242812474568,0.9503938555717468,0.9528236389160156,0.9546553492546082,0.9327808618545532,0.9346851706504822,0.9302907586097716,0.9333666563034058,0.933435042699178,0.9320780038833618,0.934225618839264,0.9340015053749084,0.9337622125943502,0.931601881980896,0.9346120357513428,0.9350727200508118,0.8909319440523783,0.8947275876998901,0.8916459679603577,0.8864222764968872,0.8309118747711182,0.8303921818733215,0.8384263515472412,0.8239170908927917,0.94617227713267,0.9447421431541444,0.9460957646369934,0.9476789236068726,0.8171778718630472,0.8198561072349548,0.8222299218177795,0.8094475865364075,0.9421618580818176,0.941114604473114,0.9411441087722778,0.944226861000061,0.84546426932017,0.8430197834968567,0.8522829413414001,0.8410900831222534,0.9460219144821168,0.9445934295654296,0.9460256099700928,0.9474467039108276
dhs_stratified_sei,300000,1,72,0.0339212907731533,4101.036002102308,0.8453945914904276,0.8437981605529785,0.8517075777053833,0.8406780362129211,0.946114182472229,0.9446569681167604,0.946118175983429,0.9475674033164978,0.874644140402476,0.8748645782470703,0.8750762343406677,0.8739916086196899,0.9526242812474568,0.9503938555717468,0.9528236389160156,0.9546553492546082,0.9327808618545532,0.9346851706504822,0.9302907586097716,0.9333666563034058,0.933435042699178,0.9320780038833618,0.934225618839264,0.9340015053749084,0.9337622125943502,0.931601881980896,0.9346120357513428,0.9350727200508118,0.8909319440523783,0.8947275876998901,0.8916459679603577,0.8864222764968872,0.8309118747711182,0.8303921818733215,0.8384263515472412,0.8239170908927917,0.94617227713267,0.9447421431541444,0.9460957646369934,0.9476789236068726,0.8171778718630472,0.8198561072349548,0.8222299218177795,0.8094475865364075,0.9421618580818176,0.941114604473114,0.9411441087722778,0.944226861000061,0.84546426932017,0.8430197834968567,0.8522829413414001,0.8410900831222534,0.9460219144821168,0.9445934295654296,0.9460256099700928,0.9474467039108276
dhs_stratified_sei,300000,2,56,0.0345962722619374,3106.433369654231,0.842742125193278,0.8434292078018188,0.8466067314147949,0.8381904363632202,0.9428198337554932,0.9439148902893066,0.940726399421692,0.943818211555481,0.8673534393310547,0.8695207238197327,0.8672036528587341,0.8653359413146973,0.9416740934054056,0.942303478717804,0.9419618844985962,0.9407569169998168,0.9276521404584248,0.9324763417243958,0.922946035861969,0.92753404378891,0.9277129173278807,0.9285109639167786,0.9274110794067384,0.9272167086601256,0.9293863375981648,0.9283002614974976,0.928975522518158,0.9308832287788392,0.8891693552335104,0.8952968120574951,0.8869248032569885,0.8852864503860474,0.8285120129585266,0.8303149342536926,0.8336966037750244,0.8215245008468628,0.9431549708048502,0.9441519975662231,0.9409559965133668,0.9443569183349608,0.8142717480659485,0.8184127807617188,0.8171330094337463,0.8072694540023804,0.937995672225952,0.939150333404541,0.9350449442863464,0.939791738986969,0.8430005113283793,0.84299236536026,0.8472961783409119,0.8387129902839661,0.942926069100698,0.9440603852272034,0.9407526254653932,0.9439651966094972
dhs_stratified_sei,300000,3,72,0.0330999161799748,3895.5627887849696,0.8497572938601176,0.8502225875854492,0.8543621897697449,0.8446871042251587,0.9499216079711914,0.9508296847343444,0.9489692449569702,0.9499658942222596,0.8756678899129232,0.878393828868866,0.8754888772964478,0.8731209635734558,0.9564893047014872,0.9568244814872742,0.9559046030044556,0.956738829612732,0.9365083773930868,0.9407958388328552,0.9326680898666382,0.9360612034797668,0.9366708993911744,0.9378985166549684,0.9365251064300536,0.935589075088501,0.936787744363149,0.9352878332138062,0.9364351630210876,0.9386402368545532,0.897920290629069,0.9029116034507751,0.8960632681846619,0.89478600025177,0.8348992665608724,0.836056113243103,0.8409110903739929,0.8277305960655212,0.9498999118804932,0.9506756663322448,0.948834240436554,0.9501898288726808,0.8203244010607401,0.8245440721511841,0.8243343234062195,0.8120948076248169,0.9452197154362996,0.9461962580680848,0.9434201717376708,0.9460427165031432,0.8498380184173584,0.8494921922683716,0.8549578189849854,0.8450640439987183,0.9499324361483256,0.9507745504379272,0.9489684104919434,0.9500543475151062
dhs_stratified_sei,300000,4,72,0.0336426228523254,3933.353076871019,0.8473925193150839,0.8470771908760071,0.8521044254302979,0.8429959416389465,0.9476156234741212,0.9476814270019532,0.9469828605651855,0.9481825828552246,0.874704917271932,0.8750661015510559,0.8749552369117737,0.8740934133529663,0.9530816674232484,0.9510191082954408,0.9531311988830566,0.9550946950912476,0.9353444377581278,0.939288318157196,0.931261956691742,0.9354830384254456,0.9362900058428446,0.9370703101158142,0.9355828762054444,0.9362168312072754,0.936445931593577,0.9357247948646544,0.9353705048561096,0.938242495059967,0.8958995143572489,0.9011768698692322,0.8935139179229736,0.893007755279541,0.8326356212298075,0.8331071734428406,0.8386907577514648,0.8261089324951172,0.9477464556694032,0.9475711584091188,0.9470927715301514,0.9485754370689392,0.8180772463480631,0.8206106424331665,0.8223535418510437,0.8112675547599792,0.9440138737360636,0.943845510482788,0.9425723552703856,0.9456237554550172,0.8475116292635599,0.8464436531066895,0.8526996970176697,0.8433915376663208,0.9475394090016684,0.9476077556610109,0.9469039440155028,0.9481065273284912
dhs_stratified_sei_synth,10000,0,24,0.1010292409658432,90.49968843813986,0.463705579439799,0.4227348566055298,0.4663832783699035,0.5019986033439636,0.5193212032318115,0.4652132391929626,0.5276356935501099,0.5651146769523621,0.5104720592498779,0.4787424802780151,0.5201385617256165,0.5325351357460022,0.5409883459409078,0.5026306509971619,0.5556532144546509,0.5646811723709106,0.428124725818634,0.3947835862636566,0.4289630949497223,0.4606274962425232,0.393326719601949,0.3337402641773224,0.4043738543987274,0.4418660402297973,0.3900694052378337,0.3260243535041809,0.3955887258052826,0.4485951364040375,0.311701754728953,0.2863590717315674,0.2986575961112976,0.3500885963439941,0.4538524448871612,0.4142135381698608,0.4580281972885132,0.4893155992031097,0.5193546513716379,0.4650818407535553,0.5285735726356506,0.564408540725708,0.4218322237332662,0.3813839852809906,0.4256234765052795,0.4584892094135284,0.4882789055506388,0.4309252500534057,0.4974777698516845,0.5364336967468262,0.4645583033561706,0.4234397113323211,0.4670349657535553,0.5032002329826355,0.5196731289227804,0.4657536745071411,0.5276747941970825,0.5655909180641174
dhs_stratified_sei_synth,10000,1,41,0.1067601259946823,257.09698371891864,0.3964838087558746,0.3521681725978851,0.3799261450767517,0.457357108592987,0.447448581457138,0.3962949216365814,0.4295523762702942,0.5164984464645386,0.4301750361919403,0.3943012356758117,0.4034604728221893,0.4927634000778198,0.4601646562417348,0.4215798377990722,0.4343903958797455,0.5245237350463867,0.3986620406309764,0.3662408888339996,0.381134033203125,0.4486111998558044,0.3809741238753001,0.3165992200374603,0.3777772486209869,0.448545902967453,0.3994009296099345,0.3480255603790283,0.3886428773403168,0.4615343511104584,0.3046481808026631,0.2801863253116607,0.2810053527355194,0.3527528643608093,0.3950799802939097,0.3504983484745025,0.3788863718509674,0.4558552205562591,0.4529858628908793,0.4016333520412445,0.4341246783733368,0.5231995582580566,0.3751986722151438,0.3297214806079864,0.3634330034255981,0.4324415326118469,0.4344395995140075,0.3792141675949096,0.4202733635902405,0.5038312673568726,0.3972627520561218,0.3522360622882843,0.380792498588562,0.4587596952915191,0.4479656219482422,0.396506130695343,0.4299345016479492,0.5174562335014343
dhs_stratified_sei_synth,10000,1,41,0.1067601259946823,261.1382539260667,0.3964838087558746,0.3521681725978851,0.3799261450767517,0.457357108592987,0.447448581457138,0.3962949216365814,0.4295523762702942,0.5164984464645386,0.4301750361919403,0.3943012356758117,0.4034604728221893,0.4927634000778198,0.4601646562417348,0.4215798377990722,0.4343903958797455,0.5245237350463867,0.3986620406309764,0.3662408888339996,0.381134033203125,0.4486111998558044,0.3809741238753001,0.3165992200374603,0.3777772486209869,0.448545902967453,0.3994009296099345,0.3480255603790283,0.3886428773403168,0.4615343511104584,0.3046481808026631,0.2801863253116607,0.2810053527355194,0.3527528643608093,0.3950799802939097,0.3504983484745025,0.3788863718509674,0.4558552205562591,0.4529858628908793,0.4016333520412445,0.4341246783733368,0.5231995582580566,0.3751986722151438,0.3297214806079864,0.3634330034255981,0.4324415326118469,0.4344395995140075,0.3792141675949096,0.4202733635902405,0.5038312673568726,0.3972627520561218,0.3522360622882843,0.380792498588562,0.4587596952915191,0.4479656219482422,0.396506130695343,0.4299345016479492,0.5174562335014343
dhs_stratified_sei_synth,10000,2,24,0.0992764453291893,93.87825417332353,0.4658794303735097,0.4272135198116302,0.4767100811004638,0.493714690208435,0.5270082851250967,0.4747471511363983,0.544147789478302,0.5621299147605896,0.5222916205724081,0.4935148954391479,0.5316637754440308,0.5416961908340454,0.5545180241266886,0.5198984742164612,0.5697395205497742,0.5739160776138306,0.4454618692398071,0.4130759835243225,0.4512474238872528,0.472062200307846,0.4217885335286458,0.3708449900150299,0.4398213028907776,0.45469930768013,0.4192672669887543,0.3624770045280456,0.4350013136863708,0.4603234827518463,0.3062249918778737,0.2751478850841522,0.2977803349494934,0.3457467555999756,0.4575697382291158,0.4195809960365295,0.4690752923488617,0.4840529263019562,0.5269696513811747,0.4745466113090515,0.5445666313171387,0.561795711517334,0.4294154047966003,0.3924838602542877,0.4404443502426147,0.4553180038928985,0.5004481971263885,0.4472726881504059,0.5187137126922607,0.535358190536499,0.4662809669971466,0.4270749986171722,0.477174699306488,0.4945932030677795,0.5267166793346405,0.4743383824825287,0.5437391996383667,0.5620724558830261
dhs_stratified_sei_synth,10000,3,23,0.1072121790647506,90.77837054990232,0.4028826057910919,0.3746984899044037,0.4096291661262512,0.4243201613426208,0.4585898915926615,0.4170885980129242,0.4708776175975799,0.4878034591674804,0.47416686018308,0.450541228055954,0.482817530632019,0.4891418218612671,0.503013034661611,0.4720832109451294,0.517975389957428,0.5189805030822754,0.401257832845052,0.3759924471378326,0.4115053117275238,0.4162757396697998,0.321830948193868,0.2966150939464569,0.3343970775604248,0.3344806730747223,0.3070162236690521,0.2780894339084625,0.3175749182701111,0.3253843188285827,0.2910037140051524,0.2601231336593628,0.2850361466407776,0.3278518617153168,0.3985249598821004,0.3710751533508301,0.4069666266441345,0.4175330996513366,0.4614239335060119,0.4195016324520111,0.4750126302242279,0.4897575378417969,0.3647048374017079,0.3398416042327881,0.3714794218540191,0.3827934861183166,0.4264428416887919,0.3860557079315185,0.4398694038391113,0.4534034132957458,0.4031013151009877,0.3745175302028656,0.4099481105804443,0.4248383045196533,0.4583472808202107,0.4170091450214386,0.4704485535621643,0.4875841438770294
dhs_stratified_sei_synth,10000,4,22,0.1042721537947654,90.58608406595886,0.4173797965049743,0.3964808583259582,0.4262155592441559,0.4294429719448089,0.472003032763799,0.4412745833396911,0.4875418543815613,0.4871926605701446,0.4791300296783447,0.4646149277687073,0.4962566792964935,0.4765184819698334,0.5068743526935577,0.4890629947185516,0.5288832187652588,0.5026768445968628,0.3955365121364593,0.3855564594268799,0.3952420949935913,0.4058109819889068,0.3464422523975372,0.3158139586448669,0.3445859551429748,0.3789268434047699,0.3533035616079966,0.3160243332386017,0.3414335548877716,0.4024527966976166,0.2869560221831004,0.2649330794811249,0.273838073015213,0.3220969140529632,0.4114200174808502,0.3897090256214142,0.4208000600337982,0.4237509667873382,0.4742803275585174,0.4421265423297882,0.4898421466350555,0.4908722937107086,0.3777740895748138,0.3570201098918915,0.3827955424785614,0.3935066163539886,0.4411213894685109,0.4071062803268432,0.452751100063324,0.4635067880153656,0.4172781705856323,0.3960514366626739,0.4264154136180877,0.4293676614761352,0.4715792139371236,0.4409583210945129,0.487117737531662,0.4866615831851959
dhs_stratified_sei_synth,25000,0,53,0.0954568661570549,286.0908566629514,0.526102195183436,0.4962834417819977,0.5239210724830627,0.5581020712852478,0.5915514628092448,0.556246817111969,0.5906248092651367,0.6277827620506287,0.5648498932520548,0.5427407622337341,0.5580804347991943,0.5937284827232361,0.6084100206693014,0.5801514983177185,0.6055048108100891,0.6395737528800964,0.5270868937174479,0.5056750774383545,0.5220440030097961,0.5535416007041931,0.5111886660257975,0.4746487736701965,0.5074602365493774,0.5514569878578186,0.5118200480937958,0.4691214263439178,0.5084497928619385,0.557888925075531,0.4175213078657786,0.3864603638648987,0.4102098941802978,0.4558936655521393,0.5179117918014526,0.4864798784255981,0.5173335075378418,0.549921989440918,0.5926048159599304,0.5552502274513245,0.5924883484840393,0.6300758719444275,0.4871865014235179,0.4569931030273437,0.4874161779880523,0.5171502232551575,0.5662723978360494,0.5271074771881104,0.5687925219535828,0.6029171943664551,0.5263623297214508,0.495507150888443,0.524515688419342,0.5590641498565674,0.5912281473477682,0.5554404854774475,0.5904290676116943,0.6278148889541626
dhs_stratified_sei_synth,25000,1,46,0.0947022413969039,554.6145118260756,0.5452747344970703,0.4999622702598572,0.5587306618690491,0.5771312713623047,0.6122687061627706,0.5578314661979675,0.6266525387763977,0.6523221135139465,0.5674104491869608,0.521564245223999,0.5822262763977051,0.5984408259391785,0.6048120458920797,0.5554602146148682,0.6228914260864258,0.6360844969749451,0.5359174807866415,0.5058000683784485,0.5387638807296753,0.5631884932518005,0.5220052699247996,0.473270446062088,0.5370725393295288,0.555672824382782,0.5180186033248901,0.4722486734390259,0.5219156742095947,0.5598914623260498,0.4101719756921132,0.3812656700611114,0.399173229932785,0.4500770270824432,0.5357455313205719,0.4913505613803863,0.5495114922523499,0.5663745403289795,0.6126158634821574,0.5580725073814392,0.6267944574356079,0.652980625629425,0.5056033134460449,0.4632953405380249,0.5169644951820374,0.5365501046180725,0.5867019891738892,0.5340960025787354,0.5982792973518372,0.627730667591095,0.5461273392041525,0.50032639503479,0.5597751140594482,0.578280508518219,0.6129152973492941,0.558419942855835,0.6273388862609863,0.6529870629310608
dhs_stratified_sei_synth,25000,1,46,0.0947022413969039,555.3905126960017,0.5452747344970703,0.4999622702598572,0.5587306618690491,0.5771312713623047,0.6122687061627706,0.5578314661979675,0.6266525387763977,0.6523221135139465,0.5674104491869608,0.521564245223999,0.5822262763977051,0.5984408259391785,0.6048120458920797,0.5554602146148682,0.6228914260864258,0.6360844969749451,0.5359174807866415,0.5058000683784485,0.5387638807296753,0.5631884932518005,0.5220052699247996,0.473270446062088,0.5370725393295288,0.555672824382782,0.5180186033248901,0.4722486734390259,0.5219156742095947,0.5598914623260498,0.4101719756921132,0.3812656700611114,0.399173229932785,0.4500770270824432,0.5357455313205719,0.4913505613803863,0.5495114922523499,0.5663745403289795,0.6126158634821574,0.5580725073814392,0.6267944574356079,0.652980625629425,0.5056033134460449,0.4632953405380249,0.5169644951820374,0.5365501046180725,0.5867019891738892,0.5340960025787354,0.5982792973518372,0.627730667591095,0.5461273392041525,0.50032639503479,0.5597751140594482,0.578280508518219,0.6129152973492941,0.558419942855835,0.6273388862609863,0.6529870629310608
dhs_stratified_sei_synth,25000,2,33,0.0963964995145797,201.13172880886123,0.5033494532108307,0.4661627113819122,0.5337339639663696,0.5101516842842102,0.5693718393643697,0.5280830264091492,0.6056716442108154,0.5743608474731445,0.5606681307156881,0.5342714786529541,0.5816422700881958,0.5660906434059143,0.5935520927111307,0.5622494220733643,0.6199042201042175,0.5985026359558105,0.4916183352470398,0.4759695827960968,0.5093281865119934,0.4895572364330292,0.4752945899963379,0.4453930258750915,0.5115979909896851,0.468892753124237,0.496664822101593,0.4625372886657715,0.5178743600845337,0.5095828175544739,0.391846905152003,0.3611697554588318,0.3834223449230194,0.4309486150741577,0.4960266451040904,0.4597593247890472,0.5251992344856262,0.5031213760375977,0.5712842345237732,0.5298754572868347,0.6065435409545898,0.577433705329895,0.4672004580497741,0.4369580447673797,0.49394690990448,0.4706964194774627,0.5428908467292786,0.5039762258529663,0.5760308504104614,0.548665463924408,0.5034882128238678,0.4658331573009491,0.534156084060669,0.5104753971099854,0.5692014892896017,0.5279157757759094,0.6054831147193909,0.5742055773735046
dhs_stratified_sei_synth,25000,3,95,0.0931635815858841,472.6097486908548,0.5429121653238932,0.5127988457679749,0.5438745617866516,0.5720630884170532,0.6078171730041504,0.5696687698364258,0.6105155348777771,0.6432672142982483,0.5702537099520365,0.5447531342506409,0.5751602053642273,0.5908477902412415,0.6123532255490621,0.578680157661438,0.6230730414390564,0.6353064775466919,0.5454042752583822,0.5153576135635376,0.5433825850486755,0.5774726271629333,0.5347141027450562,0.4988121390342712,0.5306731462478638,0.5746570229530334,0.5308860143025717,0.4839988946914673,0.5311411619186401,0.5775179862976074,0.4319413105646769,0.4134428203105926,0.420357882976532,0.4620232284069061,0.5351192355155945,0.5053153038024902,0.537011444568634,0.5630309581756592,0.6090410947799683,0.5705952048301697,0.6115601062774658,0.6449679732322693,0.5087457597255707,0.4814547002315521,0.5095096826553345,0.5352728962898254,0.585704525311788,0.5468165278434753,0.5862557888031006,0.6240412592887878,0.5436035990715027,0.5130438804626465,0.5444550514221191,0.5733118653297424,0.6084131399790446,0.5703272819519043,0.6107478141784668,0.6441643238067627
dhs_stratified_sei_synth,25000,4,25,0.0984441843271255,163.6105678100139,0.4663073817888896,0.4034677743911743,0.4793640375137329,0.5160903334617615,0.5275665521621704,0.4519858360290527,0.5455866456031799,0.5851271748542786,0.5101103583971659,0.4556875824928283,0.5230816006660461,0.5515618920326233,0.5452902019023895,0.4864605367183685,0.5631970763206482,0.5862129926681519,0.4566530883312225,0.412136822938919,0.4640884697437286,0.4937339723110199,0.4378069341182709,0.3654865324497223,0.4604077935218811,0.4875264763832092,0.4384885132312774,0.3831246495246887,0.4480813443660736,0.48425954580307,0.3665847579638163,0.3515837788581848,0.3460176885128021,0.402152806520462,0.4547620912392934,0.3935569822788238,0.4683618545532226,0.5023674368858337,0.5251915256182352,0.4498422741889953,0.5428237318992615,0.582908570766449,0.4290237327416737,0.3726429641246795,0.4415339231491089,0.4728943109512329,0.5018174747625986,0.430481344461441,0.518241286277771,0.556729793548584,0.4666449129581451,0.4027830362319946,0.4799134433269501,0.5172382593154907,0.527402420838674,0.4513691663742065,0.5453582406044006,0.5854798555374146
dhs_stratified_sei_synth,50000,0,105,0.0694693775177002,2202.584428641945,0.7086440920829773,0.7044258713722229,0.7070733308792114,0.7144330739974976,0.7973325252532959,0.7939490079879761,0.7913734912872314,0.8066750764846802,0.7382022539774576,0.7350132465362549,0.7390173673629761,0.7405761480331421,0.8002341588338217,0.7978389859199524,0.800841212272644,0.8020222783088684,0.75862189133962,0.7693093419075012,0.737201988697052,0.7693543434143066,0.753753125667572,0.7547222375869751,0.7448201775550842,0.7617169618606567,0.7544097503026327,0.7533751130104065,0.7456305027008057,0.7642236351966858,0.6894186536471049,0.7004396915435791,0.6717930436134338,0.6960232257843018,0.696371058622996,0.6922323703765869,0.6962013840675354,0.7006794214248657,0.7978774309158325,0.7940945029258728,0.7922436594963074,0.8072941303253174,0.6766981482505798,0.6765224933624268,0.6724832057952881,0.6810887455940247,0.7839254339536031,0.7829998731613159,0.7744608521461487,0.7943155765533447,0.7088539799054464,0.7039473056793213,0.7079419493675232,0.7146726846694946,0.7978063821792603,0.7945054769515991,0.7918857336044312,0.8070279359817505
dhs_stratified_sei_synth,50000,1,156,0.0634623781442642,2643.359542629216,0.7488919297854105,0.745560348033905,0.7498907446861267,0.7512246966362,0.8447276949882507,0.8425692319869995,0.8399333953857422,0.8516804575920105,0.7784838477770487,0.7746120095252991,0.7794770002365112,0.7813625335693359,0.8429250915845236,0.8412209749221802,0.8447394967079163,0.8428148031234741,0.8080792824427286,0.815966010093689,0.7952448725700378,0.8130269646644592,0.7984955112139384,0.8010051250457764,0.7910572290420532,0.8034241795539856,0.8011648058891296,0.797961950302124,0.7964498996734619,0.809082567691803,0.7573325037956238,0.7685009837150574,0.7454106211662292,0.7580859065055847,0.7364507913589478,0.7337883114814758,0.7384557127952576,0.7371083498001099,0.8455881079037985,0.843188464641571,0.8408935070037842,0.85268235206604,0.7175342639287313,0.7195245623588562,0.7145759463310242,0.7185022830963135,0.83284064133962,0.8320318460464478,0.8257108330726624,0.8407792448997498,0.7491152087847391,0.7450902462005615,0.7505750060081482,0.7516803741455078,0.8453402717908224,0.843032717704773,0.8405905365943909,0.8523975610733032
dhs_stratified_sei_synth,50000,2,106,0.0674385643482208,1011.5485881031492,0.7175506750742594,0.7150312662124634,0.7153317928314209,0.722288966178894,0.809859573841095,0.8080233335494995,0.8037369847297668,0.8178184032440186,0.746362050374349,0.7455354928970337,0.7472997903823853,0.7462508678436279,0.80632617076238,0.8061014413833618,0.8080236911773682,0.8048533797264099,0.7663354277610779,0.778923749923706,0.7470816969871521,0.7730008363723755,0.7603315711021423,0.761231005191803,0.7537572383880615,0.7660064697265625,0.7626218795776367,0.7616878747940063,0.752377986907959,0.7737997770309448,0.7039027611414591,0.7156832814216614,0.690095067024231,0.7059299349784851,0.7049552996953329,0.7032396197319031,0.7034397125244141,0.7081865668296814,0.8103742798169454,0.80803382396698,0.804101288318634,0.8189877271652222,0.6859339872996012,0.6877923011779785,0.6812352538108826,0.6887744069099426,0.7966089049975077,0.7958124876022339,0.7873963713645935,0.8066178560256958,0.7179312308629354,0.7147005796432495,0.7161377668380737,0.7229553461074829,0.8105440139770508,0.8085253834724426,0.8044785857200623,0.8186280727386475
dhs_stratified_sei_synth,50000,3,59,0.0730294465899467,578.5505325128324,0.6664543747901917,0.653164267539978,0.6685820817947388,0.6776167750358582,0.7530679702758789,0.7390070557594299,0.7530226111412048,0.767174243927002,0.6989347338676453,0.6903689503669739,0.6999717950820923,0.7064634561538696,0.7583726644515991,0.7481492161750793,0.762009859085083,0.764958918094635,0.7071446379025778,0.7033799886703491,0.6936647891998291,0.7243891358375549,0.7117690046628317,0.7076746821403503,0.7070801258087158,0.7205522060394287,0.7155363162358602,0.7042869329452515,0.7117965817451477,0.7305254340171814,0.634355366230011,0.6347448229789734,0.6229009628295898,0.6454203128814697,0.6551060279210409,0.6419780850410461,0.658206582069397,0.6651334166526794,0.7538310686747233,0.7394753694534302,0.7539309859275818,0.768086850643158,0.632532795270284,0.6235136389732361,0.6306064128875732,0.6434783339500427,0.7366110881169637,0.7243948578834534,0.732763409614563,0.7526749968528748,0.6667712529500326,0.652888298034668,0.6692975759506226,0.6781278848648071,0.7536490758260092,0.7397750020027161,0.7535061836242676,0.7676660418510437
dhs_stratified_sei_synth,50000,4,105,0.0706252980470657,2104.07091366034,0.7057014306386312,0.7024669647216797,0.7023800611495972,0.7122572660446167,0.7982596556345621,0.7976929545402527,0.7901248335838318,0.806961178779602,0.7356714804967245,0.7357884645462036,0.7342206239700317,0.737005352973938,0.7980454166730245,0.7988708019256592,0.7985941171646118,0.7966713309288025,0.7559265693028768,0.7697805166244507,0.7326565980911255,0.7653425931930542,0.7522485256195068,0.7539724707603455,0.7423288822174072,0.7604442238807678,0.7515145937601725,0.7532629370689392,0.7403759360313416,0.7609049081802368,0.6930445035298666,0.7035772800445557,0.6772241592407227,0.6983320713043213,0.6944273114204407,0.6915938854217529,0.692258358001709,0.6994296908378601,0.7996004223823547,0.7985349893569946,0.7915840148925781,0.8086822628974915,0.6763633886973063,0.6790404319763184,0.669477105140686,0.6805726289749146,0.7867059707641602,0.7887998223304749,0.7755789756774902,0.7957391142845154,0.70626829067866,0.7022610306739807,0.7033994793891907,0.7131443619728088,0.799191395441691,0.7985374331474304,0.7911979556083679,0.8078387975692749
dhs_stratified_sei_synth,50000,4,105,0.0706252980470657,3252.9050579709,0.7057014306386312,0.7024669647216797,0.7023800611495972,0.7122572660446167,0.7982596556345621,0.7976929545402527,0.7901248335838318,0.806961178779602,0.7356714804967245,0.7357884645462036,0.7342206239700317,0.737005352973938,0.7980454166730245,0.7988708019256592,0.7985941171646118,0.7966713309288025,0.7559265693028768,0.7697805166244507,0.7326565980911255,0.7653425931930542,0.7522485256195068,0.7539724707603455,0.7423288822174072,0.7604442238807678,0.7515145937601725,0.7532629370689392,0.7403759360313416,0.7609049081802368,0.6930445035298666,0.7035772800445557,0.6772241592407227,0.6983320713043213,0.6944273114204407,0.6915938854217529,0.692258358001709,0.6994296908378601,0.7996004223823547,0.7985349893569946,0.7915840148925781,0.8086822628974915,0.6763633886973063,0.6790404319763184,0.669477105140686,0.6805726289749146,0.7867059707641602,0.7887998223304749,0.7755789756774902,0.7957391142845154,0.70626829067866,0.7022610306739807,0.7033994793891907,0.7131443619728088,0.799191395441691,0.7985374331474304,0.7911979556083679,0.8078387975692749
dhs_stratified_sei_synth,100000,0,31,0.060648912680149,611.4487434281036,0.7505293289820353,0.7494495511054993,0.7490397095680237,0.753098726272583,0.8461155891418457,0.846855640411377,0.8394955992698669,0.8519955277442932,0.7783957521120707,0.7765335440635681,0.7792297601699829,0.7794239521026611,0.842990001042684,0.8420227766036987,0.8442060947418213,0.8427411317825317,0.8107616901397705,0.8259382843971252,0.7926778197288513,0.813668966293335,0.8069942990938822,0.8109259605407715,0.7980319261550903,0.8120250105857849,0.814151664574941,0.8179771900177002,0.8052887916564941,0.8191890120506287,0.7647492289543152,0.7774108052253723,0.7517034411430359,0.7651334404945374,0.7379056811332703,0.7374410629272461,0.7373301386833191,0.7389458417892456,0.8465566635131836,0.8469168543815613,0.839911937713623,0.8528411984443665,0.7206239501635233,0.7246987819671631,0.7153186202049255,0.7218544483184814,0.8362159729003906,0.8389063477516174,0.826724648475647,0.8430169224739075,0.7506868044535319,0.7489084601402283,0.7496381402015686,0.7535138130187988,0.8464044729868571,0.8471362590789795,0.839767575263977,0.8523095846176147
dhs_stratified_sei_synth,100000,1,32,0.0582838762044906,1386.9308351438958,0.7604201833407084,0.7609620690345764,0.7577470541000366,0.7625514268875122,0.8584047754605612,0.8593865036964417,0.8504633903503418,0.8653644323348999,0.7871121764183044,0.7811892032623291,0.7881886959075928,0.7919586300849915,0.8547043999036154,0.8510894775390625,0.8565295934677124,0.856494128704071,0.8251648942629496,0.8370749950408936,0.8072612881660461,0.8311583995819092,0.8195420702298483,0.8209546208381653,0.8131530284881592,0.8245185613632202,0.8263415296872457,0.8288681507110596,0.816906213760376,0.8332502245903015,0.788159986337026,0.8004224896430969,0.7724119424819946,0.7916455268859863,0.748348593711853,0.7490594387054443,0.7471102476119995,0.7488760948181152,0.8592288096745809,0.8597962856292725,0.851292610168457,0.8665975332260132,0.7302693525950114,0.7342627048492432,0.7254358530044556,0.7311094999313354,0.8482855359713236,0.8499719500541687,0.8383495211601257,0.8565351366996765,0.7607982556025187,0.7606911063194275,0.7585887908935547,0.763114869594574,0.8589738210042318,0.8599738478660583,0.8509708642959595,0.8659767508506775
dhs_stratified_sei_synth,100000,1,32,0.0582838762044906,1386.7584890138824,0.7604201833407084,0.7609620690345764,0.7577470541000366,0.7625514268875122,0.8584047754605612,0.8593865036964417,0.8504633903503418,0.8653644323348999,0.7871121764183044,0.7811892032623291,0.7881886959075928,0.7919586300849915,0.8547043999036154,0.8510894775390625,0.8565295934677124,0.856494128704071,0.8251648942629496,0.8370749950408936,0.8072612881660461,0.8311583995819092,0.8195420702298483,0.8209546208381653,0.8131530284881592,0.8245185613632202,0.8263415296872457,0.8288681507110596,0.816906213760376,0.8332502245903015,0.788159986337026,0.8004224896430969,0.7724119424819946,0.7916455268859863,0.748348593711853,0.7490594387054443,0.7471102476119995,0.7488760948181152,0.8592288096745809,0.8597962856292725,0.851292610168457,0.8665975332260132,0.7302693525950114,0.7342627048492432,0.7254358530044556,0.7311094999313354,0.8482855359713236,0.8499719500541687,0.8383495211601257,0.8565351366996765,0.7607982556025187,0.7606911063194275,0.7585887908935547,0.763114869594574,0.8589738210042318,0.8599738478660583,0.8509708642959595,0.8659767508506775
dhs_stratified_sei_synth,100000,2,31,0.0581943050980567,622.9108762457035,0.7606866161028544,0.7603370547294617,0.7607762217521667,0.7609465718269348,0.8575367132822672,0.8577322959899902,0.852469801902771,0.8624080419540405,0.7888976534207662,0.7852604985237122,0.7896890640258789,0.7917433977127075,0.8557678063710531,0.8531952500343323,0.8572908043861389,0.856817364692688,0.8276635805765787,0.8403785824775696,0.8088523149490356,0.8337598443031311,0.8239206473032633,0.8251289129257202,0.8184045553207397,0.8282284736633301,0.833674689133962,0.836866557598114,0.825229287147522,0.83892822265625,0.7879519462585449,0.7977737188339233,0.7742924690246582,0.7917896509170532,0.7482633789380392,0.7483013868331909,0.7493009567260742,0.7471877932548523,0.8581197261810303,0.8580565452575684,0.852993369102478,0.8633092641830444,0.7334212263425192,0.7364727258682251,0.7302119731903076,0.7335789799690247,0.8495031992594401,0.8512538075447083,0.8413058519363403,0.8559499382972717,0.7609394192695618,0.7599091529846191,0.7615241408348083,0.7613849639892578,0.8581394155820211,0.8584161996841431,0.8531073927879333,0.8628946542739868
dhs_stratified_sei_synth,100000,3,32,0.0578786450386047,630.45933040604,0.7658087213834127,0.7612312436103821,0.7656084895133972,0.7705864310264587,0.8621230324109396,0.8600565195083618,0.8569173216819763,0.8693952560424805,0.7908440629641215,0.7858383655548096,0.7926340103149414,0.7940598130226135,0.857684334119161,0.853363037109375,0.8603054285049438,0.8593845367431641,0.8290385405222574,0.8413978219032288,0.8108850717544556,0.8348327279090881,0.8238914608955383,0.8257645964622498,0.8162680864334106,0.8296416997909546,0.8327687780062357,0.8363613486289978,0.8236799240112305,0.838265061378479,0.794905424118042,0.8056833148002625,0.7810032963752747,0.7980296611785889,0.7532706260681152,0.7491538524627686,0.7543771266937256,0.7562808990478516,0.8629488945007324,0.8606946468353271,0.8576857447624207,0.8704662919044495,0.7352531750996908,0.7358250021934509,0.7327165603637695,0.7372179627418518,0.8535110553105673,0.8543806076049805,0.845482349395752,0.8606702089309692,0.7660671273867289,0.7606937885284424,0.7664276361465454,0.771079957485199,0.8626129428545634,0.8605400919914246,0.857475757598877,0.8698229789733887
dhs_stratified_sei_synth,100000,4,32,0.0609057905375957,646.3047808730043,0.7550005714098612,0.7504770159721375,0.7573798894882202,0.7571448087692261,0.8502015074094137,0.8468970656394958,0.8476298451423645,0.8560776114463806,0.7739926179250082,0.7673110365867615,0.7788130640983582,0.7758537530899048,0.840090791384379,0.8352787494659424,0.8457503318786621,0.8392432928085327,0.8128249843915304,0.8253841996192932,0.7950618863105774,0.8180288672447205,0.8110050559043884,0.8121880888938904,0.805209755897522,0.8156173229217529,0.8159644802411398,0.8168736100196838,0.8107842206954956,0.8202356100082397,0.7722358902295431,0.7829378843307495,0.7567038536071777,0.7770659327507019,0.742387076218923,0.7382683753967285,0.7456569075584412,0.7432359457015991,0.8505582610766093,0.846656858921051,0.848004162311554,0.8570137619972229,0.7231693267822266,0.7221691012382507,0.7228367328643799,0.7245021462440491,0.838964839776357,0.8364901542663574,0.8344027400016785,0.8460016250610352,0.7550587058067322,0.7495001554489136,0.7581338882446289,0.757542073726654,0.8503493070602417,0.8468426465988159,0.847908616065979,0.8562966585159302
dhs_stratified_sei_synth,150000,0,56,0.0451180365006128,1558.3004943337291,0.8214971423149109,0.8188332915306091,0.8257253170013428,0.8199328184127808,0.9204373160998026,0.9192348718643188,0.9186267256736756,0.9234503507614136,0.8446294466654459,0.8417251110076904,0.8468689918518066,0.8452942371368408,0.918902317682902,0.9146953225135804,0.9212502241134644,0.9207614064216614,0.8997928698857626,0.9044057726860046,0.8942449688911438,0.9007278680801392,0.8989576498667399,0.9003421664237976,0.8993716835975647,0.8971590995788574,0.8995511531829834,0.9001718163490295,0.8984281420707703,0.9000535011291504,0.8849874138832092,0.886756420135498,0.8807691931724548,0.8874366283416748,0.8074380159378052,0.8052874207496643,0.8131536245346069,0.8038730025291443,0.9209808508555094,0.9196083545684814,0.9190726280212402,0.9242615699768066,0.7930052280426025,0.7937703132629395,0.7961214780807495,0.7891238927841187,0.915570338567098,0.9151135087013244,0.9128451943397522,0.9187523126602172,0.8216747840245565,0.8181594014167786,0.8263298869132996,0.8205350637435913,0.9206848939259848,0.9195629954338074,0.918689787387848,0.9238018989562988
dhs_stratified_sei_synth,150000,1,25,0.0546691309452056,1608.270305964863,0.7777400612831116,0.7737701535224915,0.7792919874191284,0.7801580429077148,0.8773401180903116,0.8751131296157837,0.8731433153152466,0.8837639093399048,0.8010699152946472,0.7949402332305908,0.8034338355064392,0.8048356771469116,0.8668787876764933,0.8614706993103027,0.8707550168037415,0.8684106469154358,0.8464920520782471,0.8587633967399597,0.827567994594574,0.8531447649002075,0.8426310618718466,0.8420892953872681,0.8375860452651978,0.8482178449630737,0.8512287934621176,0.8532964587211609,0.8451107740402222,0.8552791476249695,0.8154821991920471,0.8253626227378845,0.8020936250686646,0.8189903497695923,0.7648804386456808,0.7617602348327637,0.7672526836395264,0.7656283974647522,0.8777911067008972,0.8754610419273376,0.8733732104301453,0.8845390677452087,0.7479733427365621,0.7489699721336365,0.7467159032821655,0.7482341527938843,0.8691254258155823,0.8687108755111694,0.8628461360931396,0.8758192658424377,0.7779281735420227,0.7732831239700317,0.7800532579421997,0.7804481387138367,0.8778461019198099,0.8755897879600525,0.8737404346466064,0.884208083152771
dhs_stratified_sei_synth,150000,1,25,0.0546691309452056,1621.907138915034,0.7777400612831116,0.7737701535224915,0.7792919874191284,0.7801580429077148,0.8773401180903116,0.8751131296157837,0.8731433153152466,0.8837639093399048,0.8010699152946472,0.7949402332305908,0.8034338355064392,0.8048356771469116,0.8668787876764933,0.8614706993103027,0.8707550168037415,0.8684106469154358,0.8464920520782471,0.8587633967399597,0.827567994594574,0.8531447649002075,0.8426310618718466,0.8420892953872681,0.8375860452651978,0.8482178449630737,0.8512287934621176,0.8532964587211609,0.8451107740402222,0.8552791476249695,0.8154821991920471,0.8253626227378845,0.8020936250686646,0.8189903497695923,0.7648804386456808,0.7617602348327637,0.7672526836395264,0.7656283974647522,0.8777911067008972,0.8754610419273376,0.8733732104301453,0.8845390677452087,0.7479733427365621,0.7489699721336365,0.7467159032821655,0.7482341527938843,0.8691254258155823,0.8687108755111694,0.8628461360931396,0.8758192658424377,0.7779281735420227,0.7732831239700317,0.7800532579421997,0.7804481387138367,0.8778461019198099,0.8755897879600525,0.8737404346466064,0.884208083152771
dhs_stratified_sei_synth,150000,2,41,0.0471411408066749,1178.2928910772316,0.8161484201749166,0.8155320286750793,0.8191304802894592,0.8137827515602112,0.914385974407196,0.9152873754501344,0.9108191132545472,0.9170514345169068,0.8305683930714926,0.8298430442810059,0.8322983384132385,0.8295637965202332,0.9042486151059468,0.905421018600464,0.9058623909950256,0.9014624357223512,0.8843715389569601,0.8946256041526794,0.8754317760467529,0.8830572366714478,0.8868328134218851,0.8890920281410217,0.8863562345504761,0.8850501775741577,0.8911969463030497,0.8930293321609497,0.8892370462417603,0.8913244605064392,0.8715806802113851,0.8762571215629578,0.865142822265625,0.8733420968055725,0.8025895555814108,0.8025984764099121,0.8068723082542419,0.7982978820800781,0.9150541027386984,0.9157876968383788,0.911221981048584,0.918152630329132,0.7864308953285217,0.7896879315376282,0.7882287502288818,0.7813760042190552,0.9077024857203164,0.9096165895462036,0.903205156326294,0.910285711288452,0.8165794213612875,0.815387487411499,0.8199665546417236,0.8143842220306396,0.9148173729578654,0.9157710075378418,0.911184549331665,0.9174965620040894
dhs_stratified_sei_synth,150000,3,40,0.0468349159022172,1130.3710685200058,0.8148836493492126,0.8129277229309082,0.8176829814910889,0.8140402436256409,0.9139129122098288,0.9149308800697328,0.9100902676582336,0.9167175889015198,0.8356098731358846,0.8338541984558105,0.8378790616989136,0.8350963592529297,0.9061883091926576,0.904771089553833,0.907504141330719,0.9062896966934204,0.8871596455574036,0.8979513645172119,0.8777689337730408,0.885758638381958,0.8891648650169373,0.8945337533950806,0.8864753842353821,0.8864854574203491,0.8900564312934875,0.893004298210144,0.8870486617088318,0.8901163339614868,0.8726200262705485,0.8773009181022644,0.8654205799102783,0.8751385807991028,0.8011336525281271,0.8001595139503479,0.8051920533180237,0.7980493903160095,0.914716641108195,0.9158613681793212,0.9106260538101196,0.917662501335144,0.7848779161771139,0.7885132431983948,0.7860584259033203,0.7800620794296265,0.9082587361335754,0.910873293876648,0.9037743210792542,0.9101285934448242,0.8152193625768026,0.8125376105308533,0.8184770345687866,0.8146434426307678,0.9143944183985392,0.9156416058540344,0.9104141592979432,0.91712749004364
dhs_stratified_sei_synth,150000,4,41,0.0473024115721384,1188.2186400783248,0.8104219237963358,0.8100486993789673,0.8125884532928467,0.8086286187171936,0.909626523653666,0.910507321357727,0.9052997827529908,0.9130724668502808,0.8356189727783203,0.8330602049827576,0.8373252749443054,0.836471438407898,0.908571481704712,0.9072815179824828,0.9096053838729858,0.908827543258667,0.8827813665072123,0.8963329195976257,0.8702879548072815,0.8817232251167297,0.8867742617925009,0.890680193901062,0.8845154047012329,0.8851271867752075,0.8889992833137512,0.8927698135375977,0.8847174644470215,0.8895105719566345,0.8708821336428324,0.8760553002357483,0.8627312183380127,0.8738598823547363,0.7967790762583414,0.7971905469894409,0.8000441789627075,0.793102502822876,0.9103261629740396,0.9111674427986144,0.9057238101959229,0.9140872359275818,0.7813776532808939,0.7835864424705505,0.7818750739097595,0.7786714434623718,0.9043050209681192,0.9060903191566468,0.8981032371520996,0.9087215065956116,0.8105234106381735,0.8095204830169678,0.8132173418998718,0.8088324069976807,0.9097737669944764,0.9108726382255554,0.9053288698196412,0.9131197929382324
dhs_stratified_sei_synth,200000,0,44,0.0409078925073146,1635.5118633969687,0.8324917356173197,0.8280711770057678,0.8375036716461182,0.8319003582000732,0.9335720737775168,0.9305943250656128,0.9330238103866576,0.9370980858802797,0.8557249704996744,0.8522070646286011,0.8582332134246826,0.8567346334457397,0.9325516223907472,0.9279933571815492,0.934072196483612,0.93558931350708,0.9166434009869894,0.9186289310455322,0.913116455078125,0.9181848168373108,0.9144207835197448,0.9124978184700012,0.916247546672821,0.9145169854164124,0.9143374164899192,0.9121987223625184,0.9148317575454712,0.9159817695617676,0.9045366644859314,0.903310000896454,0.9028857350349426,0.9074142575263976,0.8182156682014465,0.8145495057106018,0.8245865106582642,0.8155109882354736,0.9337568481763204,0.9305312037467957,0.9332047700881958,0.9375345706939696,0.8031449317932129,0.8030155897140503,0.8072032928466797,0.7992159128189087,0.9282124042510986,0.9257285594940186,0.927172601222992,0.9317360520362854,0.8325575987497965,0.8274695873260498,0.8379743695259094,0.8322288393974304,0.933564563592275,0.9306212663650512,0.9329041242599488,0.937168300151825
dhs_stratified_sei_synth,200000,1,44,0.0409723318099975,5392.234881288838,0.8338670531908671,0.8308209776878357,0.8384396433830261,0.8323405385017395,0.9333919286727904,0.9304195046424866,0.9328173995018004,0.9369388818740844,0.853193461894989,0.8496122360229492,0.8560906052589417,0.8538775444030762,0.9272748033205668,0.9233155846595764,0.9302090406417848,0.9282997846603394,0.9162286520004272,0.916568160057068,0.913157880306244,0.91895991563797,0.9135875900586446,0.9097792506217957,0.9162082076072692,0.9147753119468688,0.9135526220003763,0.9087928533554076,0.9152135848999025,0.9166514277458192,0.9013318419456482,0.9020360708236694,0.8986636400222778,0.9032958149909972,0.819769819577535,0.817628800868988,0.825659453868866,0.816021203994751,0.9337554574012756,0.9308246374130248,0.932964563369751,0.937477171421051,0.8034220933914185,0.8035159707069397,0.8076165318489075,0.7991337776184082,0.927333136399587,0.9245304465293884,0.9263757467269896,0.9310932159423828,0.8340985178947449,0.8303389549255371,0.8391312956809998,0.8328253030776978,0.9335376421610514,0.9306676983833312,0.9328773617744446,0.9370678663253784
dhs_stratified_sei_synth,200000,1,44,0.0409723318099975,5430.508497834904,0.8338670531908671,0.8308209776878357,0.8384396433830261,0.8323405385017395,0.9333919286727904,0.9304195046424866,0.9328173995018004,0.9369388818740844,0.853193461894989,0.8496122360229492,0.8560906052589417,0.8538775444030762,0.9272748033205668,0.9233155846595764,0.9302090406417848,0.9282997846603394,0.9162286520004272,0.916568160057068,0.913157880306244,0.91895991563797,0.9135875900586446,0.9097792506217957,0.9162082076072692,0.9147753119468688,0.9135526220003763,0.9087928533554076,0.9152135848999025,0.9166514277458192,0.9013318419456482,0.9020360708236694,0.8986636400222778,0.9032958149909972,0.819769819577535,0.817628800868988,0.825659453868866,0.816021203994751,0.9337554574012756,0.9308246374130248,0.932964563369751,0.937477171421051,0.8034220933914185,0.8035159707069397,0.8076165318489075,0.7991337776184082,0.927333136399587,0.9245304465293884,0.9263757467269896,0.9310932159423828,0.8340985178947449,0.8303389549255371,0.8391312956809998,0.8328253030776978,0.9335376421610514,0.9306676983833312,0.9328773617744446,0.9370678663253784
dhs_stratified_sei_synth,200000,1,44,0.0409723318099975,5390.650418604026,0.8338670531908671,0.8308209776878357,0.8384396433830261,0.8323405385017395,0.9333919286727904,0.9304195046424866,0.9328173995018004,0.9369388818740844,0.853193461894989,0.8496122360229492,0.8560906052589417,0.8538775444030762,0.9272748033205668,0.9233155846595764,0.9302090406417848,0.9282997846603394,0.9162286520004272,0.916568160057068,0.913157880306244,0.91895991563797,0.9135875900586446,0.9097792506217957,0.9162082076072692,0.9147753119468688,0.9135526220003763,0.9087928533554076,0.9152135848999025,0.9166514277458192,0.9013318419456482,0.9020360708236694,0.8986636400222778,0.9032958149909972,0.819769819577535,0.817628800868988,0.825659453868866,0.816021203994751,0.9337554574012756,0.9308246374130248,0.932964563369751,0.937477171421051,0.8034220933914185,0.8035159707069397,0.8076165318489075,0.7991337776184082,0.927333136399587,0.9245304465293884,0.9263757467269896,0.9310932159423828,0.8340985178947449,0.8303389549255371,0.8391312956809998,0.8328253030776978,0.9335376421610514,0.9306676983833312,0.9328773617744446,0.9370678663253784
dhs_stratified_sei_synth,200000,2,44,0.0414740855932235,1660.3895588670855,0.8321328560511271,0.8336324691772461,0.8339229822158813,0.8288431167602539,0.9322614471117656,0.9342249035835266,0.928381323814392,0.934178113937378,0.8556444843610128,0.8561193346977234,0.8555275201797485,0.8552865982055664,0.9307944377263389,0.9316036105155944,0.9303675889968872,0.9304121136665344,0.9115231037139891,0.918351113796234,0.9040631055831908,0.9121550917625428,0.9137831131617228,0.915130376815796,0.9122127294540404,0.914006233215332,0.9115370909372964,0.9121265411376952,0.908684253692627,0.9138004779815674,0.9013612667719524,0.9034870862960817,0.8965919613838196,0.9040047526359558,0.8182389140129089,0.8206111788749695,0.8214341402053833,0.812671422958374,0.9329045414924622,0.9346871972084044,0.928960382938385,0.9350660443305968,0.8026819229125977,0.808275580406189,0.803046464920044,0.7967237234115601,0.9266386230786642,0.9291434288024902,0.922148048877716,0.928624391555786,0.8324340581893921,0.8332987427711487,0.8346601128578186,0.829343318939209,0.932528038819631,0.9344940185546876,0.928584635257721,0.9345054626464844
dhs_stratified_sei_synth,200000,3,56,0.0429635256230831,2048.136765853036,0.8294365604718527,0.8247613310813904,0.8341681957244873,0.8293801546096802,0.9285872181256613,0.9250620007514954,0.9276136159896852,0.9330860376358032,0.8535931507746378,0.8516676425933838,0.8555978536605835,0.8535139560699463,0.9297831455866497,0.92636901140213,0.9319632053375244,0.9310172200202942,0.9104454120000204,0.9112660884857178,0.9061850905418396,0.9138850569725036,0.9077966809272766,0.9053296446800232,0.9085991382598876,0.909461259841919,0.9090548157691956,0.906265676021576,0.9085890650749208,0.91230970621109,0.8959790070851644,0.8957996368408203,0.8933966755867004,0.8987407088279724,0.814910372098287,0.8110349178314209,0.8210232257843018,0.8126729726791382,0.9288986523946128,0.9252452850341796,0.9278942942619324,0.9335563778877258,0.7981313665707906,0.7975142598152161,0.8020228147506714,0.7948570251464844,0.922498325506846,0.919672966003418,0.9206815958023072,0.9271404147148132,0.8295926849047343,0.8243376016616821,0.8346117734909058,0.829828679561615,0.9287202755610148,0.9253734350204468,0.9276362061500548,0.9331511855125428
dhs_stratified_sei_synth,200000,4,44,0.0412965002894401,1634.1242623948492,0.8303050796190897,0.8287142515182495,0.8362444043159485,0.8259565830230713,0.9296225905418396,0.9304583072662354,0.9283418655395508,0.9300675988197328,0.8550781408945719,0.8545254468917847,0.8563117384910583,0.8543972373008728,0.9310026168823242,0.9301208257675172,0.9323165416717528,0.9305704832077026,0.9092946648597716,0.9169248938560486,0.9041869640350342,0.9067721366882324,0.9122464060783386,0.9122413396835328,0.9140615463256836,0.9104363322257996,0.9136966268221536,0.9142745733261108,0.9136024713516236,0.9132128357887268,0.8984105785687765,0.9003857374191284,0.8957000970840454,0.8991459012031555,0.816004474957784,0.8152167797088623,0.8232787251472473,0.8095179200172424,0.9299498597780864,0.9307665824890136,0.9285443425178528,0.9305386543273926,0.8005533417065939,0.8022396564483643,0.8054242730140686,0.7939960956573486,0.9244984984397888,0.9253673553466796,0.9228468537330629,0.925281286239624,0.8303458491961161,0.8280314803123474,0.8368138074874878,0.8261922597885132,0.9296769499778748,0.930697739124298,0.9283285140991212,0.9300045967102052
dhs_stratified_sei_synth,300000,0,56,0.0402849549889564,3065.4487252589315,0.8366495172182719,0.8321778178215027,0.8424658179283142,0.8353049159049988,0.9374964237213136,0.9350868463516236,0.9366331696510316,0.9407692551612854,0.8588630358378092,0.8564090132713318,0.8612817525863647,0.8588983416557312,0.9332797725995382,0.9303099513053894,0.9364181756973268,0.9331111907958984,0.9203949173291524,0.9225190877914428,0.9156676530838012,0.9229980111122132,0.9210379322369894,0.919835090637207,0.922590970993042,0.920687735080719,0.9205106695493064,0.919535994529724,0.9199161529541016,0.922079861164093,0.909761687119802,0.9101872444152832,0.907767117023468,0.9113306999206544,0.8220798969268799,0.818568766117096,0.8293671011924744,0.8183038234710693,0.9376565019289652,0.9352401494979858,0.9366303086280824,0.9410990476608276,0.8076143066088358,0.8070915341377258,0.8124791383743286,0.8032722473144531,0.9328609704971312,0.9314231872558594,0.9312431812286376,0.935916543006897,0.8366604844729105,0.8315865993499756,0.8427824974060059,0.8356123566627502,0.9376174608866372,0.9353398084640504,0.9366417527198792,0.9408708214759828
dhs_stratified_sei_synth,300000,1,72,0.0371579830487569,4163.1760495849885,0.8450053731600443,0.8426948189735413,0.8506364822387695,0.8416848182678223,0.9451155463854471,0.942678928375244,0.9455260634422302,0.9471416473388672,0.8696197668711344,0.8673387765884399,0.8723294734954834,0.86919105052948,0.9454727172851562,0.9424328207969666,0.9478594660758972,0.946125864982605,0.9328086376190186,0.9334583282470704,0.9298149347305298,0.9351526498794556,0.9299569725990297,0.9266373515129088,0.9307227730751038,0.932510793209076,0.9297549525896708,0.9256359338760376,0.9310851097106934,0.9325438141822816,0.9203671018282572,0.919342875480652,0.9196223020553588,0.922136127948761,0.8306306203206381,0.829139232635498,0.8375193476676941,0.8252332806587219,0.945285181204478,0.9426623582839966,0.9456703066825868,0.9475228786468506,0.8162008126576742,0.816863477230072,0.8216562271118164,0.810082733631134,0.9406147400538126,0.93826562166214,0.9403972625732422,0.943181335926056,0.8451703389485677,0.8420004844665527,0.851349949836731,0.8421605825424194,0.94508957862854,0.9426379799842834,0.9455317854881288,0.947098970413208
dhs_stratified_sei_synth,300000,1,72,0.0371579830487569,4171.462435453199,0.8450053731600443,0.8426948189735413,0.8506364822387695,0.8416848182678223,0.9451155463854471,0.942678928375244,0.9455260634422302,0.9471416473388672,0.8696197668711344,0.8673387765884399,0.8723294734954834,0.86919105052948,0.9454727172851562,0.9424328207969666,0.9478594660758972,0.946125864982605,0.9328086376190186,0.9334583282470704,0.9298149347305298,0.9351526498794556,0.9299569725990297,0.9266373515129088,0.9307227730751038,0.932510793209076,0.9297549525896708,0.9256359338760376,0.9310851097106934,0.9325438141822816,0.9203671018282572,0.919342875480652,0.9196223020553588,0.922136127948761,0.8306306203206381,0.829139232635498,0.8375193476676941,0.8252332806587219,0.945285181204478,0.9426623582839966,0.9456703066825868,0.9475228786468506,0.8162008126576742,0.816863477230072,0.8216562271118164,0.810082733631134,0.9406147400538126,0.93826562166214,0.9403972625732422,0.943181335926056,0.8451703389485677,0.8420004844665527,0.851349949836731,0.8421605825424194,0.94508957862854,0.9426379799842834,0.9455317854881288,0.947098970413208
dhs_stratified_sei_synth,300000,2,72,0.037426870338122,3965.946854562964,0.8424935142199198,0.8408024907112122,0.8474626541137695,0.8392153978347778,0.942398965358734,0.940703809261322,0.9409060478210448,0.9455870389938354,0.868520716826121,0.8694153428077698,0.868192195892334,0.8679546117782593,0.9455097317695618,0.94489848613739,0.9451593160629272,0.946471393108368,0.9290940960248312,0.932333528995514,0.9243587851524352,0.9305899739265442,0.9262057344118754,0.9253774881362916,0.9253637194633484,0.9278759956359864,0.9257494608561198,0.9241021871566772,0.92535799741745,0.9277881979942322,0.9188267787297568,0.9189523458480836,0.916837751865387,0.9206902384757996,0.8278480172157288,0.8266851902008057,0.8342832326889038,0.8225756287574768,0.9426324566205344,0.9408026933670044,0.9411407709121704,0.945953905582428,0.8144641121228536,0.8166345953941345,0.8182825446128845,0.8084751963615417,0.938683032989502,0.9379974007606506,0.9358914494514464,0.9421602487564088,0.8425346215566,0.8400720357894897,0.8480200171470642,0.8395118117332458,0.9424609939257304,0.9407780170440674,0.9409726858139038,0.94563227891922
dhs_stratified_sei_synth,300000,3,72,0.0368252145806948,5477.652538050897,0.8469560345013937,0.8451061844825745,0.8521393537521362,0.8436225652694702,0.9459498325983684,0.9440877437591552,0.9456450939178468,0.948116660118103,0.8689163525899252,0.8683943152427673,0.8716115355491638,0.8667432069778442,0.9437048037846884,0.9420093894004822,0.9462645649909972,0.9428404569625854,0.9333948890368144,0.935663104057312,0.9301942586898804,0.9343273043632508,0.9323498010635376,0.9326459169387816,0.932867467403412,0.9315360188484192,0.9333329598108928,0.932214617729187,0.9332931637763976,0.9344910979270936,0.9220163226127625,0.9216955304145812,0.9207546710968018,0.9235987663269044,0.832505464553833,0.8314288258552551,0.8391054272651672,0.8269821405410767,0.9463681181271872,0.9445757269859314,0.9457828998565674,0.9487457275390624,0.8176202376683553,0.8194044828414917,0.8227415084838867,0.8107147216796875,0.9420711994171144,0.9406163692474364,0.9410854578018188,0.9445117712020874,0.8472898801167806,0.8447141647338867,0.8528859615325928,0.8442695140838623,0.9461551507314048,0.9444000124931335,0.9457125663757324,0.948352873325348
dhs_stratified_sei_synth,300000,3,72,0.0368252145806948,5481.6159537727945,0.8469560345013937,0.8451061844825745,0.8521393537521362,0.8436225652694702,0.9459498325983684,0.9440877437591552,0.9456450939178468,0.948116660118103,0.8689163525899252,0.8683943152427673,0.8716115355491638,0.8667432069778442,0.9437048037846884,0.9420093894004822,0.9462645649909972,0.9428404569625854,0.9333948890368144,0.935663104057312,0.9301942586898804,0.9343273043632508,0.9323498010635376,0.9326459169387816,0.932867467403412,0.9315360188484192,0.9333329598108928,0.932214617729187,0.9332931637763976,0.9344910979270936,0.9220163226127625,0.9216955304145812,0.9207546710968018,0.9235987663269044,0.832505464553833,0.8314288258552551,0.8391054272651672,0.8269821405410767,0.9463681181271872,0.9445757269859314,0.9457828998565674,0.9487457275390624,0.8176202376683553,0.8194044828414917,0.8227415084838867,0.8107147216796875,0.9420711994171144,0.9406163692474364,0.9410854578018188,0.9445117712020874,0.8472898801167806,0.8447141647338867,0.8528859615325928,0.8442695140838623,0.9461551507314048,0.9444000124931335,0.9457125663757324,0.948352873325348
dhs_stratified_sei_synth,300000,4,72,0.0372571337660153,3935.209514037706,0.8438215255737305,0.842252254486084,0.8494746685028076,0.8397376537322998,0.9436373511950176,0.9422773122787476,0.943522036075592,0.9451127052307128,0.8680349389712015,0.8665002584457397,0.8701614737510681,0.8674430847167969,0.9428535103797911,0.9403189420700072,0.9452946782112122,0.9429469108581544,0.9302601218223572,0.9347618222236632,0.9270601272583008,0.9289584159851074,0.9301523566246032,0.9297067523002625,0.9321168661117554,0.928633451461792,0.9310757517814636,0.9295388460159302,0.932020902633667,0.9316675066947936,0.9199226299921672,0.9196106791496276,0.9189263582229614,0.9212308526039124,0.8292562166849772,0.8285098075866699,0.8363320231437683,0.8229268193244934,0.943981111049652,0.9425565004348756,0.9437874555587769,0.945599377155304,0.8137207825978597,0.8159014582633972,0.8186272978782654,0.8066335916519165,0.9388793110847472,0.9380006194114684,0.938148021697998,0.9404892921447754,0.8439298470815023,0.8415253162384033,0.8500875234603882,0.8401767015457153,0.943674385547638,0.9422860741615297,0.9435365796089172,0.945200502872467
dhs_synth,10000,0,60,0.1483971910476684,151.7867500600405,0.4226539035638173,0.3735183477401733,0.4365447461605072,0.4578986167907715,0.4793517490228017,0.4176952540874481,0.500813901424408,0.5195460915565491,0.4904906352361043,0.4577773809432983,0.5025362372398376,0.511158287525177,0.521459549665451,0.4815153181552887,0.5393635034561157,0.5434998273849487,0.4285833636919657,0.3978680670261383,0.4321554005146026,0.4557266235351562,0.336576501528422,0.2799099087715149,0.3555003702640533,0.3743192255496979,0.3356372515360514,0.2661715447902679,0.3529755473136902,0.3877646625041961,0.2967393100261688,0.2677230834960937,0.2844980359077453,0.3379968106746673,0.4174893995126088,0.3689883947372436,0.4323986172676086,0.4510811865329742,0.4817723830540975,0.4194000959396362,0.5036590099334717,0.5222580432891846,0.3864540457725525,0.3377279341220855,0.401375263929367,0.4202589392662048,0.447398046652476,0.3827075958251953,0.4693977832794189,0.4900887608528137,0.4227614303429921,0.3726032674312591,0.4373208582401275,0.4583601653575897,0.4793156782786051,0.4170541167259216,0.5009799003601074,0.5199130177497864
dhs_synth,10000,1,25,0.1495610616207122,192.9641999299638,0.4293373624483744,0.3779933452606201,0.446302980184555,0.4637157618999481,0.4878723422686259,0.4255067110061645,0.5079303979873657,0.5301799178123474,0.4600060482819875,0.4052270352840423,0.475915253162384,0.4988758563995361,0.4901203314463297,0.4323428273200989,0.5103465914726257,0.5276715755462646,0.4118890861670176,0.3867700397968292,0.4131361246109009,0.4357610940933227,0.3329570293426513,0.2770414650440216,0.3664539158344269,0.3553757071495056,0.328024685382843,0.283871978521347,0.3519051074981689,0.348296970129013,0.2358596722284952,0.1620764136314392,0.2285041213035583,0.3169984817504883,0.4184939960638682,0.3702279031276703,0.4357388913631439,0.4495151937007904,0.4857025345166524,0.4251284599304199,0.5055071711540222,0.5264719724655151,0.3772279421488444,0.3294487297534942,0.3949732780456543,0.4072618186473846,0.4414089719454447,0.3812006711959839,0.4618609249591827,0.4811653196811676,0.4300322830677032,0.378715455532074,0.4468318223953247,0.464549571275711,0.4881446758906047,0.426105797290802,0.5080212354660034,0.5303069949150085
dhs_synth,10000,1,25,0.1495610616207122,190.85348289087412,0.4293373624483744,0.3779933452606201,0.446302980184555,0.4637157618999481,0.4878723422686259,0.4255067110061645,0.5079303979873657,0.5301799178123474,0.4600060482819875,0.4052270352840423,0.475915253162384,0.4988758563995361,0.4901203314463297,0.4323428273200989,0.5103465914726257,0.5276715755462646,0.4118890861670176,0.3867700397968292,0.4131361246109009,0.4357610940933227,0.3329570293426513,0.2770414650440216,0.3664539158344269,0.3553757071495056,0.328024685382843,0.283871978521347,0.3519051074981689,0.348296970129013,0.2358596722284952,0.1620764136314392,0.2285041213035583,0.3169984817504883,0.4184939960638682,0.3702279031276703,0.4357388913631439,0.4495151937007904,0.4857025345166524,0.4251284599304199,0.5055071711540222,0.5264719724655151,0.3772279421488444,0.3294487297534942,0.3949732780456543,0.4072618186473846,0.4414089719454447,0.3812006711959839,0.4618609249591827,0.4811653196811676,0.4300322830677032,0.378715455532074,0.4468318223953247,0.464549571275711,0.4881446758906047,0.426105797290802,0.5080212354660034,0.5303069949150085
dhs_synth,10000,2,30,0.1498847032785415,101.2446250859648,0.3463606039683024,0.3068558871746063,0.3788590729236603,0.3533668518066406,0.3930265506108601,0.3467846810817718,0.4342190623283386,0.3980759084224701,0.3922648032506307,0.3549012839794159,0.4275008738040924,0.3943922519683838,0.420669416586558,0.3812370300292969,0.4641033411026001,0.4166678786277771,0.3743518690268199,0.3562073111534118,0.3898406326770782,0.3770076632499695,0.3289039333661397,0.2900463044643402,0.3511969745159149,0.345468521118164,0.3215398689111073,0.2793280482292175,0.3325236439704895,0.3527679145336151,0.241932804385821,0.2403621822595596,0.2432894557714462,0.2421467751264572,0.3426426549752553,0.303103893995285,0.3750905692577362,0.3497335016727447,0.3960310816764831,0.3492746949195862,0.4372685551643371,0.4015499949455261,0.3256210684776306,0.2878927290439605,0.3550780713558197,0.3338924050331116,0.3801673849423726,0.3347024917602539,0.417302131652832,0.388497531414032,0.3456063866615295,0.3053356409072876,0.3784709572792053,0.3530125617980957,0.3924594223499298,0.3460134267807007,0.4337955117225647,0.397569328546524
dhs_synth,10000,3,24,0.1552020643949508,89.19150288775563,0.4260681668917338,0.4000721275806427,0.4469859600067138,0.4311464130878448,0.4836153785387675,0.4455052316188812,0.5101309418678284,0.4952099621295929,0.4682446221510569,0.4497118592262268,0.4913743138313293,0.4636476933956146,0.5003472963968912,0.4776781797409057,0.5303621292114258,0.4930015802383423,0.4036718408266703,0.39028400182724,0.4206028580665588,0.4001286625862121,0.3356423377990722,0.3007309734821319,0.3782221674919128,0.327973872423172,0.3279007474581401,0.293698251247406,0.3642069697380066,0.3257970213890075,0.2288579742113749,0.214850902557373,0.2402377724647522,0.2314852476119995,0.4161447087923686,0.3921670019626617,0.4380351603031158,0.4182319641113281,0.4820846815903981,0.4444186091423034,0.5097329616546631,0.4921024739742279,0.381162166595459,0.357624351978302,0.4044020473957062,0.3814601004123688,0.4455431302388509,0.4092293977737427,0.4753803014755249,0.4520196914672851,0.4271796842416127,0.4011293053627014,0.4477220475673675,0.4326876997947693,0.4841643075148265,0.4461698830127716,0.5104392170906067,0.4958838224411011
dhs_synth,10000,4,79,0.1534990211725235,417.8906661001965,0.4098529616991679,0.3798457682132721,0.4042727053165436,0.445440411567688,0.461385041475296,0.4221631288528442,0.457805186510086,0.5041868090629578,0.4509150683879852,0.4323112070560455,0.4441190958023071,0.476314902305603,0.4809080064296722,0.4556140899658203,0.4791308939456939,0.5079790353775024,0.4199039041996002,0.4010631442070007,0.4095841646194458,0.4490644037723541,0.3450431327025096,0.3007531464099884,0.3496496677398681,0.3847265839576721,0.3325641453266144,0.2833176255226135,0.3417991101741791,0.3725757002830505,0.2886283795038859,0.2514085471630096,0.2739523351192474,0.3405242562294006,0.4032831788063049,0.3738573789596557,0.3994154632091522,0.4365766942501068,0.4629297256469726,0.4234926700592041,0.4598791599273681,0.5054173469543457,0.3703773518403371,0.3395247161388397,0.368498295545578,0.4031090438365936,0.429285059372584,0.3859827816486358,0.4297483563423157,0.4721240401268005,0.4098560810089111,0.379304438829422,0.4044547080993652,0.4458090960979461,0.461336354414622,0.4220194220542907,0.4577566385269165,0.5042330026626587
dhs_synth,25000,0,66,0.1335448505878448,341.00403368100524,0.5305055578549703,0.5016159415245056,0.5325265526771545,0.5573741793632507,0.593604306379954,0.558881402015686,0.6000655293464661,0.62186598777771,0.5923228661219279,0.5788062214851379,0.5930882692337036,0.6050741076469421,0.6347207427024841,0.6151062250137329,0.6399464011192322,0.6491096019744873,0.5313651164372762,0.5141534209251404,0.5267071723937988,0.5532347559928894,0.4668846726417541,0.4429600536823272,0.4718577563762665,0.4858362078666687,0.4499062697092692,0.4075756072998047,0.4520961046218872,0.4900470972061157,0.4400525093078613,0.4161715507507324,0.4375596046447754,0.4664263725280761,0.5190426508585612,0.4897664189338684,0.5226376056671143,0.5447239279747009,0.5919912258783976,0.5554097294807434,0.599105715751648,0.6214582324028015,0.4780828356742859,0.4498591423034668,0.4803563356399536,0.5040330290794373,0.554097314675649,0.5168096423149109,0.5599998235702515,0.5854824781417847,0.5302707950274149,0.5006095170974731,0.5324796438217163,0.5577232241630554,0.5927866498629252,0.5578095316886902,0.5990250110626221,0.6215254068374634
dhs_synth,25000,1,23,0.1431752673149109,325.50721104396507,0.4325111508369446,0.4007468223571777,0.4401924908161163,0.4565941393375397,0.4925726950168609,0.4491152465343475,0.5046806931495667,0.5239221453666687,0.4810156921545664,0.4527313113212585,0.4922181367874145,0.4980976283550262,0.5090375443299612,0.476308673620224,0.5247727632522583,0.5260311961174011,0.4038301805655162,0.3787541091442108,0.4043729603290558,0.4283634722232818,0.3224612772464752,0.2865131795406341,0.3369399905204773,0.3439306616783142,0.3092794517676036,0.2738766074180603,0.3198967278003692,0.3340650200843811,0.3046274880568186,0.2775904536247253,0.2932802140712738,0.3430117964744568,0.4224205513795216,0.3912582993507385,0.4319121241569519,0.4440912306308746,0.4914135138193766,0.4471266865730285,0.5046563744544983,0.522457480430603,0.3796356121699015,0.3501921892166137,0.3882482647895813,0.4004663825035095,0.4445350170135498,0.4006387889385223,0.4576024413108825,0.4753638207912445,0.4327613512674967,0.4005886912345886,0.4405133724212646,0.4571819901466369,0.4923440118630727,0.4489060342311859,0.5043590664863586,0.5237669348716736
dhs_synth,25000,1,23,0.1431752673149109,325.3309857139829,0.4325111508369446,0.4007468223571777,0.4401924908161163,0.4565941393375397,0.4925726950168609,0.4491152465343475,0.5046806931495667,0.5239221453666687,0.4810156921545664,0.4527313113212585,0.4922181367874145,0.4980976283550262,0.5090375443299612,0.476308673620224,0.5247727632522583,0.5260311961174011,0.4038301805655162,0.3787541091442108,0.4043729603290558,0.4283634722232818,0.3224612772464752,0.2865131795406341,0.3369399905204773,0.3439306616783142,0.3092794517676036,0.2738766074180603,0.3198967278003692,0.3340650200843811,0.3046274880568186,0.2775904536247253,0.2932802140712738,0.3430117964744568,0.4224205513795216,0.3912582993507385,0.4319121241569519,0.4440912306308746,0.4914135138193766,0.4471266865730285,0.5046563744544983,0.522457480430603,0.3796356121699015,0.3501921892166137,0.3882482647895813,0.4004663825035095,0.4445350170135498,0.4006387889385223,0.4576024413108825,0.4753638207912445,0.4327613512674967,0.4005886912345886,0.4405133724212646,0.4571819901466369,0.4923440118630727,0.4489060342311859,0.5043590664863586,0.5237669348716736
dhs_synth,25000,2,102,0.128090760397911,510.2843067161739,0.5284599562486013,0.4940913617610931,0.5319135189056396,0.559374988079071,0.5951912601788839,0.551794707775116,0.6022356748580933,0.6315433979034424,0.5872593919436137,0.5672382116317749,0.5879223346710205,0.6066176295280457,0.6305883924166361,0.6047344207763672,0.6355293989181519,0.6515013575553894,0.5480151176452637,0.5231624841690063,0.5419613122940063,0.5789215564727783,0.4638265669345855,0.4317863285541534,0.4702934026718139,0.4893999695777893,0.4478950003782908,0.3997756838798523,0.4528831541538238,0.4910261631011963,0.4496822853883107,0.4245625436306,0.4490926861763,0.4753916263580322,0.5183314383029938,0.4841779768466949,0.5233322381973267,0.5474840998649597,0.595097283522288,0.5508935451507568,0.6025684475898743,0.6318298578262329,0.4824934999148051,0.4498403668403625,0.486030101776123,0.5116100311279297,0.5600398182868958,0.5154456496238708,0.5671291947364807,0.5975446105003357,0.5283759534358978,0.4930098354816437,0.5323074460029602,0.5598105788230896,0.594783882300059,0.5510013103485107,0.6019816398620605,0.6313686966896057
dhs_synth,25000,3,93,0.1278581600666046,460.7382805659436,0.5209566950798035,0.4952030181884765,0.520592212677002,0.5470748543739319,0.589024821917216,0.5563970804214478,0.5877582430839539,0.6229191422462463,0.5894570748011271,0.5769510269165039,0.5868956446647644,0.604524552822113,0.6327288945515951,0.6133698225021362,0.6338015198707581,0.6510153412818909,0.5438341299692789,0.5285804867744446,0.5354182720184326,0.5675036311149597,0.4599431951840718,0.4295328259468078,0.4642192423343658,0.4860775172710418,0.4428250988324483,0.4038628339767456,0.4492969810962677,0.4753154814243316,0.4478386441866557,0.4247590005397796,0.4437291324138641,0.4750277996063232,0.5122157831986746,0.4853473007678985,0.5135690569877625,0.5377309918403625,0.5900157491366068,0.5557782053947449,0.5896114706993103,0.6246575713157654,0.4758565227190653,0.4499810338020324,0.4753642678260803,0.5022242665290833,0.553783635298411,0.5189985036849976,0.5533943772315979,0.5889580249786377,0.5209774573644003,0.4946603178977966,0.5207034349441528,0.5475686192512512,0.5889318982760111,0.556343674659729,0.5875020027160645,0.62295001745224
dhs_synth,25000,4,67,0.1337359716415405,347.80387284467,0.5173100233078003,0.4878221750259399,0.5132386684417725,0.5508692264556885,0.5836620132128397,0.5471845269203186,0.5781012773513794,0.6257002353668213,0.5730406045913696,0.5509775876998901,0.5675287842750549,0.6006154417991638,0.6118443210919698,0.5854314565658569,0.6093358397483826,0.6407656669616699,0.5221239328384399,0.5037084817886353,0.5134297609329224,0.5492335557937622,0.4524583419164021,0.4118367433547973,0.4587079286575317,0.4868303537368774,0.4318798979123433,0.3855293691158294,0.4344581067562103,0.4756522178649902,0.4195565084616343,0.3908281922340393,0.4140993952751159,0.4537419378757477,0.5069578488667806,0.4774044156074524,0.5052143931388855,0.5382547378540039,0.5831763744354248,0.5455271601676941,0.5788403749465942,0.6251615881919861,0.4665043453375498,0.4370789527893066,0.4654065072536468,0.497027575969696,0.5398733417193095,0.5008223652839661,0.5377913117408752,0.5810063481330872,0.5168310006459554,0.4866420030593872,0.5132656693458557,0.5505853295326233,0.5830995043118795,0.5464646816253662,0.5776351690292358,0.6251986622810364
dhs_synth,50000,0,100,0.0875805046916008,3123.409275413025,0.7196431557337443,0.7132822275161743,0.7188645601272583,0.7267826795578003,0.8128857612609863,0.8060494065284729,0.8066555857658386,0.8259522914886475,0.7801673611005148,0.7790572643280029,0.7773452997207642,0.7840995192527771,0.8469216227531433,0.8449495434761047,0.8448882102966309,0.8509271144866943,0.7817190090815226,0.7940621376037598,0.7618318796157837,0.7892630100250244,0.7342982888221741,0.7414336800575256,0.7225042581558228,0.7389569282531738,0.7122889161109924,0.7091878652572632,0.6982313394546509,0.7294475436210632,0.7526481946309408,0.7652528882026672,0.7416040897369385,0.7510876059532166,0.7060046394666036,0.7001765966415405,0.7065406441688538,0.7112966775894165,0.8122760057449341,0.804810106754303,0.8063330054283142,0.8256849050521851,0.6793198188145956,0.6777821183204651,0.6748402714729309,0.6853370666503906,0.7909417549769083,0.7856345772743225,0.7826035618782043,0.8045871257781982,0.719057023525238,0.7118751406669617,0.7187633514404297,0.7265325784683228,0.8123827974001566,0.8054214715957642,0.8061717748641968,0.825555145740509
dhs_synth,50000,1,59,0.0969666778087616,1903.1237675361333,0.6721051931381226,0.6577777862548828,0.6699410080909729,0.688596785068512,0.7585991819699606,0.7414262294769287,0.7522756457328796,0.7820956707000732,0.7355651060740153,0.7276907563209534,0.733912467956543,0.7450920939445496,0.7952439785003662,0.7864193320274353,0.7940278053283691,0.8052847981452942,0.7269166509310404,0.7344399690628052,0.7051942944526672,0.7411156892776489,0.6665497620900472,0.6652607917785645,0.6561381816864014,0.6782503128051758,0.6447685559590658,0.6317440271377563,0.6324142217636108,0.6701474189758301,0.6806410948435465,0.6843410134315491,0.6682393550872803,0.6893429160118103,0.6593974828720093,0.6449790000915527,0.6583953499794006,0.6748180985450745,0.7574967940648397,0.7393592000007629,0.7513412237167358,0.7817899584770203,0.6292025248209635,0.6186361312866211,0.6239047646522522,0.6450666785240173,0.7304292519887289,0.7146664261817932,0.7213568091392517,0.7552645206451416,0.671700119972229,0.6563690900802612,0.6701110005378723,0.6886202692985535,0.7580608526865641,0.7404764890670776,0.7519205808639526,0.7817854881286621
dhs_synth,50000,2,113,0.0855210435628891,1072.800136114005,0.7131736874580383,0.7079000473022461,0.7095919251441956,0.7220290899276733,0.8060393333435059,0.8011643886566162,0.798509418964386,0.8184441924095154,0.7799078226089478,0.7798017263412476,0.7757625579833984,0.7841591835021973,0.8462714155515035,0.8465396165847778,0.8420628905296326,0.8502117395401001,0.7828308741251627,0.7966061234474182,0.7629004120826721,0.788986086845398,0.7192548116048177,0.7222617864608765,0.7044371962547302,0.7310654520988464,0.7054672439893087,0.6978573203086853,0.6902399659156799,0.7283044457435608,0.752755324045817,0.7630568742752075,0.7402395009994507,0.754969596862793,0.6998220880826315,0.6948664784431458,0.6979244351387024,0.7066753506660461,0.8055362105369568,0.799960196018219,0.7982742786407471,0.8183741569519043,0.6728787024815878,0.6729562282562256,0.6652559638023376,0.6804239153862,0.7843500971794128,0.781557559967041,0.7729756832122803,0.7985170483589172,0.7129433949788412,0.706712543964386,0.710036039352417,0.7220816016197205,0.805730938911438,0.8007388710975647,0.7983627319335938,0.8180912137031555
dhs_synth,50000,3,158,0.0813729120969772,1450.765715153888,0.7346055110295614,0.7315676808357239,0.7300231456756592,0.742225706577301,0.8286053538322449,0.8245991468429565,0.8212346434593201,0.839982271194458,0.7994661529858907,0.8019197583198547,0.7920248508453369,0.8044538497924805,0.8704773386319479,0.8715150356292725,0.8633743524551392,0.8765426278114319,0.808192769686381,0.8194318413734436,0.7905170321464539,0.8146294355392456,0.752422034740448,0.75884610414505,0.7414268255233765,0.7569931745529175,0.7336446245511373,0.7283961772918701,0.720549464225769,0.7519882321357727,0.7832485437393188,0.7913941144943237,0.7722358703613281,0.7861156463623047,0.7212530771891276,0.7189679145812988,0.7179638743400574,0.7268274426460266,0.8278924028078715,0.8239316940307617,0.8203121423721313,0.8394333720207214,0.6958097418149313,0.696511447429657,0.6905345916748047,0.700383186340332,0.8102965156237284,0.8080199360847473,0.8003897666931152,0.8224798440933228,0.7339327732721964,0.7299512028694153,0.7298184633255005,0.7420286536216736,0.8276797930399576,0.8235028386116028,0.8203606605529785,0.8391758799552917
dhs_synth,50000,3,158,0.0813729120969772,4732.728670352139,0.7346055110295614,0.7315676808357239,0.7300231456756592,0.742225706577301,0.8286053538322449,0.8245991468429565,0.8212346434593201,0.839982271194458,0.7994661529858907,0.8019197583198547,0.7920248508453369,0.8044538497924805,0.8704773386319479,0.8715150356292725,0.8633743524551392,0.8765426278114319,0.808192769686381,0.8194318413734436,0.7905170321464539,0.8146294355392456,0.752422034740448,0.75884610414505,0.7414268255233765,0.7569931745529175,0.7336446245511373,0.7283961772918701,0.720549464225769,0.7519882321357727,0.7832485437393188,0.7913941144943237,0.7722358703613281,0.7861156463623047,0.7212530771891276,0.7189679145812988,0.7179638743400574,0.7268274426460266,0.8278924028078715,0.8239316940307617,0.8203121423721313,0.8394333720207214,0.6958097418149313,0.696511447429657,0.6905345916748047,0.700383186340332,0.8102965156237284,0.8080199360847473,0.8003897666931152,0.8224798440933228,0.7339327732721964,0.7299512028694153,0.7298184633255005,0.7420286536216736,0.8276797930399576,0.8235028386116028,0.8203606605529785,0.8391758799552917
dhs_synth,50000,4,156,0.0801164764285087,3014.512165430002,0.7474183638890585,0.7456759214401245,0.7450819611549377,0.751497209072113,0.83927321434021,0.8364011645317078,0.8326317667961121,0.8487867116928101,0.8046821157137553,0.803589940071106,0.8017087578773499,0.8087476491928101,0.8756839036941528,0.8739988803863525,0.871248185634613,0.8818046450614929,0.814938485622406,0.8260163068771362,0.7998764514923096,0.8189226984977722,0.7657336990038554,0.7721503973007202,0.7600501179695129,0.765000581741333,0.7549675504366556,0.7504763007164001,0.7472814917564392,0.7671448588371277,0.792352577050527,0.8021499514579773,0.7831526398658752,0.7917551398277283,0.733481764793396,0.7321300506591797,0.7323876023292542,0.7359276413917542,0.8380309740702311,0.8346993327140808,0.831460177898407,0.8479334115982056,0.7063528100649515,0.7076194286346436,0.7031593322753906,0.7082796692848206,0.8187036116917928,0.8168683648109436,0.810748815536499,0.8284936547279358,0.747070332368215,0.7442539930343628,0.745240330696106,0.751716673374176,0.8383943239847819,0.8352718353271484,0.8318356275558472,0.8480755090713501
dhs_synth,50000,4,156,0.0801164764285087,4749.121273893863,0.7474183638890585,0.7456759214401245,0.7450819611549377,0.751497209072113,0.83927321434021,0.8364011645317078,0.8326317667961121,0.8487867116928101,0.8046821157137553,0.803589940071106,0.8017087578773499,0.8087476491928101,0.8756839036941528,0.8739988803863525,0.871248185634613,0.8818046450614929,0.814938485622406,0.8260163068771362,0.7998764514923096,0.8189226984977722,0.7657336990038554,0.7721503973007202,0.7600501179695129,0.765000581741333,0.7549675504366556,0.7504763007164001,0.7472814917564392,0.7671448588371277,0.792352577050527,0.8021499514579773,0.7831526398658752,0.7917551398277283,0.733481764793396,0.7321300506591797,0.7323876023292542,0.7359276413917542,0.8380309740702311,0.8346993327140808,0.831460177898407,0.8479334115982056,0.7063528100649515,0.7076194286346436,0.7031593322753906,0.7082796692848206,0.8187036116917928,0.8168683648109436,0.810748815536499,0.8284936547279358,0.747070332368215,0.7442539930343628,0.745240330696106,0.751716673374176,0.8383943239847819,0.8352718353271484,0.8318356275558472,0.8480755090713501
dhs_synth,100000,0,32,0.0795403610706329,627.1833609719761,0.7428165674209595,0.7419638633728027,0.7381303906440735,0.7483554482460022,0.8354624112447103,0.8348777890205383,0.8241977691650391,0.8473116755485535,0.7978274424870809,0.8002189993858337,0.7933818101882935,0.7998815178871155,0.8650208314259847,0.8670290112495422,0.8607738018035889,0.867259681224823,0.8119732340176901,0.8311363458633423,0.7849230766296387,0.8198602795600891,0.7592267592748007,0.7692168354988098,0.7453511953353882,0.7631122469902039,0.7422687609990438,0.7407978773117065,0.7229975461959839,0.7630108594894409,0.7985467513402303,0.8146167397499084,0.7832396030426025,0.7977839112281799,0.7299192547798157,0.7293671369552612,0.7268617749214172,0.7335288524627686,0.8351598779360453,0.8340299129486084,0.8239613175392151,0.8474884033203125,0.7044143279393514,0.7074857354164124,0.69685959815979,0.7088976502418518,0.8164446353912354,0.8168690204620361,0.80238938331604,0.8300755023956299,0.7423524856567383,0.740517258644104,0.738251268863678,0.7482889294624329,0.8347890377044678,0.8339014053344727,0.8236537575721741,0.8468119502067566
dhs_synth,100000,1,32,0.0733302307128906,1386.990025018109,0.7623440424601237,0.7607254385948181,0.7610757946968079,0.7652308940887451,0.8571451703707377,0.8557512760162354,0.8500872850418091,0.8655969500541687,0.8139892816543579,0.8132826089859009,0.8116449117660522,0.8170403242111206,0.8848286668459574,0.8849888443946838,0.882623553276062,0.8868736028671265,0.8383083740870158,0.8526031970977783,0.8203170895576477,0.8420048356056213,0.7858097354571024,0.7923449277877808,0.7761950492858887,0.7888892292976379,0.7752556800842285,0.770149290561676,0.7650215029716492,0.7905962467193604,0.8276236057281494,0.8381006717681885,0.8166816234588623,0.8280885219573975,0.7489933371543884,0.747439980506897,0.7493192553520203,0.750220775604248,0.8568508426348368,0.8552717566490173,0.8495618104934692,0.8657189607620239,0.7248842318852743,0.7248169779777527,0.7232322096824646,0.7266035079956055,0.8397988478342692,0.8381906151771545,0.8318712115287781,0.849334716796875,0.7619034846623739,0.759303092956543,0.7612321376800537,0.7651752233505249,0.8565502762794495,0.8550392389297485,0.8495789766311646,0.8650326132774353
dhs_synth,100000,1,32,0.0733302307128906,1385.9013407621533,0.7623440424601237,0.7607254385948181,0.7610757946968079,0.7652308940887451,0.8571451703707377,0.8557512760162354,0.8500872850418091,0.8655969500541687,0.8139892816543579,0.8132826089859009,0.8116449117660522,0.8170403242111206,0.8848286668459574,0.8849888443946838,0.882623553276062,0.8868736028671265,0.8383083740870158,0.8526031970977783,0.8203170895576477,0.8420048356056213,0.7858097354571024,0.7923449277877808,0.7761950492858887,0.7888892292976379,0.7752556800842285,0.770149290561676,0.7650215029716492,0.7905962467193604,0.8276236057281494,0.8381006717681885,0.8166816234588623,0.8280885219573975,0.7489933371543884,0.747439980506897,0.7493192553520203,0.750220775604248,0.8568508426348368,0.8552717566490173,0.8495618104934692,0.8657189607620239,0.7248842318852743,0.7248169779777527,0.7232322096824646,0.7266035079956055,0.8397988478342692,0.8381906151771545,0.8318712115287781,0.849334716796875,0.7619034846623739,0.759303092956543,0.7612321376800537,0.7651752233505249,0.8565502762794495,0.8550392389297485,0.8495789766311646,0.8650326132774353
dhs_synth,100000,2,31,0.0759760093450546,619.984599346295,0.7581359346707662,0.7564371824264526,0.7525110840797424,0.7654595375061035,0.8517068227132162,0.8504186272621155,0.8419592380523682,0.8627426028251648,0.8144166270891825,0.8161630630493164,0.8108566403388977,0.8162301778793335,0.8835554122924805,0.8852612376213074,0.8784887790679932,0.8869162201881409,0.832420825958252,0.8490329384803772,0.8087698817253113,0.8394596576690674,0.7826830546061198,0.7904281616210938,0.7680609226226807,0.789560079574585,0.7733755707740784,0.7711964845657349,0.7570424675941467,0.7918877601623535,0.8218141595522562,0.8303515315055847,0.810084342956543,0.8250066041946411,0.745110273361206,0.743077278137207,0.7412129640579224,0.7510405778884888,0.8514470458030701,0.8494570255279541,0.8419249653816223,0.8629591464996338,0.7218290964762369,0.7222390174865723,0.7158300280570984,0.7274182438850403,0.8357424934705099,0.8347586393356323,0.8246989846229553,0.8477698564529419,0.7580829858779907,0.7554282546043396,0.7530469298362732,0.7657737731933594,0.8512081702550253,0.8496412038803101,0.841661810874939,0.8623214960098267
dhs_synth,100000,3,32,0.0723382573485374,627.5357071808539,0.7682821750640869,0.7649977803230286,0.7661635875701904,0.7736851572990417,0.8620344400405884,0.8583124876022339,0.8567070364952087,0.8710837960243225,0.821092406908671,0.8225813508033752,0.8193893432617188,0.8213065266609192,0.891718586285909,0.8927165269851685,0.8902381062507629,0.8922011256217957,0.8432801365852356,0.8550059795379639,0.8286158442497253,0.8462185859680176,0.7959711750348409,0.8023378252983093,0.7870134711265564,0.798562228679657,0.7833613157272339,0.781635046005249,0.7724697589874268,0.7959791421890259,0.8303058544794718,0.8416688442230225,0.8200196623802185,0.8292290568351746,0.7548852562904358,0.7521035671234131,0.7543143033981323,0.758237898349762,0.8616352279980978,0.8576428294181824,0.8562886714935303,0.8709741830825806,0.7297157446543375,0.7308667898178101,0.7269701957702637,0.731310248374939,0.8462103207906088,0.8434849977493286,0.8399022221565247,0.8552437424659729,0.7681408127148946,0.7639012336730957,0.766563892364502,0.7739573121070862,0.861487090587616,0.8576146960258484,0.8562723398208618,0.8705742359161377
dhs_synth,100000,4,32,0.0758156616091728,643.3357568322681,0.7562330563863119,0.7554174661636353,0.7528021335601807,0.7604795694351196,0.8509466846783956,0.8508028388023376,0.841460108757019,0.8605771064758301,0.8144825498263041,0.8144423365592957,0.8122937083244324,0.8167116045951843,0.8828789790471395,0.8825141787528992,0.8797414302825928,0.8863813281059265,0.8294947544733683,0.8465554118156433,0.8090097308158875,0.8329191207885742,0.7783504327138265,0.7831037640571594,0.7664012908935547,0.7855462431907654,0.7669185201327006,0.764325737953186,0.7541360855102539,0.7822937369346619,0.8213473955790201,0.8337152600288391,0.8087664842605591,0.8215604424476624,0.7427019278208414,0.7420496940612793,0.741246223449707,0.7448098659515381,0.8505001862843832,0.8499993085861206,0.8412479162216187,0.8602533340454102,0.71882031361262,0.7208898663520813,0.7149895429611206,0.7205815315246582,0.8336115479469299,0.8343020677566528,0.823176920413971,0.843355655670166,0.7558150490125021,0.754121720790863,0.7530940771102905,0.7602293491363525,0.8502983848253886,0.8499717712402344,0.8409765958786011,0.8599467873573303
dhs_synth,150000,0,41,0.0591282106081644,1158.106452197302,0.8088218371073405,0.8001623749732971,0.8156616687774658,0.8106414675712585,0.9070653716723124,0.8996156454086304,0.908866286277771,0.912714183330536,0.8526488542556763,0.8503348231315613,0.8556566834449768,0.8519550561904907,0.929278830687205,0.9247187972068788,0.9316055178642272,0.931512176990509,0.8992944757143656,0.9026572108268738,0.8914321660995483,0.9037940502166748,0.8682971994082133,0.8647385239601135,0.8709543347358704,0.869198739528656,0.8613325556119283,0.8542088270187378,0.8631942868232727,0.8665945529937744,0.8908587296803793,0.8915416598320007,0.8870412707328796,0.8939932584762573,0.7944722374280294,0.7863932251930237,0.8028587698936462,0.7941647171974182,0.9065019488334656,0.898758053779602,0.9083299040794371,0.9124178886413574,0.7744691769282023,0.7694234848022461,0.7808851003646851,0.7730989456176758,0.8959162831306458,0.8890944719314575,0.8971148729324341,0.9015395045280457,0.8085094292958578,0.7988338470458984,0.8159830570220947,0.8107113838195801,0.9064827362696328,0.8988580107688904,0.9084285497665404,0.912161648273468
dhs_synth,150000,1,41,0.0579524645090103,2555.098093176959,0.8126209179560343,0.806536078453064,0.8185397982597351,0.812786877155304,0.909654994805654,0.9025745391845704,0.9117778539657592,0.914612591266632,0.8542776703834534,0.8517727255821228,0.8582156300544739,0.8528446555137634,0.93128369251887,0.927262544631958,0.9343858361244202,0.932202696800232,0.9007316827774048,0.9042356610298156,0.8938784003257751,0.9040809869766236,0.8673266967137655,0.8658196330070496,0.8699182868003845,0.8662421703338623,0.8647151788075765,0.8574814200401306,0.867576539516449,0.8690875768661499,0.8954070806503296,0.8973090648651123,0.8913241624832153,0.8975880146026611,0.7983155647913615,0.7927386164665222,0.8058897852897644,0.7963182926177979,0.9093806147575378,0.9019969701766968,0.911600649356842,0.9145442247390748,0.779940684636434,0.7769069075584412,0.7858487367630005,0.7770664095878601,0.9004693229993185,0.8935064077377319,0.9025389552116394,0.905362606048584,0.8124730388323466,0.8055619597434998,0.8189291954040527,0.8129279613494873,0.909134288628896,0.9020252227783204,0.9113390445709229,0.9140385985374452
dhs_synth,150000,1,41,0.0579524645090103,2573.0891796699725,0.8126209179560343,0.806536078453064,0.8185397982597351,0.812786877155304,0.909654994805654,0.9025745391845704,0.9117778539657592,0.914612591266632,0.8542776703834534,0.8517727255821228,0.8582156300544739,0.8528446555137634,0.93128369251887,0.927262544631958,0.9343858361244202,0.932202696800232,0.9007316827774048,0.9042356610298156,0.8938784003257751,0.9040809869766236,0.8673266967137655,0.8658196330070496,0.8699182868003845,0.8662421703338623,0.8647151788075765,0.8574814200401306,0.867576539516449,0.8690875768661499,0.8954070806503296,0.8973090648651123,0.8913241624832153,0.8975880146026611,0.7983155647913615,0.7927386164665222,0.8058897852897644,0.7963182926177979,0.9093806147575378,0.9019969701766968,0.911600649356842,0.9145442247390748,0.779940684636434,0.7769069075584412,0.7858487367630005,0.7770664095878601,0.9004693229993185,0.8935064077377319,0.9025389552116394,0.905362606048584,0.8124730388323466,0.8055619597434998,0.8189291954040527,0.8129279613494873,0.909134288628896,0.9020252227783204,0.9113390445709229,0.9140385985374452
dhs_synth,150000,2,56,0.0561600901047388,1579.030336117372,0.8153467774391174,0.8065173625946045,0.8226268887519836,0.8168960809707642,0.9124009211858114,0.9041246175765992,0.9151270389556884,0.9179511070251464,0.8574406703313192,0.8547470569610596,0.8605964779853821,0.8569784760475159,0.9339140256245932,0.929130494594574,0.937082290649414,0.9355292916297911,0.9063735206921896,0.909247875213623,0.899691104888916,0.9101815819740297,0.8769287467002869,0.8731096386909485,0.8782440423965454,0.8794325590133667,0.8654534816741943,0.8566617965698242,0.8683421611785889,0.8713564872741699,0.9005258480707804,0.8996265530586243,0.8985133171081543,0.9034376740455629,0.8010014295578003,0.7927777767181396,0.8095928430557251,0.8006336688995361,0.912067731221517,0.9034981727600098,0.914736270904541,0.91796875,0.781783660252889,0.7762259244918823,0.7887923717498779,0.7803326845169067,0.9024350047111512,0.8944739699363708,0.9048698544502258,0.9079611897468568,0.8152127861976624,0.8054648637771606,0.8231171369552612,0.8170563578605652,0.9119749267896016,0.90369975566864,0.9147266745567322,0.9174983501434326
dhs_synth,150000,3,41,0.0583639828721682,1154.6432340340689,0.8105532129605612,0.8039169311523438,0.8194125294685364,0.8083301782608032,0.9071655869483948,0.9000841379165649,0.9106797575950624,0.9107328653335572,0.8532794117927551,0.8520968556404114,0.8565226793289185,0.8512187004089355,0.9285569389661154,0.9254387617111206,0.931843876838684,0.9283881783485411,0.8970601956049601,0.8987849354743958,0.8930421471595764,0.8993535041809082,0.8660507798194885,0.864284873008728,0.8687096834182739,0.8651577830314636,0.8604883948961893,0.8545663952827454,0.8642606735229492,0.8626381158828735,0.8888487418492635,0.8900588154792786,0.8858247399330139,0.890662670135498,0.7963574131329855,0.7903191447257996,0.8067401647567749,0.7920129299163818,0.9067407647768656,0.899418830871582,0.9102683663368224,0.9105350971221924,0.7766488989194235,0.7729110717773438,0.785114049911499,0.7719215750694275,0.8974910775820414,0.8905491232872009,0.9004700183868408,0.9014540910720824,0.8101438482602438,0.8026415705680847,0.8195716738700867,0.8082183003425598,0.9065497318903604,0.899329662322998,0.9101927280426024,0.910126805305481
dhs_synth,150000,4,41,0.0587236867030461,1185.1726339873858,0.8057434360186259,0.8011547923088074,0.8113160133361816,0.8047595024108887,0.9022355477015176,0.8975082039833069,0.902910590171814,0.9062878489494324,0.8532679478327433,0.8522999882698059,0.8550807237625122,0.8524231314659119,0.926916519800822,0.9249754548072816,0.9283366799354552,0.927437424659729,0.8934687376022339,0.8987210392951965,0.8849742412567139,0.8967109322547913,0.8581687609354655,0.8579491376876831,0.8590930700302124,0.857464075088501,0.8519483208656311,0.8446769714355469,0.8524563312530518,0.8587116599082947,0.8899569908777872,0.8927022814750671,0.8855093717575073,0.8916593194007874,0.791533629099528,0.7875030040740967,0.7987993955612183,0.788298487663269,0.9017587502797444,0.8965916633605957,0.902667999267578,0.9060165882110596,0.7715912262598673,0.7699066400527954,0.777239203453064,0.7676278352737427,0.8914569417635599,0.8863590359687805,0.8919821977615356,0.8960295915603638,0.8055696288744608,0.7999159097671509,0.8118144273757935,0.8049785494804382,0.9016334811846416,0.8966658115386963,0.9025298953056335,0.9057047367095948
dhs_synth,200000,0,44,0.0540731324672699,1633.1781591009349,0.8216718435287476,0.8143088817596436,0.8294482827186584,0.8212583661079407,0.9195655385653178,0.912030041217804,0.923112154006958,0.9235544204711914,0.861831267674764,0.8594262599945068,0.8657044768333435,0.8603630661964417,0.9372215072313944,0.9327768087387084,0.9413132071495056,0.9375745058059692,0.9138749837875366,0.9139645099639891,0.9098749160766602,0.9177855253219604,0.8851089278856913,0.8810293674468994,0.8881494998931885,0.8861479163169861,0.878558615843455,0.8695324063301086,0.8827065825462341,0.8834368586540222,0.9096044500668844,0.9090396761894226,0.9079477787017822,0.9118258953094482,0.807287851969401,0.800426185131073,0.8165542483329773,0.8048831224441528,0.9193272789319356,0.9114737510681152,0.9230645298957824,0.9234435558319092,0.7879200577735901,0.782626211643219,0.7965265512466431,0.7846074104309082,0.9102006753285726,0.9021779894828796,0.9139559864997864,0.9144680500030518,0.82135009765625,0.81299889087677,0.82972252368927,0.82132887840271,0.9190062880516052,0.9113208651542664,0.9226480722427368,0.9230499267578124
dhs_synth,200000,1,44,0.0504620429515838,3612.333890692098,0.8331775466601054,0.8250506520271301,0.8436958193778992,0.8307861685752869,0.9299775958061218,0.9217883348464966,0.9359766244888306,0.9321678280830384,0.8682418068250021,0.8636381030082703,0.8748688101768494,0.8662185072898865,0.9466983477274576,0.941119909286499,0.9521055817604064,0.9468695521354676,0.9261509974797568,0.9257823824882508,0.9240889549255372,0.9285816550254822,0.9001573125521342,0.895537257194519,0.9058486223220824,0.899086058139801,0.8957807620366415,0.8876309394836426,0.902216911315918,0.8974944353103638,0.9176860253016154,0.915964424610138,0.916897475719452,0.9201961755752563,0.8185594081878662,0.8111339807510376,0.8305336833000183,0.8140105605125427,0.9297335942586265,0.9214820265769958,0.9356258511543274,0.9320929050445556,0.7996382713317871,0.7937763929367065,0.8110541105270386,0.7940843105316162,0.9221317569414774,0.913877546787262,0.9285844564437866,0.9239332675933838,0.8331741690635681,0.8240978717803955,0.8443330526351929,0.831091582775116,0.92960125207901,0.9213448166847228,0.9356708526611328,0.9317880868911744
dhs_synth,200000,1,44,0.0504620429515838,3633.7080313370097,0.8331775466601054,0.8250506520271301,0.8436958193778992,0.8307861685752869,0.9299775958061218,0.9217883348464966,0.9359766244888306,0.9321678280830384,0.8682418068250021,0.8636381030082703,0.8748688101768494,0.8662185072898865,0.9466983477274576,0.941119909286499,0.9521055817604064,0.9468695521354676,0.9261509974797568,0.9257823824882508,0.9240889549255372,0.9285816550254822,0.9001573125521342,0.895537257194519,0.9058486223220824,0.899086058139801,0.8957807620366415,0.8876309394836426,0.902216911315918,0.8974944353103638,0.9176860253016154,0.915964424610138,0.916897475719452,0.9201961755752563,0.8185594081878662,0.8111339807510376,0.8305336833000183,0.8140105605125427,0.9297335942586265,0.9214820265769958,0.9356258511543274,0.9320929050445556,0.7996382713317871,0.7937763929367065,0.8110541105270386,0.7940843105316162,0.9221317569414774,0.913877546787262,0.9285844564437866,0.9239332675933838,0.8331741690635681,0.8240978717803955,0.8443330526351929,0.831091582775116,0.92960125207901,0.9213448166847228,0.9356708526611328,0.9317880868911744
dhs_synth,200000,2,44,0.0524023605942726,1660.549122509081,0.8253359993298849,0.8184133768081665,0.8342803716659546,0.8233142495155334,0.9216892123222352,0.9149594902992249,0.9256840348243712,0.9244241118431092,0.8630208770434061,0.8612351417541504,0.8668753504753113,0.8609521389007568,0.9397790630658468,0.9368239641189576,0.9438886046409608,0.938624620437622,0.9183688561121622,0.9222847819328308,0.9140830636024476,0.9187387228012084,0.8894927899042765,0.8882880806922913,0.8929631114006042,0.8872271776199341,0.8849345048268636,0.8778775334358215,0.889629065990448,0.8872969150543213,0.9140984018643696,0.914353847503662,0.9126753807067872,0.91526597738266,0.8109720547993978,0.8048381209373474,0.8213257789611816,0.8067522644996643,0.9214800198872884,0.9146278500556946,0.9255325794219972,0.9242796301841736,0.7919118801752726,0.7885742783546448,0.8014328479766846,0.7857285141944885,0.9130012194315592,0.9070789217948914,0.9167881011962892,0.9151366353034972,0.8252248167991638,0.8173551559448242,0.8347692489624023,0.8235500454902649,0.9212297598520914,0.9144163131713868,0.9253262877464294,0.9239466786384584
dhs_synth,200000,3,44,0.0545851111352443,1626.800389339216,0.8210583527882894,0.8144474625587463,0.8277133107185364,0.8210142850875854,0.9194422364234924,0.9131301045417786,0.9223370552062988,0.9228595495224,0.859872837861379,0.8571566343307495,0.8637931942939758,0.8586686849594116,0.9366787672042848,0.9331306219100952,0.9402117133140564,0.9366939663887024,0.9130489230155944,0.914717972278595,0.9080883860588074,0.9163404107093812,0.885822057723999,0.8849418759346008,0.8884680867195129,0.8840562105178833,0.8795354962348938,0.8731736540794373,0.8814969062805176,0.8839359283447266,0.9072465697924296,0.9065229296684264,0.904860496520996,0.9103562831878662,0.8067069053649902,0.8007826209068298,0.8147810101509094,0.8045570850372314,0.919169783592224,0.9126243591308594,0.9220956563949584,0.9227893352508544,0.7877947092056274,0.7841454744338989,0.7945740818977356,0.7846645712852478,0.909954071044922,0.90393728017807,0.9126029014587402,0.9133220314979552,0.8208243449529012,0.813310980796814,0.8280683755874634,0.8210936784744263,0.918981651465098,0.912611186504364,0.921945095062256,0.9223886728286744
dhs_synth,200000,4,43,0.0515883434712886,1721.5719105033204,0.8260683616002401,0.8184465765953064,0.8351081609725952,0.8246503472328186,0.9236966967582704,0.9156657457351683,0.9275305867195128,0.9278937578201294,0.8656946023305258,0.862744152545929,0.8706199526786804,0.8637197017669678,0.9437323609987894,0.9386913180351256,0.9473659992218018,0.9451397657394408,0.9206418792406718,0.9185289144515992,0.9181857705116272,0.9252109527587892,0.8940081596374512,0.8879035711288452,0.8989663124084473,0.895154595375061,0.8897256453831991,0.8798288106918335,0.8930348753929138,0.8963132500648499,0.9122888445854188,0.9109602570533752,0.90982323884964,0.916083037853241,0.8115179538726807,0.8042507171630859,0.8220258951187134,0.8082772493362427,0.9233112136522929,0.9150349497795104,0.9271973371505736,0.9277013540267944,0.7923357089360555,0.7865549325942993,0.8019919395446777,0.7884602546691895,0.9148752490679424,0.9071829319000244,0.9185121059417723,0.91893070936203,0.8258598844210306,0.8173426389694214,0.8353458642959595,0.8248911499977112,0.9232388337453208,0.9151302576065063,0.9271246194839478,0.9274616241455078
dhs_synth,300000,0,48,0.0490644571940104,2637.678694402799,0.8329960107803345,0.8252010345458984,0.8432851433753967,0.8305018544197083,0.9308271408081056,0.9232004880905152,0.9355210661888124,0.933759868144989,0.8689149419466654,0.8668790459632874,0.8741374611854553,0.8657283186912537,0.9488211671511332,0.9438974261283876,0.9533050060272216,0.9492610692977904,0.9285054405530294,0.9289566278457642,0.9249638319015504,0.9315958619117736,0.9010340770085652,0.8963777422904968,0.9061810374259948,0.9005434513092041,0.8978622158368429,0.887995719909668,0.904296875,0.9012940526008606,0.924184242884318,0.9232182502746582,0.9234047532081604,0.9259297251701356,0.8184826771418253,0.8113092184066772,0.8300210237503052,0.8141177892684937,0.9306500355402628,0.9228564500808716,0.9353607892990112,0.9337328672409058,0.8005751967430115,0.7951449751853943,0.8105642795562744,0.7960163354873657,0.9227588375409445,0.9147576689720154,0.9272357225418092,0.9262831211090088,0.8327721953392029,0.8238680958747864,0.8437237739562988,0.8307247161865234,0.9303690195083618,0.9226462841033936,0.9351553320884703,0.9333054423332214
dhs_synth,300000,1,72,0.0456487906734148,12958.462452742737,0.8428587516148885,0.8361527323722839,0.8533502221107483,0.8390733003616333,0.9404128591219584,0.9329151511192322,0.94686359167099,0.9414598345756532,0.8754278024037679,0.8730248808860779,0.8821739554405212,0.8710845708847046,0.9546716610590616,0.9499470591545104,0.9600263833999634,0.9540415406227112,0.9407910505930582,0.9403359293937684,0.938341498374939,0.9436957240104676,0.9183132648468018,0.9146846532821656,0.923716127872467,0.9165390133857728,0.9140016237894694,0.9054022431373596,0.9214053750038148,0.915197253227234,0.9311044613520304,0.9308274388313292,0.9301941394805908,0.9322918057441713,0.8277090787887573,0.821824312210083,0.8395640254020691,0.8217388987541199,0.9401757915814718,0.9325661063194276,0.9467486143112184,0.9412126541137696,0.810353954633077,0.8065869212150574,0.8213143944740295,0.803160548210144,0.933375855286916,0.9254640340805054,0.9403066635131836,0.9343568682670592,0.8427422444025675,0.8350897431373596,0.8538424372673035,0.8392945528030396,0.9400018254915872,0.9323990941047668,0.946621298789978,0.9409850835800172
dhs_synth,300000,1,72,0.0456487906734148,13043.843492181972,0.8428587516148885,0.8361527323722839,0.8533502221107483,0.8390733003616333,0.9404128591219584,0.9329151511192322,0.94686359167099,0.9414598345756532,0.8754278024037679,0.8730248808860779,0.8821739554405212,0.8710845708847046,0.9546716610590616,0.9499470591545104,0.9600263833999634,0.9540415406227112,0.9407910505930582,0.9403359293937684,0.938341498374939,0.9436957240104676,0.9183132648468018,0.9146846532821656,0.923716127872467,0.9165390133857728,0.9140016237894694,0.9054022431373596,0.9214053750038148,0.915197253227234,0.9311044613520304,0.9308274388313292,0.9301941394805908,0.9322918057441713,0.8277090787887573,0.821824312210083,0.8395640254020691,0.8217388987541199,0.9401757915814718,0.9325661063194276,0.9467486143112184,0.9412126541137696,0.810353954633077,0.8065869212150574,0.8213143944740295,0.803160548210144,0.933375855286916,0.9254640340805054,0.9403066635131836,0.9343568682670592,0.8427422444025675,0.8350897431373596,0.8538424372673035,0.8392945528030396,0.9400018254915872,0.9323990941047668,0.946621298789978,0.9409850835800172
dhs_synth,300000,1,72,0.0456487906734148,12949.660747965798,0.8428587516148885,0.8361527323722839,0.8533502221107483,0.8390733003616333,0.9404128591219584,0.9329151511192322,0.94686359167099,0.9414598345756532,0.8754278024037679,0.8730248808860779,0.8821739554405212,0.8710845708847046,0.9546716610590616,0.9499470591545104,0.9600263833999634,0.9540415406227112,0.9407910505930582,0.9403359293937684,0.938341498374939,0.9436957240104676,0.9183132648468018,0.9146846532821656,0.923716127872467,0.9165390133857728,0.9140016237894694,0.9054022431373596,0.9214053750038148,0.915197253227234,0.9311044613520304,0.9308274388313292,0.9301941394805908,0.9322918057441713,0.8277090787887573,0.821824312210083,0.8395640254020691,0.8217388987541199,0.9401757915814718,0.9325661063194276,0.9467486143112184,0.9412126541137696,0.810353954633077,0.8065869212150574,0.8213143944740295,0.803160548210144,0.933375855286916,0.9254640340805054,0.9403066635131836,0.9343568682670592,0.8427422444025675,0.8350897431373596,0.8538424372673035,0.8392945528030396,0.9400018254915872,0.9323990941047668,0.946621298789978,0.9409850835800172
dhs_synth,300000,2,41,0.0471447749475638,2303.385452062823,0.8369805216789246,0.8317322134971619,0.8461765050888062,0.8330328464508057,0.9355220397313436,0.9291530847549438,0.9409300088882446,0.9364830255508424,0.871569037437439,0.868958592414856,0.877827525138855,0.867920994758606,0.951362152894338,0.946681022644043,0.956536054611206,0.9508693814277648,0.9339454174041748,0.9339523315429688,0.931659698486328,0.9362242221832277,0.9111762841542562,0.9068885445594788,0.9160154461860656,0.910624861717224,0.905337949593862,0.8977904319763184,0.9117903113365172,0.90643310546875,0.9273969928423564,0.9272838830947876,0.925296425819397,0.9296106696128844,0.8222040335337321,0.8176326751708984,0.8329794406890869,0.8159999847412109,0.9352365533510844,0.9287477731704712,0.9406920671463012,0.9362698197364808,0.8044016162554423,0.8013461232185364,0.8146779537200928,0.7971807718276978,0.9279545346895852,0.9214849472045898,0.933536171913147,0.9288424849510192,0.8367363413174947,0.8305044174194336,0.8465372323989868,0.8331673741340637,0.9350099166234336,0.9285172820091248,0.9405441880226136,0.935968279838562
dhs_synth,300000,3,41,0.0483344155748685,2257.640291261021,0.8337775468826294,0.8278177380561829,0.8432289361953735,0.8302859663963318,0.9321604172388712,0.9259269833564758,0.9377101063728333,0.9328441619873048,0.8690945704778036,0.8671019077301025,0.8738917708396912,0.8662900328636169,0.944930136203766,0.9419159889221193,0.9496418237686156,0.9432325959205629,0.9292728106180826,0.9305806159973145,0.9256737232208252,0.9315640926361084,0.905392587184906,0.9039142727851868,0.910735011100769,0.9015284776687622,0.9017555713653564,0.8961238861083984,0.9064458012580872,0.9026970267295836,0.9238613645235696,0.9241066575050354,0.9217336177825928,0.925743818283081,0.8190562129020691,0.8142492175102234,0.8296827077865601,0.8132367134094238,0.931889315446218,0.9255420565605164,0.9375070333480836,0.9326188564300536,0.8021915356318156,0.8000215291976929,0.8117265701293945,0.7948265075683594,0.9245331287384032,0.918094038963318,0.9302294850349426,0.9252758622169496,0.833489716053009,0.8265910148620605,0.8435630798339844,0.8303150534629822,0.9317217270533243,0.9254184365272522,0.9373849034309388,0.9323618412017822
dhs_synth,300000,4,72,0.0461207558890183,3933.6876327209175,0.8415702780087789,0.8356910347938538,0.8513997197151184,0.8376200795173645,0.9401759107907612,0.9338960647583008,0.9459593892097472,0.9406722784042358,0.8765637874603271,0.8750770688056946,0.8829869031906128,0.8716273903846741,0.9537734190622964,0.9491576552391052,0.9587421417236328,0.9534204602241516,0.9400806427001952,0.9418248534202576,0.9367596507072448,0.9416574239730836,0.9176683028539022,0.9150392413139344,0.9225966334342957,0.9153690338134766,0.9132665793100992,0.9061188101768494,0.919974446296692,0.9137064814567566,0.9310733278592428,0.93113511800766,0.9302982687950134,0.9317865967750548,0.8265225092569987,0.8214267492294312,0.8379360437393188,0.8202047348022461,0.9397375782330832,0.933213710784912,0.9456208348274232,0.940378189086914,0.8089184562365214,0.8059509992599487,0.8191008567810059,0.8017035126686096,0.9330963293711344,0.9263890981674194,0.9391795992851256,0.9337202906608582,0.8413086334864298,0.8343222737312317,0.8518273234367371,0.8377763032913208,0.9396891792615256,0.9332995414733888,0.9456127882003784,0.9401552081108092
dhs_topic,10000,0,38,0.1705635360479354,112.56486947461964,0.445996751387914,0.4008404314517975,0.4567486047744751,0.4804012179374695,0.5070312221844991,0.4525601267814636,0.5230055451393127,0.545527994632721,0.5465857982635498,0.5162372589111328,0.5530921220779419,0.5704280138015747,0.5792620579401652,0.5446150302886963,0.5905067920684814,0.6026643514633179,0.4541254937648773,0.4265212714672088,0.4565560817718506,0.4792991280555725,0.3689960439999898,0.3195990622043609,0.3900366425514221,0.3973524272441864,0.3537995318571726,0.2941681742668152,0.3713222444057464,0.3959081768989563,0.3070743183294932,0.2819030284881592,0.2921059131622314,0.347214013338089,0.4364477296670278,0.3928958475589752,0.4486700892448425,0.4677772521972656,0.5056239366531372,0.4511172771453857,0.5220903158187866,0.5436642169952393,0.3996953169504801,0.3558742105960846,0.4147587120532989,0.4284530282020569,0.4696223239103953,0.414247065782547,0.4880587458610534,0.5065611600875854,0.4453616340955098,0.3991639316082001,0.4563509523868561,0.4805700182914734,0.5058845480283102,0.4510504007339477,0.5218283534049988,0.5447748899459839
dhs_topic,10000,1,34,0.1802416672706604,231.1337216270622,0.4362797339757283,0.4029234647750854,0.4509727358818054,0.4549430012702942,0.4896763165791829,0.4486335515975952,0.5107949376106262,0.5096004605293274,0.5221519470214844,0.5011207461357117,0.5330992341041565,0.532235860824585,0.5595590670903524,0.5355961918830872,0.5747412443161011,0.5683397650718689,0.4368495444456736,0.4257412850856781,0.4426122009754181,0.4421951472759247,0.3697988887627919,0.3406885862350464,0.3892590403556824,0.3794490396976471,0.3469366133213043,0.313525527715683,0.3636547029018402,0.3636296093463897,0.3129426439603169,0.2898323833942413,0.3029536604881286,0.3460418879985809,0.4264658292134602,0.3957282602787018,0.4418701231479645,0.4417991042137146,0.4880462189515431,0.4479800164699554,0.5097434520721436,0.5064151883125305,0.3896612723668416,0.3620805740356445,0.404280424118042,0.4026228189468384,0.4550019701321919,0.4162391424179077,0.4766943752765655,0.4720723927021026,0.4359940886497497,0.4017800092697143,0.4510583579540252,0.4551438987255096,0.488727202018102,0.447403222322464,0.5101367831230164,0.5086416006088257
dhs_topic,10000,1,34,0.1802416672706604,227.92863046494315,0.4362797339757283,0.4029234647750854,0.4509727358818054,0.4549430012702942,0.4896763165791829,0.4486335515975952,0.5107949376106262,0.5096004605293274,0.5221519470214844,0.5011207461357117,0.5330992341041565,0.532235860824585,0.5595590670903524,0.5355961918830872,0.5747412443161011,0.5683397650718689,0.4368495444456736,0.4257412850856781,0.4426122009754181,0.4421951472759247,0.3697988887627919,0.3406885862350464,0.3892590403556824,0.3794490396976471,0.3469366133213043,0.313525527715683,0.3636547029018402,0.3636296093463897,0.3129426439603169,0.2898323833942413,0.3029536604881286,0.3460418879985809,0.4264658292134602,0.3957282602787018,0.4418701231479645,0.4417991042137146,0.4880462189515431,0.4479800164699554,0.5097434520721436,0.5064151883125305,0.3896612723668416,0.3620805740356445,0.404280424118042,0.4026228189468384,0.4550019701321919,0.4162391424179077,0.4766943752765655,0.4720723927021026,0.4359940886497497,0.4017800092697143,0.4510583579540252,0.4551438987255096,0.488727202018102,0.447403222322464,0.5101367831230164,0.5086416006088257
dhs_topic,10000,2,25,0.1822607312202453,91.7535054301843,0.4443488220373789,0.4233023226261139,0.443088948726654,0.4666551947593689,0.5003780325253805,0.4715699553489685,0.503012478351593,0.5265516638755798,0.5287262399991354,0.5165740251541138,0.5323652625083923,0.5372394323348999,0.5616751114527384,0.5510002970695496,0.5661922693252563,0.5678327679634094,0.4303411642710368,0.4255922138690948,0.4261342883110046,0.4392969906330108,0.3603897392749786,0.3407269716262817,0.3736395239830017,0.3668027222156524,0.3564422527949015,0.3398340046405792,0.3598658740520477,0.3696268796920776,0.2720974485079447,0.2677162885665893,0.2622914910316467,0.2862845659255981,0.4372467299302419,0.4167943298816681,0.438522070646286,0.4564237892627716,0.5015603502591451,0.472592830657959,0.5053337216377258,0.5267544984817505,0.3986074229081471,0.3815174400806427,0.4022716283798218,0.412033200263977,0.4617363115151723,0.4351097345352173,0.4684707820415497,0.48162841796875,0.4439098636309306,0.4216935634613037,0.4429932236671448,0.4670428037643432,0.4992742935816447,0.4700822830200195,0.5019460916519165,0.525794506072998
dhs_topic,10000,3,28,0.1676928830146789,95.55122003797442,0.4542728960514068,0.4273600280284881,0.4577504992485046,0.4777081608772278,0.5166508654753367,0.4793296754360199,0.5227321982383728,0.5478907227516174,0.5456822315851847,0.5275620818138123,0.551306426525116,0.558178186416626,0.5766400098800659,0.5562172532081604,0.5854908227920532,0.5882119536399841,0.4385776321093241,0.4256099760532379,0.4314677715301513,0.4586551487445831,0.3496317068735758,0.317304253578186,0.3621123433113098,0.3694785237312317,0.3200868864854176,0.290748655796051,0.3224609792232513,0.3470510244369507,0.2786154051621755,0.2656745910644531,0.2701920866966247,0.2999795377254486,0.4419663747151692,0.4172516167163849,0.4468509554862976,0.4617965519428253,0.5145693222681681,0.4777224063873291,0.521397590637207,0.5445879697799683,0.4005982081095378,0.3773376941680908,0.403681218624115,0.4207757115364074,0.4718159735202789,0.4361854493618011,0.4774389266967773,0.5018235445022583,0.4544366399447123,0.4269474446773529,0.4580609798431396,0.4783014953136444,0.5163785914580027,0.4791572391986847,0.5223692059516907,0.5476093292236328
dhs_topic,10000,4,27,0.1730286042690277,312.18009495874867,0.4500040809313456,0.4226230084896087,0.4639237523078918,0.4634654819965362,0.5113529761632284,0.473152220249176,0.5289302468299866,0.5319764614105225,0.5211222966512045,0.5033164620399475,0.5321584939956665,0.5278919339179993,0.5548562208811442,0.5327178239822388,0.5709843039512634,0.5608665347099304,0.4359664221604665,0.4172638654708862,0.4488267600536346,0.4418086409568786,0.3548850913842519,0.3302735090255737,0.3816605508327484,0.3527212142944336,0.3402011295159657,0.3144282102584839,0.3643050193786621,0.3418701589107513,0.2947831948598226,0.2778477668762207,0.2929338216781616,0.3135679960250854,0.4391047557195027,0.4140347838401794,0.4554415047168731,0.4478379786014557,0.5102328658103943,0.4723171591758728,0.5292085409164429,0.5291728973388672,0.3989699482917785,0.3773195743560791,0.4146083295345306,0.4049819409847259,0.4674201806386311,0.4328427016735077,0.4870398044586181,0.4823780357837677,0.4497478604316711,0.4218069911003113,0.463627278804779,0.4638093113899231,0.5108438730239868,0.4726595282554626,0.5281748175621033,0.5316972732543945
dhs_topic,25000,0,104,0.143335038948059,509.727138843853,0.5366694728533427,0.5011935234069824,0.5346912741661072,0.5741236209869385,0.6082817316055298,0.5633094906806946,0.6086187362670898,0.6529169678688049,0.6272696057955424,0.6085045337677002,0.6220564246177673,0.6512478590011597,0.6742812991142273,0.6511645317077637,0.6711881756782532,0.700491189956665,0.5525603294372559,0.5294063687324524,0.5466490983963013,0.5816255211830139,0.484558622042338,0.4494965076446533,0.4891024231910705,0.5150769352912903,0.470694492260615,0.4186819493770599,0.4757445454597473,0.5176569819450378,0.4175503849983215,0.3907689154148102,0.4109912812709808,0.4508909583091736,0.5259938736756643,0.4907054007053375,0.5262299180030823,0.561046302318573,0.607445240020752,0.5615319609642029,0.6085789799690247,0.6522247791290283,0.4910277227560679,0.4567570090293884,0.4912021458148956,0.5251240134239197,0.5730142792065939,0.5259317755699158,0.5748694539070129,0.6182416081428528,0.5361828505992889,0.4994363486766815,0.5347191095352173,0.574393093585968,0.6073838671048483,0.5619152188301086,0.6078698039054871,0.652366578578949
dhs_topic,25000,1,46,0.14765253033638,554.4694439070299,0.524528960386912,0.4963728189468384,0.5248952507972717,0.552318811416626,0.5961254835128784,0.5561553239822388,0.5991386771202087,0.6330824494361877,0.6058830817540487,0.5868420600891113,0.6016780734062195,0.6291291117668152,0.6526919007301331,0.6278621554374695,0.6527010202407837,0.677512526512146,0.5429672201474508,0.521846354007721,0.543033242225647,0.5640220642089844,0.4588538805643717,0.4333269000053406,0.4658492803573608,0.4773854613304138,0.4291848043600718,0.3958632349967956,0.4377597272396087,0.453931450843811,0.4064400295416514,0.3854414820671081,0.4023776352405548,0.4315009713172912,0.5133593479792277,0.4859418869018554,0.5160130858421326,0.5381230711936951,0.5949210921923319,0.554604172706604,0.5991737842559814,0.6309853196144104,0.4729145963986714,0.4493823945522308,0.4742846488952636,0.4950767457485199,0.5548945069313049,0.5161014795303345,0.5597427487373352,0.5888392925262451,0.5241373777389526,0.4952142834663391,0.524878740310669,0.5523191094398499,0.5952785412470499,0.5554064512252808,0.5982915163040161,0.632137656211853
dhs_topic,25000,1,46,0.14765253033638,551.6043221789878,0.524528960386912,0.4963728189468384,0.5248952507972717,0.552318811416626,0.5961254835128784,0.5561553239822388,0.5991386771202087,0.6330824494361877,0.6058830817540487,0.5868420600891113,0.6016780734062195,0.6291291117668152,0.6526919007301331,0.6278621554374695,0.6527010202407837,0.677512526512146,0.5429672201474508,0.521846354007721,0.543033242225647,0.5640220642089844,0.4588538805643717,0.4333269000053406,0.4658492803573608,0.4773854613304138,0.4291848043600718,0.3958632349967956,0.4377597272396087,0.453931450843811,0.4064400295416514,0.3854414820671081,0.4023776352405548,0.4315009713172912,0.5133593479792277,0.4859418869018554,0.5160130858421326,0.5381230711936951,0.5949210921923319,0.554604172706604,0.5991737842559814,0.6309853196144104,0.4729145963986714,0.4493823945522308,0.4742846488952636,0.4950767457485199,0.5548945069313049,0.5161014795303345,0.5597427487373352,0.5888392925262451,0.5241373777389526,0.4952142834663391,0.524878740310669,0.5523191094398499,0.5952785412470499,0.5554064512252808,0.5982915163040161,0.632137656211853
dhs_topic,25000,2,77,0.1473119874954223,397.106021551881,0.5517375270525614,0.5210840702056885,0.5527937412261963,0.5813347697257996,0.6229481101036072,0.5844101905822754,0.6253519654273987,0.6590821743011475,0.6325623194376627,0.6185269355773926,0.6289463043212891,0.6502137184143066,0.6815004746119181,0.6639110445976257,0.6803622245788574,0.7002281546592712,0.5691640377044678,0.5515614151954651,0.5625673532485962,0.593363344669342,0.4888885021209717,0.4577263593673706,0.4935536980628967,0.5153854489326477,0.4709635178248088,0.4211289584636688,0.4770188629627228,0.5147427320480347,0.4303746620814005,0.4109923541545868,0.424703299999237,0.4554283320903778,0.5397656361262003,0.509847104549408,0.5431557893753052,0.5662940144538879,0.621241052945455,0.5820274353027344,0.6246283054351807,0.6570674180984497,0.4988393584887187,0.4695515632629394,0.5023714900016785,0.5245950222015381,0.5828860600789388,0.5416091084480286,0.5871597528457642,0.6198893189430237,0.5512756903966268,0.5193305611610413,0.5529836416244507,0.5815128684043884,0.6222063700358073,0.5832650661468506,0.6248597502708435,0.6584942936897278
dhs_topic,25000,3,33,0.1610302454471588,193.84217712841928,0.5010280013084412,0.4594512581825256,0.5081375241279602,0.5354952216148376,0.5666792194048563,0.5168978571891785,0.5752048492431641,0.6079349517822266,0.5959905982017517,0.5643134117126465,0.604533314704895,0.6191250681877136,0.6383965015411377,0.6018295288085938,0.6487677097320557,0.6645922660827637,0.5087233781814575,0.4911926090717315,0.4983111917972564,0.5366663336753845,0.4235982795556386,0.3935970962047577,0.4259991347789764,0.4511986076831817,0.3839061756928761,0.3500815629959106,0.3812938332557678,0.4203431308269501,0.3720610241095225,0.3555718660354614,0.3560460209846496,0.4045651853084564,0.4903085430463155,0.4499132037162781,0.498772919178009,0.5222395062446594,0.5656535426775614,0.5151750445365906,0.5747670531272888,0.6070185303688049,0.4460118313630422,0.4118654429912567,0.4491122961044311,0.4770577549934387,0.524387538433075,0.4791439771652221,0.5299045443534851,0.5641140937805176,0.5011940995852152,0.4586923718452453,0.508735716342926,0.5361542105674744,0.5665677189826965,0.5165541768074036,0.575223445892334,0.607925534248352
dhs_topic,25000,4,104,0.1455332354307174,511.6626164452173,0.5450101097424825,0.5118106603622437,0.5408135652542114,0.5824061036109924,0.6163854996363322,0.5748434066772461,0.612838089466095,0.6614750027656555,0.6311723192532858,0.612317681312561,0.6244128346443176,0.6567864418029785,0.6779037316640218,0.655141294002533,0.6717668771743774,0.706803023815155,0.5667717258135477,0.5432446599006653,0.5589916706085205,0.5980788469314575,0.4940467278162638,0.4616443216800689,0.4971148073673248,0.5233810544013977,0.4775294164816538,0.4306512176990509,0.4835593700408935,0.5183776617050171,0.4360954066117604,0.406482994556427,0.4299963414669037,0.4718068838119507,0.5339869856834412,0.5010514855384827,0.5319962501525879,0.5689132213592529,0.6154806613922119,0.5727977156639099,0.612740695476532,0.6609035730361938,0.4936269124348958,0.4649526178836822,0.490971952676773,0.5249561667442322,0.5775918960571289,0.5359057784080505,0.5750516653060913,0.6218182444572449,0.5444292227427164,0.510307252407074,0.540768027305603,0.5822123885154724,0.6153268019358317,0.5735963582992554,0.6118249893188477,0.6605590581893921
dhs_topic,50000,0,113,0.1005295986413955,3521.3837549244054,0.7178438504536947,0.7155140042304993,0.7116585969924927,0.726358950138092,0.8094116051991781,0.8061841130256653,0.8003121018409729,0.821738600730896,0.7831737796465555,0.7841446399688721,0.7767540216445923,0.7886226773262024,0.8521827856699625,0.8533839583396912,0.8449252247810364,0.8582391738891602,0.7809489766756693,0.7935227155685425,0.7630471587181091,0.7862770557403564,0.7304168939590454,0.7386508584022522,0.7198584079742432,0.7327414155006409,0.7185219327608744,0.7173802256584167,0.7078206539154053,0.7303649187088013,0.6884847482045492,0.7000507712364197,0.6739996671676636,0.6914038062095642,0.7045529087384542,0.7022629380226135,0.6997390985488892,0.7116566896438599,0.8087550600369772,0.804719090461731,0.7996609210968018,0.8218851685523987,0.6757019360860189,0.6762701272964478,0.667768120765686,0.6830675601959229,0.786802609761556,0.7834312319755554,0.7762021422386169,0.8007744550704956,0.7175778746604919,0.7141975164413452,0.7118187546730042,0.7267173528671265,0.8087703982988993,0.8051754236221313,0.7996881604194641,0.8214476108551025
dhs_topic,50000,1,159,0.086050463271141,4855.978753617033,0.7537840207417806,0.7485970854759216,0.7556408643722534,0.7571141123771667,0.8479520877202352,0.8401669263839722,0.8459944128990173,0.8576949238777161,0.8127565185228983,0.810508131980896,0.8118398785591125,0.8159215450286865,0.8873939712842306,0.8830718398094177,0.8863441348075867,0.8927659392356873,0.8348141113917033,0.8386709094047546,0.8229598999023438,0.8428115248680115,0.788532018661499,0.7897526025772095,0.7854273915290833,0.7904160618782043,0.779848039150238,0.77198326587677,0.7784652709960938,0.7890955805778503,0.758935292561849,0.7692945599555969,0.7464689612388611,0.7610423564910889,0.7396797935167948,0.734946608543396,0.7428364157676697,0.7412563562393188,0.8469671408335367,0.8385225534439087,0.8452270030975342,0.8571518659591675,0.7148886322975159,0.7123355269432068,0.7152672410011292,0.7170631289482117,0.8308284084002177,0.823784351348877,0.826824963092804,0.8418759107589722,0.7531309326489767,0.7469601631164551,0.7554019093513489,0.757030725479126,0.8470948934555054,0.8389826416969299,0.8453055620193481,0.856996476650238
dhs_topic,50000,2,155,0.0890325704574585,1453.4855994638056,0.7408722440401713,0.7366998791694641,0.7405813932418823,0.7453354597091675,0.8364202380180359,0.8335350751876831,0.8314180374145508,0.8443076014518738,0.8044722080230713,0.805959165096283,0.8004729151725769,0.806984543800354,0.8775036533673605,0.8780571818351746,0.8736047148704529,0.8808490633964539,0.8158557216326395,0.8261981010437012,0.8019911050796509,0.8193779587745667,0.771331250667572,0.7784221172332764,0.7665903568267822,0.7689812779426575,0.7629097700119019,0.7650303840637207,0.7523109912872314,0.7713879346847534,0.7370541493097941,0.7533233165740967,0.7215638160705566,0.736275315284729,0.7273170749346415,0.7237365245819092,0.7283397316932678,0.7298749685287476,0.8356879949569702,0.8323105573654175,0.8310333490371704,0.8437200784683228,0.7025945782661438,0.7034344673156738,0.6992918252944946,0.7050574421882629,0.8177471160888672,0.8165989518165588,0.8104774355888367,0.826164960861206,0.7406420906384786,0.7355940341949463,0.7408276796340942,0.7455045580863953,0.8359031081199646,0.8328304290771484,0.8310734033584595,0.8438054919242859
dhs_topic,50000,3,100,0.1002668041110038,937.300702169072,0.7154274980227152,0.7147064208984375,0.7114945650100708,0.7200815081596375,0.8037201166152954,0.8009987473487854,0.7977575659751892,0.8124040365219116,0.788551410039266,0.7918892502784729,0.7824503779411316,0.7913146018981934,0.8549072543780009,0.8571134805679321,0.8490784764289856,0.858529806137085,0.7809268633524576,0.7927505970001221,0.7645388841629028,0.7854911088943481,0.7261786659558614,0.7350966334342957,0.7176195383071899,0.7258198261260986,0.7127273480097452,0.7072551250457764,0.7034454345703125,0.727481484413147,0.6952969630559286,0.7079325914382935,0.6813782453536987,0.6965800523757935,0.7022883097330729,0.7016904950141907,0.7003634572029114,0.7048109769821167,0.8029081622759501,0.7994264960289001,0.7973924875259399,0.8119055032730103,0.6735588709513346,0.6767997741699219,0.6680060029029846,0.6758708357810974,0.7823590636253357,0.78154456615448,0.774086594581604,0.7914460301399231,0.7152379155158997,0.7132198214530945,0.7122538089752197,0.7202401161193848,0.8029844164848328,0.7998916506767273,0.7973458170890808,0.8117157816886902
dhs_topic,50000,4,53,0.1090629784584045,1716.9664286170157,0.6882974704106649,0.6753939986228943,0.6879572868347168,0.7015411257743835,0.7744796673456827,0.7602928280830383,0.770771324634552,0.792374849319458,0.7629695137341818,0.7570565938949585,0.7623842358589172,0.7694677114486694,0.8285169204076132,0.8213189244270325,0.8275983333587646,0.8366335034370422,0.7395975788434347,0.7459350824356079,0.7227280735969543,0.7501295804977417,0.6823530594507853,0.6832026243209839,0.6759074926376343,0.6879490613937378,0.6612916787465414,0.6456739902496338,0.6577548384666443,0.680446207523346,0.6255505681037903,0.6291444897651672,0.6141389012336731,0.6333683133125305,0.6750857830047607,0.6622425317764282,0.6765169501304626,0.6864978671073914,0.7736618518829346,0.7585726380348206,0.7704641222953796,0.7919487953186035,0.6440371870994568,0.6348649859428406,0.6437455415725708,0.653501033782959,0.748924712340037,0.7356287240982056,0.7446039319038391,0.7665414810180664,0.6883190274238586,0.6743213534355164,0.6887930631637573,0.7018426656723022,0.7741213242212931,0.7595962285995483,0.7705941796302795,0.7921735644340515
dhs_topic,50000,4,53,0.1090629784584045,1728.068362433929,0.6882974704106649,0.6753939986228943,0.6879572868347168,0.7015411257743835,0.7744796673456827,0.7602928280830383,0.770771324634552,0.792374849319458,0.7629695137341818,0.7570565938949585,0.7623842358589172,0.7694677114486694,0.8285169204076132,0.8213189244270325,0.8275983333587646,0.8366335034370422,0.7395975788434347,0.7459350824356079,0.7227280735969543,0.7501295804977417,0.6823530594507853,0.6832026243209839,0.6759074926376343,0.6879490613937378,0.6612916787465414,0.6456739902496338,0.6577548384666443,0.680446207523346,0.6255505681037903,0.6291444897651672,0.6141389012336731,0.6333683133125305,0.6750857830047607,0.6622425317764282,0.6765169501304626,0.6864978671073914,0.7736618518829346,0.7585726380348206,0.7704641222953796,0.7919487953186035,0.6440371870994568,0.6348649859428406,0.6437455415725708,0.653501033782959,0.748924712340037,0.7356287240982056,0.7446039319038391,0.7665414810180664,0.6883190274238586,0.6743213534355164,0.6887930631637573,0.7018426656723022,0.7741213242212931,0.7595962285995483,0.7705941796302795,0.7921735644340515
dhs_topic,100000,0,31,0.0815101635932922,609.5512489769608,0.763292133808136,0.7581318616867065,0.7631848454475403,0.7685596942901611,0.8587851921717325,0.8560388088226318,0.8539849519729614,0.8663318157196045,0.823509931564331,0.8241233825683594,0.8222581148147583,0.8241482973098755,0.8965928157170614,0.89741051197052,0.8943958878517151,0.897972047328949,0.8425158858299255,0.8551799654960632,0.8277129530906677,0.8446547389030457,0.8043439984321594,0.8071163892745972,0.7992265820503235,0.8066890239715576,0.7919357617696127,0.7876807451248169,0.7841008901596069,0.8040256500244141,0.7704626520474752,0.7864404916763306,0.7581616640090942,0.7667858004570007,0.7495021820068359,0.7450383901596069,0.7509975433349609,0.7524706125259399,0.8579679330190023,0.8546335697174072,0.853422999382019,0.8658472299575806,0.7250096400578817,0.7234915494918823,0.7235613465309143,0.7279760241508484,0.8421509663263956,0.839474081993103,0.8359524011611938,0.8510264158248901,0.7629766464233398,0.756949782371521,0.7633604407310486,0.76861971616745,0.8580280145009359,0.8551021814346313,0.853289008140564,0.8656928539276123
dhs_topic,100000,1,31,0.0808714990615844,1345.267887034919,0.7649014989535013,0.7620974779129028,0.7656186819076538,0.7669883370399475,0.8591209252675375,0.857656717300415,0.8556103706359863,0.8640956878662109,0.824775755405426,0.8262679576873779,0.822769820690155,0.8252894878387451,0.8962724208831787,0.8970340490341187,0.8946923613548279,0.8970908522605896,0.8408032854398092,0.8537759780883789,0.8289189338684082,0.8397149443626404,0.8029883901278178,0.8085873126983643,0.7971863150596619,0.8031915426254272,0.7905316948890686,0.7889748215675354,0.7874000668525696,0.7952201962471008,0.7747905055681864,0.7914267182350159,0.7615790367126465,0.771365761756897,0.7506612340609232,0.7480732202529907,0.7531947493553162,0.7507157325744629,0.8581547935803732,0.8563262820243835,0.8547426462173462,0.8633954524993896,0.7263393004735311,0.7258777618408203,0.7261939644813538,0.7269461750984192,0.8421285351117452,0.8409901261329651,0.8377545475959778,0.8476409316062927,0.7645410696665446,0.7605924010276794,0.7659319043159485,0.7670989036560059,0.8582801818847656,0.8566259145736694,0.8548657894134521,0.8633488416671753
dhs_topic,100000,1,31,0.0808714990615844,1344.8950337572023,0.7649014989535013,0.7620974779129028,0.7656186819076538,0.7669883370399475,0.8591209252675375,0.857656717300415,0.8556103706359863,0.8640956878662109,0.824775755405426,0.8262679576873779,0.822769820690155,0.8252894878387451,0.8962724208831787,0.8970340490341187,0.8946923613548279,0.8970908522605896,0.8408032854398092,0.8537759780883789,0.8289189338684082,0.8397149443626404,0.8029883901278178,0.8085873126983643,0.7971863150596619,0.8031915426254272,0.7905316948890686,0.7889748215675354,0.7874000668525696,0.7952201962471008,0.7747905055681864,0.7914267182350159,0.7615790367126465,0.771365761756897,0.7506612340609232,0.7480732202529907,0.7531947493553162,0.7507157325744629,0.8581547935803732,0.8563262820243835,0.8547426462173462,0.8633954524993896,0.7263393004735311,0.7258777618408203,0.7261939644813538,0.7269461750984192,0.8421285351117452,0.8409901261329651,0.8377545475959778,0.8476409316062927,0.7645410696665446,0.7605924010276794,0.7659319043159485,0.7670989036560059,0.8582801818847656,0.8566259145736694,0.8548657894134521,0.8633488416671753
dhs_topic,100000,2,31,0.0804222307085991,619.9473999356851,0.7754108309745789,0.7758800387382507,0.7744572162628174,0.7758952379226685,0.8693350950876871,0.8704286813735962,0.8643280267715454,0.8732485771179199,0.8280337452888489,0.8305415511131287,0.8265498280525208,0.8270098567008972,0.901711881160736,0.9030316472053528,0.9000526666641235,0.902051329612732,0.8531756401062012,0.8694066405296326,0.838341236114502,0.851779043674469,0.8155909379323324,0.8243628740310669,0.8075371980667114,0.8148727416992188,0.806847333908081,0.8089660406112671,0.7990411520004272,0.8125348091125488,0.7884649435679117,0.8065628409385681,0.7755305767059326,0.7833014130592346,0.7617457310358683,0.7624897360801697,0.7624958157539368,0.7602516412734985,0.8688800732294718,0.8693873286247253,0.8640158176422119,0.8732370734214783,0.7380384604136149,0.7417610287666321,0.7368148565292358,0.7355394959449768,0.8538520336151123,0.8555712103843689,0.8477956652641296,0.8581892251968384,0.7752715945243835,0.7748302221298218,0.7748000621795654,0.7761844992637634,0.8687283396720886,0.869631826877594,0.8638546466827393,0.8726985454559326
dhs_topic,100000,3,33,0.0800320117592811,644.9403311861679,0.7710421681404114,0.771179735660553,0.7727023363113403,0.7692444324493408,0.8678977688153585,0.8674610257148743,0.8660534024238586,0.8701788783073425,0.8264611562093099,0.8295170068740845,0.8258585929870605,0.8240078687667847,0.9018912116686504,0.9044021368026732,0.900232195854187,0.9010393023490906,0.8520081440607706,0.8652487993240356,0.8401259183883667,0.8506497144699097,0.8128823637962341,0.8212939500808716,0.8101227879524231,0.8072303533554077,0.8020068804423014,0.8004884719848633,0.7975017428398132,0.8080304265022278,0.7787083784739176,0.7972440123558044,0.767332136631012,0.7715489864349365,0.7574800848960876,0.7574261426925659,0.7607275247573853,0.7542865872383118,0.8675877849260966,0.8664697408676147,0.865925669670105,0.8703679442405701,0.734864354133606,0.7372545599937439,0.7361236810684204,0.7312148213386536,0.8525276184082031,0.853300929069519,0.8495632410049438,0.8547186851501465,0.7706978718439738,0.7695449590682983,0.773080587387085,0.7694680690765381,0.8673955003420512,0.8667178153991699,0.86572265625,0.8697460293769836
dhs_topic,100000,4,33,0.0811268674850463,661.744947404135,0.7693239053090414,0.7699087858200073,0.7706799507141113,0.7673829793930054,0.8663761615753174,0.8674416542053223,0.863262414932251,0.8684244155883789,0.8273871143658956,0.8303812742233276,0.8256210088729858,0.8261590600013733,0.9000835021336874,0.9018629193305968,0.8973112106323242,0.9010763764381408,0.8428110082944235,0.8567811250686646,0.8308696746826172,0.8407822251319885,0.8082804282506307,0.8186415433883667,0.8054789304733276,0.8007208108901978,0.7977619369824728,0.7993347644805908,0.7937930822372437,0.8001579642295837,0.7709800998369852,0.7866345643997192,0.7599321007728577,0.7663736343383789,0.7555454969406128,0.7565491795539856,0.7587081789970398,0.751379132270813,0.8655552665392557,0.8661497235298157,0.8627891540527344,0.8677269220352173,0.7320463061332703,0.736068606376648,0.732807457447052,0.7272628545761108,0.850041389465332,0.8516454696655273,0.8463407158851624,0.8521379828453064,0.7689977089564005,0.7685019373893738,0.7710222005844116,0.7674689888954163,0.8657630483309428,0.8665314316749573,0.8629162311553955,0.8678414821624756
dhs_topic,150000,0,41,0.0622752378225326,1158.6761353388429,0.8212107022603353,0.8149229288101196,0.8294311761856079,0.8192780017852783,0.9186392426490784,0.912317156791687,0.9230040907859802,0.920596480369568,0.859817643960317,0.8579090237617493,0.8645477294921875,0.8569961786270142,0.9376035531361898,0.9342894554138184,0.9411610960960388,0.9373601078987122,0.9124537706375122,0.914007008075714,0.9092727899551392,0.9140815138816832,0.888083279132843,0.883394181728363,0.8934261798858643,0.8874294757843018,0.8831076423327128,0.8748134970664978,0.8886614441871643,0.8858479857444763,0.8642523884773254,0.8719161748886108,0.858405351638794,0.8624356389045715,0.806553065776825,0.8011141419410706,0.8159660696983337,0.8025789856910706,0.9182924032211304,0.9117625951766968,0.922693967819214,0.9204206466674804,0.787619392077128,0.7838533520698547,0.7961185574531555,0.782886266708374,0.909509857495626,0.9025163650512696,0.9144574403762816,0.9115557670593262,0.8206965128580729,0.8133636713027954,0.8295143246650696,0.8192115426063538,0.9180632630983988,0.9116270542144777,0.9225547909736632,0.9200079441070556
dhs_topic,150000,1,41,0.0615127213040987,2556.723102316959,0.8218371470769247,0.8157168626785278,0.8309720158576965,0.8188225626945496,0.918723444143931,0.9121482372283936,0.9235087037086488,0.920513391494751,0.861203690369924,0.8606032133102417,0.8660604357719421,0.8569474220275879,0.940769096215566,0.9378769397735596,0.944101870059967,0.9403284788131714,0.9125518997510276,0.9149844646453856,0.9084604382514954,0.9142107963562012,0.8893530964851379,0.8856264352798462,0.8953206539154053,0.8871122002601624,0.8837295373280843,0.8764357566833496,0.8902252912521362,0.8845275640487671,0.8696136871973673,0.8762376308441162,0.8654652833938599,0.867138147354126,0.8071966369946798,0.8019715547561646,0.8175686001777649,0.8020497560501099,0.9183438817660012,0.9116625785827636,0.923076868057251,0.9202921986579896,0.7883944908777872,0.7852952480316162,0.7973989248275757,0.7824892997741699,0.9096682071685792,0.9025633335113524,0.9146344661712646,0.91180682182312,0.8216646313667297,0.8144986033439636,0.831407904624939,0.8190873861312866,0.9182318647702536,0.9115047454833984,0.9231451153755188,0.9200457334518432
dhs_topic,150000,1,41,0.0615127213040987,2573.679053349886,0.8218371470769247,0.8157168626785278,0.8309720158576965,0.8188225626945496,0.918723444143931,0.9121482372283936,0.9235087037086488,0.920513391494751,0.861203690369924,0.8606032133102417,0.8660604357719421,0.8569474220275879,0.940769096215566,0.9378769397735596,0.944101870059967,0.9403284788131714,0.9125518997510276,0.9149844646453856,0.9084604382514954,0.9142107963562012,0.8893530964851379,0.8856264352798462,0.8953206539154053,0.8871122002601624,0.8837295373280843,0.8764357566833496,0.8902252912521362,0.8845275640487671,0.8696136871973673,0.8762376308441162,0.8654652833938599,0.867138147354126,0.8071966369946798,0.8019715547561646,0.8175686001777649,0.8020497560501099,0.9183438817660012,0.9116625785827636,0.923076868057251,0.9202921986579896,0.7883944908777872,0.7852952480316162,0.7973989248275757,0.7824892997741699,0.9096682071685792,0.9025633335113524,0.9146344661712646,0.91180682182312,0.8216646313667297,0.8144986033439636,0.831407904624939,0.8190873861312866,0.9182318647702536,0.9115047454833984,0.9231451153755188,0.9200457334518432
dhs_topic,150000,2,41,0.0603766470293204,1176.6234873770736,0.819942573706309,0.8146563768386841,0.8284509181976318,0.8167204260826111,0.9194673697153728,0.9135079979896544,0.9236020445823668,0.9212920665740968,0.8593396345774332,0.8590623736381531,0.8639206886291504,0.8550358414649963,0.939110279083252,0.9356962442398072,0.9432829022407532,0.9383516907691956,0.9156792958577474,0.917888879776001,0.9111088514328004,0.9180401563644408,0.8923583626747131,0.8902098536491394,0.895615816116333,0.891249418258667,0.8870691259702047,0.8808072209358215,0.8911838531494141,0.8892163038253784,0.8734730283419291,0.8799645304679871,0.8688279390335083,0.871626615524292,0.8052013913790385,0.8001700639724731,0.814898669719696,0.8005354404449463,0.9187941153844198,0.9124441742897034,0.9230127334594728,0.9209254384040833,0.7880314985911051,0.7849857807159424,0.7962912321090698,0.7828174829483032,0.9105642239252726,0.9045529365539552,0.914636731147766,0.9125030040740968,0.8195979793866476,0.8133031129837036,0.8287445902824402,0.8167462348937988,0.9188403288523356,0.9127260446548462,0.9231814742088318,0.9206134676933287
dhs_topic,150000,3,41,0.0636706235170364,1152.6907683801835,0.8170172770818075,0.8129128813743591,0.8242179751396179,0.8139209747314453,0.9149011770884196,0.9118555784225464,0.9179426431655884,0.914905309677124,0.8578058083852133,0.8576671481132507,0.8621795177459717,0.8535707592964172,0.9354257384936014,0.9335002303123474,0.9383357763290404,0.9344412088394164,0.906298061211904,0.9140055775642396,0.8999248147010803,0.9049637913703918,0.8862053155899048,0.8859654068946838,0.8902844786643982,0.8823660612106323,0.8804485003153483,0.8756170868873596,0.8853201270103455,0.8804082870483398,0.8603573044141134,0.8699761033058167,0.8542962670326233,0.8567995429039001,0.802689770857493,0.7992042303085327,0.8115710020065308,0.7972940802574158,0.9145110646883646,0.9112248420715332,0.9176875352859496,0.9146208167076112,0.7848403056462606,0.7838302254676819,0.7924292087554932,0.7782614827156067,0.905677080154419,0.9024944305419922,0.9085400700569152,0.9059967398643494,0.8166966040929159,0.8115566968917847,0.8245618343353271,0.8139712810516357,0.9142396648724874,0.9111805558204652,0.9174163341522216,0.9141221046447754
dhs_topic,150000,4,25,0.0701392050782839,750.4248029449955,0.7983330090840658,0.796513557434082,0.8017266988754272,0.796758770942688,0.894756019115448,0.893335223197937,0.8948773741722107,0.8960554599761963,0.8452791372934977,0.848259687423706,0.8467807769775391,0.840796947479248,0.9222790002822876,0.9218263626098632,0.9229248762130736,0.9220857620239258,0.8821962277094523,0.8920115828514099,0.87375807762146,0.8808190226554871,0.8554793397585551,0.8586228489875793,0.8568022847175598,0.8510128855705261,0.8493383725484213,0.8477066159248352,0.8505201935768127,0.8497883081436157,0.8247843980789185,0.8379045724868774,0.8170395493507385,0.8194090723991394,0.7840461333592733,0.7828537225723267,0.788896381855011,0.7803882956504822,0.8940649231274923,0.8924263715744019,0.8941739201545715,0.8955944776535034,0.7630264560381571,0.7648859024047852,0.7658373713493347,0.7583560943603516,0.8832704027493795,0.8827398419380188,0.8824937343597412,0.8845776319503784,0.7982846101125082,0.7955148220062256,0.8022489547729492,0.7970900535583496,0.8942736784617106,0.892735481262207,0.8945171236991882,0.8955684304237366
dhs_topic,200000,0,33,0.0562364280223846,1245.1911708391272,0.8306140700976054,0.8219538331031799,0.8412621021270752,0.828626275062561,0.9288233518600464,0.9215751886367798,0.9347699284553528,0.9301249384880066,0.8679411013921102,0.8643465042114258,0.8744361400604248,0.86504065990448,0.9463147521018982,0.9411601424217224,0.9515426158905028,0.9462414979934692,0.9256867369016012,0.9250895977020264,0.9227614998817444,0.9292091131210328,0.90728892882665,0.9017269015312196,0.913572371006012,0.9065675139427184,0.901811401049296,0.8916987776756287,0.9101369380950928,0.9035984873771667,0.8892631530761719,0.8941091895103455,0.8851373195648193,0.8885429501533508,0.8158469398816427,0.807917058467865,0.827833354473114,0.811790406703949,0.9285269379615784,0.9210042357444764,0.9345463514328004,0.9300302267074584,0.7983738780021667,0.7927422523498535,0.809105396270752,0.7932739853858948,0.92135089635849,0.9136396050453186,0.9278356432914734,0.922577440738678,0.8302897810935974,0.820629358291626,0.8415495753288269,0.8286904096603394,0.9283145666122437,0.9209391474723816,0.93442302942276,0.9295815229415894
dhs_topic,200000,1,44,0.052217989295721,3614.696098721819,0.8371198773384094,0.8300140500068665,0.8478980660438538,0.8334475159645081,0.9353653788566588,0.9291588068008424,0.9415273070335388,0.9354100227355956,0.8730966250101725,0.8697332143783569,0.8804734349250793,0.8690832257270813,0.951419711112976,0.9470259547233582,0.9566524624824524,0.9505807161331176,0.933889369169871,0.9355989694595336,0.9313439726829528,0.9347251653671264,0.9145872791608176,0.911710262298584,0.9205335974693298,0.9115179777145386,0.9093106985092164,0.9027128219604492,0.9168617725372314,0.9083575010299684,0.902660071849823,0.9075629711151124,0.8998950719833374,0.9005221724510193,0.8219605286916097,0.815767228603363,0.8340887427330017,0.8160256147384644,0.9349441329638164,0.9285674691200256,0.9412161707878112,0.935048758983612,0.804593543211619,0.8012755513191223,0.8155036568641663,0.7970014214515686,0.9283177653948466,0.922013819217682,0.9349794387817384,0.9279600381851196,0.8368666370709738,0.8287286758422852,0.8483074903488159,0.8335637450218201,0.9348970254262288,0.928528130054474,0.9412273168563844,0.9349356293678284
dhs_topic,200000,1,44,0.052217989295721,3638.534357669996,0.8371198773384094,0.8300140500068665,0.8478980660438538,0.8334475159645081,0.9353653788566588,0.9291588068008424,0.9415273070335388,0.9354100227355956,0.8730966250101725,0.8697332143783569,0.8804734349250793,0.8690832257270813,0.951419711112976,0.9470259547233582,0.9566524624824524,0.9505807161331176,0.933889369169871,0.9355989694595336,0.9313439726829528,0.9347251653671264,0.9145872791608176,0.911710262298584,0.9205335974693298,0.9115179777145386,0.9093106985092164,0.9027128219604492,0.9168617725372314,0.9083575010299684,0.902660071849823,0.9075629711151124,0.8998950719833374,0.9005221724510193,0.8219605286916097,0.815767228603363,0.8340887427330017,0.8160256147384644,0.9349441329638164,0.9285674691200256,0.9412161707878112,0.935048758983612,0.804593543211619,0.8012755513191223,0.8155036568641663,0.7970014214515686,0.9283177653948466,0.922013819217682,0.9349794387817384,0.9279600381851196,0.8368666370709738,0.8287286758422852,0.8483074903488159,0.8335637450218201,0.9348970254262288,0.928528130054474,0.9412273168563844,0.9349356293678284
dhs_topic,200000,2,44,0.0528839855551719,1661.2989367288535,0.8370843529701233,0.830916702747345,0.8460063934326172,0.8343299627304077,0.9352417786916096,0.9287647008895874,0.9412072896957396,0.935753345489502,0.8705490231513977,0.8695469498634338,0.8755980730056763,0.866502046585083,0.9493184487024944,0.946052074432373,0.9536815881729126,0.9482216835021972,0.9333032170931498,0.9341498613357544,0.9297199845314026,0.9360398054122924,0.913714071114858,0.9115548729896544,0.9184041023254396,0.91118323802948,0.9090400338172911,0.9009122252464294,0.9155444502830504,0.9106634259223938,0.9004161357879639,0.9034484624862672,0.8969408273696899,0.9008591175079346,0.822219709555308,0.8169242739677429,0.8323863744735718,0.8173484802246094,0.9348101814587912,0.9281501770019532,0.9407784938812256,0.9355018734931946,0.8042545715967814,0.801223874092102,0.8132771849632263,0.7982626557350159,0.9284140268961588,0.9222584962844848,0.9343196749687196,0.9286639094352722,0.8369485338528951,0.829828143119812,0.8464235067367554,0.8345939517021179,0.9347305099169412,0.9281017780303956,0.9408619403839112,0.9352278113365172
dhs_topic,200000,3,44,0.055653664958477,1626.5857277000323,0.8331588506698608,0.8270440101623535,0.8437533974647522,0.8286791443824768,0.9318172136942544,0.9257165789604188,0.938151717185974,0.9315833449363708,0.8679130673408508,0.8656867742538452,0.8741243481636047,0.8639280796051025,0.9475434025128684,0.9424644112586976,0.9527022242546082,0.9474635720252992,0.928945283095042,0.9292318820953368,0.9265588521957396,0.9310451149940492,0.9093597133954366,0.9063453078269958,0.9162883758544922,0.9054454565048218,0.9028801321983336,0.8946973085403442,0.9112288355827332,0.9027142524719238,0.8926264842351278,0.8979068994522095,0.8902155160903931,0.8897570371627808,0.8181803623835245,0.8128722906112671,0.8300261497497559,0.8116426467895508,0.931542972723643,0.9250953793525696,0.9379953145980836,0.931538224220276,0.8009116649627686,0.7978344559669495,0.8117508292198181,0.7931497097015381,0.9248170653978984,0.9181891083717346,0.9316841959953308,0.9245778918266296,0.8329754670461019,0.8260565996170044,0.8441450595855713,0.82872474193573,0.9314101934432985,0.925207018852234,0.9379028677940368,0.9311206936836244
dhs_topic,200000,4,56,0.0522093222856521,2061.30411347514,0.839961846669515,0.8342030644416809,0.85060715675354,0.835075318813324,0.9373507301012676,0.9322391152381896,0.942701518535614,0.9371115565299988,0.8718803326288859,0.8704386949539185,0.8779629468917847,0.8672393560409546,0.952293594678243,0.9481966495513916,0.9568068385124208,0.9518772959709167,0.9375026424725852,0.9387091994285583,0.935200810432434,0.9385979175567628,0.9184901714324952,0.9146137237548828,0.9244768619537354,0.9163799285888672,0.9139935374259948,0.9075517654418944,0.9212155342102052,0.913213312625885,0.904828667640686,0.9079103469848632,0.903012216091156,0.9035634398460388,0.8250028292338053,0.8204131722450256,0.8366701006889343,0.817925214767456,0.9369844992955526,0.9317181706428528,0.942362368106842,0.9368729591369628,0.8080737988154093,0.8061959743499756,0.818355143070221,0.7996702790260315,0.9305992325146992,0.9249427318572998,0.9363711476325988,0.9304838180541992,0.8397310376167297,0.8329848647117615,0.8510246276855469,0.8351836204528809,0.9368452231089274,0.9316291809082032,0.9422996044158936,0.9366068840026855
dhs_topic,300000,0,48,0.0493585729281107,2635.5438098558225,0.8417999148368835,0.8356607556343079,0.8536016941070557,0.8361372947692871,0.9394184947013856,0.9334571361541748,0.9459159970283508,0.9388823509216307,0.8741529583930969,0.8716687560081482,0.8801614046096802,0.8706287145614624,0.952654222647349,0.9480109810829164,0.9577943086624146,0.9521573781967164,0.9418055017789204,0.9423556327819824,0.9391680359840392,0.9438928365707396,0.921755333741506,0.9179031848907472,0.9280130863189696,0.919349730014801,0.9183808962504068,0.9112758636474608,0.9250873327255248,0.9187794923782348,0.9123342633247375,0.9162219762802124,0.910494863986969,0.9102859497070312,0.8268577059110006,0.821262776851654,0.8398776650428772,0.8194326758384705,0.9390684564908346,0.9327471852302552,0.945678412914276,0.9387797713279724,0.8097397883733114,0.8068830966949463,0.8211236596107483,0.8012126088142395,0.9333165486653646,0.9268628358840942,0.939967930316925,0.9331188797950744,0.8415795763333639,0.8345261812210083,0.8539413809776306,0.8362711668014526,0.9389483133951824,0.9328043460845948,0.9456396102905272,0.9384009838104248
dhs_topic,300000,1,72,0.046641413295269,12966.45911862608,0.8486684362093607,0.8432894349098206,0.8594580292701721,0.8432578444480896,0.9458422660827636,0.9410998225212096,0.9520313739776612,0.9443956017494202,0.8789337476094564,0.8767719268798828,0.8861889839172363,0.87384033203125,0.9580819606781006,0.9538215398788452,0.9634347558021544,0.956989586353302,0.9486043055852256,0.9487308263778688,0.9472450017929076,0.9498370885849,0.9309448997179668,0.927680730819702,0.9365944266319276,0.9285595417022704,0.927117923895518,0.9206615090370178,0.935499668121338,0.9251925945281982,0.920410931110382,0.9246214628219604,0.9185513257980348,0.9180600047111512,0.8337226311365763,0.8292713165283203,0.8457268476486206,0.8261697292327881,0.9456843137741088,0.9408575296401978,0.9518042802810668,0.944391131401062,0.8165127833684286,0.8142991662025452,0.8281606435775757,0.8070785403251648,0.940732479095459,0.9354737401008606,0.9474394917488098,0.9392842054367064,0.8484319647153219,0.8421415686607361,0.8598006963729858,0.8433536291122437,0.9454416235287983,0.9406104683876038,0.9517451524734496,0.9439692497253418
dhs_topic,300000,1,72,0.046641413295269,13045.930971005931,0.8486684362093607,0.8432894349098206,0.8594580292701721,0.8432578444480896,0.9458422660827636,0.9410998225212096,0.9520313739776612,0.9443956017494202,0.8789337476094564,0.8767719268798828,0.8861889839172363,0.87384033203125,0.9580819606781006,0.9538215398788452,0.9634347558021544,0.956989586353302,0.9486043055852256,0.9487308263778688,0.9472450017929076,0.9498370885849,0.9309448997179668,0.927680730819702,0.9365944266319276,0.9285595417022704,0.927117923895518,0.9206615090370178,0.935499668121338,0.9251925945281982,0.920410931110382,0.9246214628219604,0.9185513257980348,0.9180600047111512,0.8337226311365763,0.8292713165283203,0.8457268476486206,0.8261697292327881,0.9456843137741088,0.9408575296401978,0.9518042802810668,0.944391131401062,0.8165127833684286,0.8142991662025452,0.8281606435775757,0.8070785403251648,0.940732479095459,0.9354737401008606,0.9474394917488098,0.9392842054367064,0.8484319647153219,0.8421415686607361,0.8598006963729858,0.8433536291122437,0.9454416235287983,0.9406104683876038,0.9517451524734496,0.9439692497253418
dhs_topic,300000,1,72,0.046641413295269,12959.239214672709,0.8486684362093607,0.8432894349098206,0.8594580292701721,0.8432578444480896,0.9458422660827636,0.9410998225212096,0.9520313739776612,0.9443956017494202,0.8789337476094564,0.8767719268798828,0.8861889839172363,0.87384033203125,0.9580819606781006,0.9538215398788452,0.9634347558021544,0.956989586353302,0.9486043055852256,0.9487308263778688,0.9472450017929076,0.9498370885849,0.9309448997179668,0.927680730819702,0.9365944266319276,0.9285595417022704,0.927117923895518,0.9206615090370178,0.935499668121338,0.9251925945281982,0.920410931110382,0.9246214628219604,0.9185513257980348,0.9180600047111512,0.8337226311365763,0.8292713165283203,0.8457268476486206,0.8261697292327881,0.9456843137741088,0.9408575296401978,0.9518042802810668,0.944391131401062,0.8165127833684286,0.8142991662025452,0.8281606435775757,0.8070785403251648,0.940732479095459,0.9354737401008606,0.9474394917488098,0.9392842054367064,0.8484319647153219,0.8421415686607361,0.8598006963729858,0.8433536291122437,0.9454416235287983,0.9406104683876038,0.9517451524734496,0.9439692497253418
dhs_topic,300000,2,41,0.0483764595369497,2303.0300857662223,0.8451285362243652,0.8398699164390564,0.8548816442489624,0.8406340479850769,0.9433723092079164,0.937664270401001,0.94900780916214,0.943444848060608,0.8756481806437174,0.8732543587684631,0.8821630477905273,0.8715271353721619,0.9548133611679076,0.9502973556518556,0.960258960723877,0.9538837671279908,0.9436770876248678,0.9447463750839232,0.9403378367424012,0.9459470510482788,0.925017555554708,0.9222505688667296,0.9303657412528992,0.9224363565444946,0.9203637639681498,0.9127642512321472,0.9271590113639832,0.9211680293083192,0.9160495003064474,0.9186549186706544,0.9135564565658568,0.9159371256828308,0.8301359017690023,0.8256421089172363,0.8412570953369141,0.8235085010528564,0.9430702129999796,0.9371976852416992,0.9487546682357788,0.9432582855224608,0.8127442200978597,0.8104996085166931,0.8224942684173584,0.8052387833595276,0.9365066091219584,0.9304462671279908,0.9425578117370604,0.936515748500824,0.8450054327646891,0.8387013673782349,0.8554028272628784,0.8409121036529541,0.94297460714976,0.9371257424354552,0.9487879276275636,0.943010151386261
dhs_topic,300000,3,41,0.0488518490552902,2260.110462002922,0.841952900091807,0.8354839086532593,0.8522747159004211,0.8381000757217407,0.940185805161794,0.9338985681533812,0.9467552900314332,0.9399035573005676,0.8733039697011312,0.8724884986877441,0.87990403175354,0.8675193786621094,0.9530146718025208,0.9488396048545836,0.9585338234901428,0.9516705870628356,0.94126695394516,0.942870557308197,0.9375042915344238,0.9434260129928588,0.9240287741025288,0.921200394630432,0.9296156167984008,0.9212703108787536,0.9180780251820884,0.9114440083503724,0.924890637397766,0.9178994297981262,0.9120736519495646,0.9154115915298462,0.9101974368095398,0.910611927509308,0.8269006013870239,0.8212300539016724,0.8384812474250793,0.8209905028343201,0.9399182200431824,0.933415412902832,0.94652658700943,0.9398126602172852,0.809856653213501,0.8064311146736145,0.8204675912857056,0.8026712536811829,0.9341893792152404,0.9277833700180054,0.941028654575348,0.9337561130523682,0.8416920900344849,0.8341735601425171,0.8526591658592224,0.8382435441017151,0.939683755238851,0.9332417845726012,0.946403980255127,0.9394055008888244
dhs_topic,300000,4,72,0.0466907013038794,3939.052105856128,0.8465345104535421,0.8409626483917236,0.85878986120224,0.8398510217666626,0.9451481699943542,0.93910014629364,0.9527044296264648,0.9436399340629578,0.8780156970024109,0.8762030005455017,0.8852105140686035,0.8726335763931274,0.9573137362798056,0.9529905915260316,0.9633421897888184,0.9556084275245668,0.947717825571696,0.9486263990402222,0.9458659887313844,0.9486610889434814,0.9291854898134868,0.9265623688697816,0.9364957809448242,0.9244983196258544,0.924890677134196,0.9183504581451416,0.9329991936683656,0.9233223795890808,0.9195770025253296,0.9234233498573304,0.9180735349655152,0.9172341227531432,0.8314761916796366,0.8269623517990112,0.8448798656463623,0.8225863575935364,0.9449270764986674,0.9388082027435304,0.9525019526481628,0.9434710741043092,0.8149806062380472,0.812768816947937,0.8274349570274353,0.8047380447387695,0.9395613471666971,0.9329637885093688,0.9475294947624208,0.938190758228302,0.8463944395383199,0.8397861123085022,0.8592893481254578,0.8401078581809998,0.9447479049364724,0.9385575652122498,0.9524680376052856,0.9432181119918824
mpra_oracle,10000,0,24,0.0930547055602073,87.76667640171945,0.4479124744733174,0.4156371355056762,0.4661813974380493,0.4619188904762268,0.5012157956759135,0.4628605842590332,0.5244054198265076,0.5163813829421997,0.5035256644090017,0.4803538024425506,0.5194444060325623,0.5107787847518921,0.5298612515131632,0.5049067735671997,0.5495456457138062,0.5351313352584839,0.411870817343394,0.3812333345413208,0.4256713092327118,0.4287078082561493,0.3993519842624664,0.352577656507492,0.425348550081253,0.4201297461986542,0.4167972306410472,0.3635357916355133,0.430570513010025,0.4562853872776031,0.2692727446556091,0.2162790298461914,0.2604357600212097,0.3311034440994262,0.444331427415212,0.4118636846542358,0.4628450870513916,0.4582855105400085,0.5054509043693542,0.4666903614997864,0.5283246636390686,0.5213376879692078,0.4161178867022196,0.3834266066551208,0.4347510933876037,0.4301759600639343,0.4787146945794423,0.4386308193206787,0.501007616519928,0.4965056478977203,0.4482618967692057,0.415737509727478,0.4666802287101745,0.4623679518699646,0.5013729731241862,0.4631497859954834,0.5245423316955566,0.5164268016815186
mpra_oracle,10000,1,23,0.1072187039852142,89.31069863401353,0.4650968710581462,0.4326483011245727,0.4728626608848572,0.4897796511650085,0.5250525375207266,0.4801509082317352,0.5380969643592834,0.5569097399711609,0.5192917287349701,0.4960955679416656,0.5258026123046875,0.5359770059585571,0.5523483753204346,0.5241997838020325,0.5649319291114807,0.5679134130477905,0.4392270843187968,0.4067115783691406,0.4474629759788513,0.4635066986083984,0.3997261424859364,0.3582192659378052,0.4250577688217163,0.4159013926982879,0.4013050198554992,0.3572969734668731,0.4172468483448028,0.4293712377548218,0.2798739671707153,0.2394548952579498,0.270169585943222,0.3299974203109741,0.4563068350156148,0.4256792068481445,0.4648606777191162,0.4783806204795837,0.5248897671699524,0.4806890487670898,0.5384671688079834,0.5555130839347839,0.4254196186860402,0.3956065773963928,0.4346325397491455,0.4460197389125824,0.4949374695618947,0.4511749446392059,0.5095837116241455,0.5240537524223328,0.4657161633173625,0.4331339597702026,0.4733754992485046,0.4906390309333801,0.5250654915968577,0.4803995788097381,0.5379455089569092,0.5568513870239258
mpra_oracle,10000,2,37,0.0999232217669487,114.55204025516286,0.4776202340920766,0.4433598518371582,0.4683448374271393,0.5211560130119324,0.5355045100053152,0.4933864772319793,0.5252916216850281,0.587835431098938,0.5437602798144022,0.5242801308631897,0.5342514514923096,0.5727492570877075,0.5782834688822428,0.5560846924781799,0.5692705512046814,0.6094951629638672,0.4464667638142903,0.4248308837413788,0.4262611865997314,0.4883082211017608,0.4123125374317169,0.3698862493038177,0.4047735929489136,0.4622777700424194,0.4222650229930877,0.3822267651557922,0.4149870574474334,0.4695812463760376,0.2870606581370036,0.2684720158576965,0.2549943923950195,0.3377155661582947,0.468618780374527,0.4359126687049866,0.4605609476566314,0.5093827247619629,0.5358296235402426,0.4942828416824341,0.5259473919868469,0.5872586369514465,0.4371340374151866,0.4051231741905212,0.4283903837203979,0.4778885543346405,0.505876491467158,0.4650727212429046,0.4952234625816345,0.5573332905769348,0.4777113497257232,0.4428925514221191,0.4683602154254913,0.5218812823295593,0.5353531837463379,0.4932347536087036,0.524899959564209,0.5879248380661011
mpra_oracle,10000,3,24,0.1001814324259758,88.91850414220244,0.4507665634155273,0.4294547438621521,0.4540827572345733,0.4687621891498565,0.5111859540144602,0.4775393903255462,0.5204224586486816,0.5355960130691528,0.5193799138069153,0.5049493312835693,0.5236687064170837,0.5295217037200928,0.5523163080215454,0.5322551131248474,0.5625260472297668,0.562167763710022,0.4290229678153991,0.4049446284770965,0.4355742037296295,0.4465500712394714,0.3708408971627553,0.3493865430355072,0.3818775713443756,0.3812585771083832,0.3614350756009419,0.3335480988025665,0.3687821328639984,0.381974995136261,0.2789366195599238,0.2427477389574051,0.2686464786529541,0.3254156410694122,0.441590815782547,0.4221529364585876,0.4458224177360534,0.4567970931529999,0.5106647610664368,0.4778400063514709,0.5202418565750122,0.5339124202728271,0.4094279607137044,0.3920992314815521,0.4130480885505676,0.4231365621089935,0.4797901312510172,0.4485186040401459,0.4888547956943512,0.5019969940185547,0.4513979951540629,0.4298775792121887,0.4546252489089966,0.4696911573410034,0.5112086832523346,0.4778011739253998,0.5201300382614136,0.5356948375701904
mpra_oracle,10000,4,37,0.1051110073924064,121.61879485333338,0.5001068512598673,0.4677832126617431,0.500607967376709,0.5319293737411499,0.5617910822232565,0.5189424753189087,0.5658310055732727,0.6005997657775879,0.5649354457855225,0.5483099818229675,0.5646259784698486,0.5818703770637512,0.5990299383799235,0.5792940855026245,0.6020371913909912,0.6157585382461548,0.4519061545530955,0.4330044388771057,0.4466035366058349,0.4761104881763458,0.4365235765775044,0.388843834400177,0.43986576795578,0.4808611273765564,0.4385142525037129,0.3881813287734985,0.4388549625873565,0.4885064661502838,0.3105856279532115,0.2874056398868561,0.2990228831768036,0.3453283607959747,0.4888822734355926,0.4577237069606781,0.490707516670227,0.5182155966758728,0.560751736164093,0.5178706049919128,0.5650720000267029,0.5993126034736633,0.4545009434223175,0.4244498014450073,0.4548714458942413,0.4841815829277038,0.5299636125564575,0.4874960780143738,0.5312073826789856,0.5711873769760132,0.5014692346254984,0.4687989354133606,0.501944899559021,0.5336638689041138,0.5627036492029825,0.5198359489440918,0.5665398836135864,0.6017351150512695
mpra_oracle,25000,0,51,0.0901719959259033,273.96509798103943,0.5509436329205831,0.5234383344650269,0.5443263649940491,0.5850661993026733,0.6185504992802938,0.5820512771606445,0.6137571334838867,0.6598430871963501,0.6022998491923014,0.5860936641693115,0.5953008532524109,0.6255050301551819,0.6444253524144491,0.6221325993537903,0.6412528157234192,0.6698906421661377,0.5241301357746124,0.4975000917911529,0.5224144458770752,0.5524758696556091,0.5307827889919281,0.4940983951091766,0.5315488576889038,0.5667011141777039,0.5308118760585785,0.4871156513690948,0.5287101864814758,0.5766097903251648,0.3627916375796,0.3296025693416595,0.3545335531234741,0.4042387902736664,0.5417072176933289,0.5150147676467896,0.5369863510131836,0.5731205344200134,0.6204737226168314,0.5841439366340637,0.6158400774002075,0.6614371538162231,0.511867513259252,0.4840874969959259,0.5078884363174438,0.543626606464386,0.5956248641014099,0.5581692457199097,0.5905014276504517,0.6382039189338684,0.5524085760116577,0.5244392156600952,0.5456815361976624,0.5871049761772156,0.6197510162989298,0.5833655595779419,0.614658772945404,0.6612287163734436
mpra_oracle,25000,1,49,0.0907299535512924,583.0002003710251,0.5408130288124084,0.5080904364585876,0.5376018285751343,0.5767468214035034,0.6106054782867432,0.5700566172599792,0.6069410443305969,0.6548187732696533,0.593010663986206,0.576156735420227,0.5845421552658081,0.618333101272583,0.6328062017758688,0.6091569066047668,0.6301968097686768,0.6590648889541626,0.5206334292888641,0.495005339384079,0.5156763792037964,0.551218569278717,0.5164765119552612,0.4698235988616943,0.5167713165283203,0.562834620475769,0.5214975277582804,0.4775518774986267,0.5182287096977234,0.5687119960784912,0.370402842760086,0.3287270367145538,0.3749068975448608,0.4075745940208435,0.529684046904246,0.4967774748802185,0.5283042192459106,0.5639704465866089,0.6102206905682882,0.5689415335655212,0.6071882843971252,0.654532253742218,0.5028246641159058,0.4703251719474792,0.5005919337272644,0.5375568866729736,0.5865073998769125,0.5446338653564453,0.5826765298843384,0.6322118043899536,0.5417998631795248,0.5082975029945374,0.5389302968978882,0.5781717896461487,0.6113948822021484,0.5710168480873108,0.6074526906013489,0.6557151079177856
mpra_oracle,25000,1,49,0.0907299535512924,582.0859365048818,0.5408130288124084,0.5080904364585876,0.5376018285751343,0.5767468214035034,0.6106054782867432,0.5700566172599792,0.6069410443305969,0.6548187732696533,0.593010663986206,0.576156735420227,0.5845421552658081,0.618333101272583,0.6328062017758688,0.6091569066047668,0.6301968097686768,0.6590648889541626,0.5206334292888641,0.495005339384079,0.5156763792037964,0.551218569278717,0.5164765119552612,0.4698235988616943,0.5167713165283203,0.562834620475769,0.5214975277582804,0.4775518774986267,0.5182287096977234,0.5687119960784912,0.370402842760086,0.3287270367145538,0.3749068975448608,0.4075745940208435,0.529684046904246,0.4967774748802185,0.5283042192459106,0.5639704465866089,0.6102206905682882,0.5689415335655212,0.6071882843971252,0.654532253742218,0.5028246641159058,0.4703251719474792,0.5005919337272644,0.5375568866729736,0.5865073998769125,0.5446338653564453,0.5826765298843384,0.6322118043899536,0.5417998631795248,0.5082975029945374,0.5389302968978882,0.5781717896461487,0.6113948822021484,0.5710168480873108,0.6074526906013489,0.6557151079177856
mpra_oracle,25000,2,80,0.0893569858312606,409.60840890882537,0.5565285285313925,0.533879816532135,0.549247145652771,0.5864586234092712,0.623240073521932,0.5947908163070679,0.6179120540618896,0.6570173501968384,0.6181426246960958,0.6041254997253418,0.6111611723899841,0.6391412019729614,0.6637951334317526,0.6457505226135254,0.6600306034088135,0.6856042742729187,0.5344198942184448,0.512540340423584,0.5286915302276611,0.5620278120040894,0.5472305019696554,0.5150827169418335,0.5468618273735046,0.5797469615936279,0.5532781084378561,0.5142560601234436,0.5500243306159973,0.5955539345741272,0.3690920074780782,0.3470648527145386,0.3618204891681671,0.3983906805515289,0.5469832619031271,0.5244885087013245,0.5407495498657227,0.575711727142334,0.6237135728200277,0.5944832563400269,0.6184670925140381,0.6581903696060181,0.5181104143460592,0.4977268576622009,0.5111152529716492,0.5454891324043274,0.6000469525655111,0.570523738861084,0.593628466129303,0.6359886527061462,0.5571199456850687,0.5340332984924316,0.549774706363678,0.5875518321990967,0.6235527594884237,0.5952537655830383,0.6179739236831665,0.6574305891990662
mpra_oracle,25000,3,51,0.0965590195894241,273.9898815760389,0.5261636475721995,0.4853073060512543,0.5320185422897339,0.5611650943756104,0.5907357335090637,0.5428861379623413,0.5996267795562744,0.6296942830085754,0.5769815047581991,0.5454128384590149,0.5829942226409912,0.6025374531745911,0.6181896726290385,0.5812177658081055,0.6275540590286255,0.6457971930503845,0.4932523965835571,0.4569555521011352,0.501072108745575,0.5217295289039612,0.5084226330121359,0.4552979469299316,0.5260637402534485,0.5439062118530273,0.527379184961319,0.4733406603336334,0.5339886546134949,0.5748082399368286,0.3368082841237386,0.3029656708240509,0.3400402069091797,0.3674189746379852,0.5195324917634329,0.4799980223178863,0.5254139304161072,0.5531855225563049,0.5935847361882528,0.5458773374557495,0.6019349098205566,0.6329419612884521,0.4970743954181671,0.4620005190372467,0.5027209520339966,0.5265017151832581,0.5736016829808553,0.5289751887321472,0.5809621810913086,0.6108676791191101,0.5272589226563772,0.4861992299556732,0.5329041481018066,0.5626733899116516,0.5915131171544393,0.54377681016922,0.6001774072647095,0.6305851340293884
mpra_oracle,25000,4,33,0.092787890958786,196.13509977422652,0.5334259768327078,0.4844801723957062,0.5489039421081543,0.5668938159942627,0.6017073591550192,0.5449478030204773,0.6216612458229065,0.6385130286216736,0.5932563543319702,0.5591828227043152,0.6055099964141846,0.6150762438774109,0.6314060688018799,0.5941100716590881,0.6483511328697205,0.651757001876831,0.5068209071954092,0.4729320704936981,0.5204087495803833,0.527121901512146,0.505984236796697,0.4527908861637115,0.5317602753639221,0.5334015488624573,0.5160190761089325,0.4619064629077911,0.5269951820373535,0.5591555833816528,0.3613725801308949,0.3378166854381561,0.360138475894928,0.3861625790596008,0.522778590520223,0.4756944179534912,0.5385053753852844,0.5541359782218933,0.6018624107042948,0.5459411144256592,0.621108889579773,0.6385372281074524,0.4952019949754079,0.452396959066391,0.5100947022438049,0.5231143236160278,0.5780499974886576,0.5264899730682373,0.5951553583145142,0.6125046610832214,0.5345993538697561,0.4850614964962005,0.5501396059989929,0.5685969591140747,0.6024907827377319,0.5458508133888245,0.6221616268157959,0.6394599080085754
mpra_oracle,50000,0,59,0.072172089266777,1287.4996386463754,0.6666310628255209,0.661676824092865,0.6599773168563843,0.6782390475273132,0.7498765587806702,0.7413086295127869,0.7394547462463379,0.7688663005828857,0.7037168542544047,0.7058324813842773,0.6985074877738953,0.7068105936050415,0.7597503860791525,0.7601152658462524,0.7548160552978516,0.7643198370933533,0.680367092291514,0.6805270910263062,0.6643467545509338,0.6962274312973022,0.6907133261362711,0.6844260096549988,0.6797284483909607,0.707985520362854,0.7036911845207214,0.6958171725273132,0.6924975514411926,0.7227588295936584,0.5402721563975016,0.538735032081604,0.5302619934082031,0.5518194437026978,0.6559030413627625,0.6510601043701172,0.6508638262748718,0.6657851934432983,0.7513194481531779,0.742615818977356,0.7404908537864685,0.7708516716957092,0.6335939566294352,0.6303014159202576,0.6251408457756042,0.6453396081924438,0.7369746565818787,0.7303094267845154,0.7222946286201477,0.7583199143409729,0.667334258556366,0.661866307258606,0.6611408591270447,0.6789956092834473,0.7507211963335673,0.7425022125244141,0.740082323551178,0.7695790529251099
mpra_oracle,50000,1,65,0.0714393714904785,1387.8594228602014,0.6655871073404948,0.6537182331085205,0.6623852849006653,0.6806578040122986,0.7507494489351908,0.737125039100647,0.7446985840797424,0.7704247236251831,0.7125203013420105,0.7043715715408325,0.7123243808746338,0.7208649516105652,0.7675063014030457,0.7593960762023926,0.7679867744445801,0.7751360535621643,0.6804061333338419,0.6707982420921326,0.6697050333023071,0.7007151246070862,0.6876498460769653,0.6776549816131592,0.684954047203064,0.7003405094146729,0.7026139895121256,0.6879765391349792,0.7001051902770996,0.7197602391242981,0.5379880865414938,0.5216719508171082,0.5324605107307434,0.5598317980766296,0.6541718045870463,0.6425710320472717,0.652069628238678,0.6678747534751892,0.7518652478853861,0.7378627061843872,0.7459099292755127,0.7718231081962585,0.6309667627016703,0.62361741065979,0.6254682540893555,0.6438146233558655,0.7362254858016968,0.7258229851722717,0.7270556688308716,0.755797803401947,0.6662473479906718,0.6539613604545593,0.6634023189544678,0.6813783645629883,0.7514725724856058,0.7381080389022827,0.7454230785369873,0.7708866000175476
mpra_oracle,50000,2,106,0.0681726056814193,1025.379343287088,0.6730405886967977,0.664544939994812,0.6678381562232971,0.6867386698722839,0.7630650599797567,0.7549859881401062,0.7530772686004639,0.7811319231987,0.7204100092252096,0.7227755784988403,0.7138808965682983,0.72457355260849,0.7777998844782511,0.7772356271743774,0.774131715297699,0.782032310962677,0.6939435799916586,0.6986396312713623,0.67755526304245,0.7056358456611633,0.699209193388621,0.6969439387321472,0.689818799495697,0.7108648419380188,0.7205804785092672,0.7097213268280029,0.7116492986679077,0.7403708100318909,0.5638594428698221,0.5698395371437073,0.5475831627845764,0.5741556286811829,0.662317176659902,0.654373288154602,0.6585128307342529,0.6740654110908508,0.764530082543691,0.7562163472175598,0.7545794248580933,0.7827944755554199,0.6431851983070374,0.6399714946746826,0.635644257068634,0.6539398431777954,0.7507673104604086,0.745991051197052,0.7379151582717896,0.768395721912384,0.6737199425697327,0.6648574471473694,0.6687471866607666,0.687555193901062,0.7637635668118795,0.7559981346130371,0.7535485625267029,0.7817440032958984
mpra_oracle,50000,3,58,0.0721518630385398,565.8127508419566,0.6655391256014506,0.6576923131942749,0.6563703417778015,0.6825547218322754,0.7472895582516988,0.7361506819725037,0.7369391918182373,0.7687788009643555,0.707989513874054,0.7076637744903564,0.7039136290550232,0.7123911380767822,0.7629873355229696,0.7631546258926392,0.7574013471603394,0.7684060335159302,0.6741811434427897,0.680767834186554,0.6590887904167175,0.6826868057250977,0.6825806895891825,0.6800205111503601,0.6721878051757812,0.6955337524414062,0.6954998771349589,0.6851915121078491,0.6863788366317749,0.7149292826652527,0.5284562508265177,0.5325353741645813,0.513431191444397,0.539402186870575,0.6537355780601501,0.6465344429016113,0.6456993222236633,0.6689729690551758,0.7479976812998453,0.7365578413009644,0.7376757264137268,0.769759476184845,0.6290566921234131,0.6254957318305969,0.6178275942802429,0.6438467502593994,0.7302447160085043,0.7224739193916321,0.7172911763191223,0.7509690523147583,0.6662732362747192,0.6575887799263,0.6574700474739075,0.6837608814239502,0.7479713559150696,0.7367374300956726,0.737548828125,0.7696278095245361
mpra_oracle,50000,3,58,0.0721518630385398,1805.595166421961,0.6655391256014506,0.6576923131942749,0.6563703417778015,0.6825547218322754,0.7472895582516988,0.7361506819725037,0.7369391918182373,0.7687788009643555,0.707989513874054,0.7076637744903564,0.7039136290550232,0.7123911380767822,0.7629873355229696,0.7631546258926392,0.7574013471603394,0.7684060335159302,0.6741811434427897,0.680767834186554,0.6590887904167175,0.6826868057250977,0.6825806895891825,0.6800205111503601,0.6721878051757812,0.6955337524414062,0.6954998771349589,0.6851915121078491,0.6863788366317749,0.7149292826652527,0.5284562508265177,0.5325353741645813,0.513431191444397,0.539402186870575,0.6537355780601501,0.6465344429016113,0.6456993222236633,0.6689729690551758,0.7479976812998453,0.7365578413009644,0.7376757264137268,0.769759476184845,0.6290566921234131,0.6254957318305969,0.6178275942802429,0.6438467502593994,0.7302447160085043,0.7224739193916321,0.7172911763191223,0.7509690523147583,0.6662732362747192,0.6575887799263,0.6574700474739075,0.6837608814239502,0.7479713559150696,0.7367374300956726,0.737548828125,0.7696278095245361
mpra_oracle,50000,4,64,0.071115094590187,1933.1137777487747,0.6509480873743693,0.6345177888870239,0.6496549248695374,0.6686715483665466,0.7372963825861613,0.7223432064056396,0.7315902709960938,0.7579556703567505,0.7088367938995361,0.7018194794654846,0.7080952525138855,0.7165956497192383,0.7645498315493265,0.7552351355552673,0.7656488418579102,0.7727655172348022,0.6736505230267843,0.6677742600440979,0.6609317064285278,0.692245602607727,0.6793111761411031,0.6684367656707764,0.674889087677002,0.694607675075531,0.7024985154469808,0.6866849660873413,0.695507287979126,0.7253032922744751,0.5327567259470621,0.5207938551902771,0.5240477323532104,0.553428590297699,0.6411014596621195,0.6257809400558472,0.6400625705718994,0.6574608683586121,0.738896369934082,0.7239004969596863,0.7331520915031433,0.7596365213394165,0.6240634123484293,0.6125710606575012,0.6189584136009216,0.6406607627868652,0.7262433171272278,0.7126628160476685,0.7181200385093689,0.747947096824646,0.6518804232279459,0.6351314187049866,0.6508458256721497,0.6696640253067017,0.7383290330568949,0.7235732674598694,0.7325738668441772,0.7588399648666382
mpra_oracle,100000,0,33,0.0571165116488933,644.303265329916,0.7469097375869751,0.7436211109161377,0.7443242073059082,0.7527838945388794,0.8399431904157003,0.8383669257164001,0.8321876525878906,0.8492749929428101,0.7730142076810201,0.7704841494560242,0.7759606838226318,0.7725977897644043,0.8354506691296896,0.8340805768966675,0.8377968072891235,0.8344746232032776,0.7774051030476888,0.7858811616897583,0.7636154890060425,0.7827186584472656,0.7933550675710043,0.7958863377571106,0.7847390174865723,0.7994398474693298,0.8023156722386678,0.8033980131149292,0.7933700084686279,0.8101789951324463,0.6899788777033488,0.6980454921722412,0.6763415932655334,0.6955495476722717,0.7350374460220337,0.7320876121520996,0.7336652278900146,0.7393594980239868,0.8407570521036783,0.8389066457748413,0.8328967094421387,0.8504678010940552,0.7122567693392435,0.713473379611969,0.7083489894866943,0.7149479389190674,0.8269878427187601,0.8272337913513184,0.8180480599403381,0.835681676864624,0.7472671667734782,0.7431598901748657,0.7452015280723572,0.7534400820732117,0.8401548663775126,0.8385276198387146,0.8325402140617371,0.8493967652320862
mpra_oracle,100000,1,31,0.0598888219356536,1342.838152979035,0.7284818291664124,0.7210010290145874,0.7283380627632141,0.7361063957214355,0.8197505871454874,0.8147362470626831,0.815456748008728,0.8290587663650513,0.7652982274691263,0.7633481025695801,0.7653842568397522,0.7671623229980469,0.8272693157196045,0.8240169882774353,0.8285390734672546,0.8292518854141235,0.761875589688619,0.7683557271957397,0.7475349307060242,0.769736111164093,0.7745128273963928,0.771720826625824,0.7673767805099487,0.7844408750534058,0.7889046470324198,0.7868029475212097,0.7808838486671448,0.799027144908905,0.6650563478469849,0.6713786721229553,0.6555120944976807,0.6682782769203186,0.7170035441716512,0.7098587155342102,0.7178766131401062,0.7232753038406372,0.8209923307100931,0.8156054019927979,0.8167325854301453,0.8306390047073364,0.697127898534139,0.6936852335929871,0.6940340399742126,0.7036644220352173,0.8091659744580587,0.8055596947669983,0.8024894595146179,0.8194487690925598,0.7289848526318868,0.7205620408058167,0.729428768157959,0.7369637489318848,0.8202651739120483,0.8151187300682068,0.8161420822143555,0.8295347094535828
mpra_oracle,100000,1,31,0.0598888219356536,1342.1609725751914,0.7284818291664124,0.7210010290145874,0.7283380627632141,0.7361063957214355,0.8197505871454874,0.8147362470626831,0.815456748008728,0.8290587663650513,0.7652982274691263,0.7633481025695801,0.7653842568397522,0.7671623229980469,0.8272693157196045,0.8240169882774353,0.8285390734672546,0.8292518854141235,0.761875589688619,0.7683557271957397,0.7475349307060242,0.769736111164093,0.7745128273963928,0.771720826625824,0.7673767805099487,0.7844408750534058,0.7889046470324198,0.7868029475212097,0.7808838486671448,0.799027144908905,0.6650563478469849,0.6713786721229553,0.6555120944976807,0.6682782769203186,0.7170035441716512,0.7098587155342102,0.7178766131401062,0.7232753038406372,0.8209923307100931,0.8156054019927979,0.8167325854301453,0.8306390047073364,0.697127898534139,0.6936852335929871,0.6940340399742126,0.7036644220352173,0.8091659744580587,0.8055596947669983,0.8024894595146179,0.8194487690925598,0.7289848526318868,0.7205620408058167,0.729428768157959,0.7369637489318848,0.8202651739120483,0.8151187300682068,0.8161420822143555,0.8295347094535828
mpra_oracle,100000,2,33,0.058139052838087,653.8337920634076,0.7427329619725546,0.7373355627059937,0.7418098449707031,0.7490534782409668,0.8363221486409506,0.8337560296058655,0.8280835151672363,0.8471269011497498,0.7732812762260437,0.7726278901100159,0.7732741832733154,0.7739417552947998,0.8358094294865926,0.8344885110855103,0.8357916474342346,0.837148129940033,0.7788926760355631,0.7887909412384033,0.7621290683746338,0.7857580184936523,0.7872216502825419,0.7860616445541382,0.7802250981330872,0.7953782081604004,0.7998228470484415,0.7969472408294678,0.792828381061554,0.809692919254303,0.6770126819610596,0.6830047369003296,0.6690092086791992,0.6790241003036499,0.7309723496437073,0.7261295318603516,0.7315167784690857,0.7352707386016846,0.83771812915802,0.8352293968200684,0.8291359543800354,0.8487890362739563,0.7120968898137411,0.7119325995445251,0.7075989246368408,0.7167591452598572,0.8262653350830078,0.825981855392456,0.8145384192466736,0.8382757306098938,0.7434012492497762,0.7376684546470642,0.7427402138710022,0.7497950792312622,0.8372309803962708,0.8350166082382202,0.8288421630859375,0.8478341698646545
mpra_oracle,100000,3,32,0.0594684311509132,625.4360526218079,0.7284419933954874,0.7201046347618103,0.728367805480957,0.7368535399436951,0.8199689785639445,0.8145421147346497,0.8147817254066467,0.8305830955505371,0.764336903889974,0.7631176114082336,0.7641632556915283,0.7657298445701599,0.8252368172009786,0.8230865001678467,0.8255859613418579,0.8270379900932312,0.7615761756896973,0.7671007513999939,0.7460771203041077,0.7715506553649902,0.7776292761166891,0.7733808159828186,0.7714747786521912,0.7880322337150574,0.7912443280220032,0.7903597950935364,0.7806726098060608,0.8027005791664124,0.6664738655090332,0.6738324165344238,0.6531404852867126,0.6724486947059631,0.7155526677767435,0.7071624994277954,0.7171791195869446,0.7223163843154907,0.8204323053359985,0.8145235180854797,0.8155147433280945,0.8312586545944214,0.6987349589665731,0.6963027715682983,0.6942968368530273,0.7056052684783936,0.810807466506958,0.8072712421417236,0.8020107746124268,0.8231403827667236,0.7290046215057373,0.7196691632270813,0.7295271158218384,0.7378175854682922,0.8205783565839132,0.8150691986083984,0.8153920769691467,0.8312737941741943
mpra_oracle,100000,4,33,0.0571920781850814,661.7933851350099,0.7412765423456827,0.7388647198677063,0.738288938999176,0.746675968170166,0.8354162375132242,0.8353435397148132,0.8265510201454163,0.8443541526794434,0.7756882508595785,0.7749795317649841,0.7757666707038879,0.7763185501098633,0.8370025555292765,0.8346366882324219,0.8394490480422974,0.8369219303131104,0.7808194160461426,0.7929416298866272,0.7636765241622925,0.7858400940895081,0.7897008856137594,0.7918794751167297,0.7825087308883667,0.7947144508361816,0.8043024142583212,0.8072031736373901,0.7939128279685974,0.8117912411689758,0.6871294776598612,0.6970404982566833,0.6728495955467224,0.691498339176178,0.7289596796035767,0.7269964218139648,0.727110743522644,0.7327718734741211,0.8360722263654073,0.8358685970306396,0.8270664215087891,0.8452816605567932,0.7110631465911865,0.7144822478294373,0.7050782442092896,0.7136289477348328,0.8264145652453104,0.8286470770835876,0.8148476481437683,0.8357489705085754,0.7416257858276367,0.7386355400085449,0.7389143109321594,0.7473275065422058,0.8357898990313212,0.8358638882637024,0.8268277645111084,0.8446780443191528
mpra_oracle,150000,0,25,0.0526908173898855,731.8798080137931,0.7637736399968466,0.763214111328125,0.7618116140365601,0.7662951946258545,0.8585450450579325,0.8607994914054871,0.8496151566505432,0.8652204871177673,0.7910539905230204,0.7913863658905029,0.7908065915107727,0.7909690141677856,0.8538158138593038,0.855059802532196,0.8545123934745789,0.8518752455711365,0.8078150947888693,0.8190613985061646,0.7939144372940063,0.8104694485664368,0.8159071207046509,0.8201037645339966,0.8086614012718201,0.818956196308136,0.8269409735997518,0.8328700065612793,0.8190394043922424,0.8289135098457336,0.725775142510732,0.7403426766395569,0.7135733366012573,0.7234094142913818,0.7513371308644613,0.7508891820907593,0.750880241394043,0.7522419691085815,0.8597389062245687,0.8615672588348389,0.8507543802261353,0.8668950796127319,0.7316508094469706,0.7354521155357361,0.7265176177024841,0.7329826951026917,0.8494575222333273,0.8528134822845459,0.8379009366035461,0.8576581478118896,0.76422119140625,0.763144850730896,0.7627385854721069,0.7667801380157471,0.8592394789059957,0.8617173433303833,0.8502238392829895,0.8657772541046143
mpra_oracle,150000,1,25,0.0536549335896968,1610.1197913270444,0.7645684878031412,0.7634429931640625,0.7604438662528992,0.7698186039924622,0.8572594523429871,0.8582605123519897,0.8480157852172852,0.8655020594596863,0.791996161142985,0.7909257411956787,0.7921245694160461,0.7929381728172302,0.8581469853719076,0.8573550581932068,0.8583546280860901,0.8587312698364258,0.8079384167989095,0.8204345703125,0.791050374507904,0.8123303055763245,0.816629151503245,0.8194214105606079,0.8067018389701843,0.8237642049789429,0.8296972115834554,0.8347660303115845,0.8181136846542358,0.8362119197845459,0.7265802621841431,0.7384457588195801,0.7149896025657654,0.7263054251670837,0.7518036365509033,0.7512512803077698,0.748916745185852,0.7552428841590881,0.8582264383633932,0.8590683937072754,0.8486818671226501,0.8669290542602539,0.7299741903940836,0.7339743971824646,0.7243734002113342,0.7315747737884521,0.846698264280955,0.8503698110580444,0.8353594541549683,0.8543655276298523,0.7649116118748983,0.7631859183311462,0.7611414790153503,0.7704074382781982,0.857901414235433,0.8589814901351929,0.8485711812973022,0.8661515712738037
mpra_oracle,150000,1,25,0.0536549335896968,1619.549577047117,0.7645684878031412,0.7634429931640625,0.7604438662528992,0.7698186039924622,0.8572594523429871,0.8582605123519897,0.8480157852172852,0.8655020594596863,0.791996161142985,0.7909257411956787,0.7921245694160461,0.7929381728172302,0.8581469853719076,0.8573550581932068,0.8583546280860901,0.8587312698364258,0.8079384167989095,0.8204345703125,0.791050374507904,0.8123303055763245,0.816629151503245,0.8194214105606079,0.8067018389701843,0.8237642049789429,0.8296972115834554,0.8347660303115845,0.8181136846542358,0.8362119197845459,0.7265802621841431,0.7384457588195801,0.7149896025657654,0.7263054251670837,0.7518036365509033,0.7512512803077698,0.748916745185852,0.7552428841590881,0.8582264383633932,0.8590683937072754,0.8486818671226501,0.8669290542602539,0.7299741903940836,0.7339743971824646,0.7243734002113342,0.7315747737884521,0.846698264280955,0.8503698110580444,0.8353594541549683,0.8543655276298523,0.7649116118748983,0.7631859183311462,0.7611414790153503,0.7704074382781982,0.857901414235433,0.8589814901351929,0.8485711812973022,0.8661515712738037
mpra_oracle,150000,2,25,0.0539926899055639,744.3285025819205,0.7605985999107361,0.7612738609313965,0.7570567727088928,0.763465166091919,0.8519785602887472,0.8535884618759155,0.84333336353302,0.8590138554573059,0.7858194510142008,0.7856586575508118,0.7868913412094116,0.7849083542823792,0.8496315081914266,0.8492258191108704,0.8500040769577026,0.8496646285057068,0.7962169051170349,0.807773768901825,0.7794020771980286,0.8014748692512512,0.8075993657112122,0.8085650205612183,0.7994310855865479,0.8148019909858704,0.8232447306315104,0.8241422772407532,0.813662052154541,0.8319298624992371,0.7154497504234314,0.7228944897651672,0.7047610878944397,0.7186936736106873,0.7484727104504904,0.7495315670967102,0.7464701533317566,0.7494164109230042,0.8532824714978536,0.8543381690979004,0.844596803188324,0.8609124422073364,0.7281937400499979,0.7328092455863953,0.7224588990211487,0.72931307554245,0.8413151502609253,0.8443681001663208,0.8306283950805664,0.8489489555358887,0.7614485025405884,0.7615719437599182,0.7583094239234924,0.7644641399383545,0.852986216545105,0.854753851890564,0.8443533182144165,0.8598514795303345
mpra_oracle,150000,3,25,0.0550990549902121,727.2929875170812,0.7574289043744405,0.7557554841041565,0.7566174268722534,0.7599138021469116,0.8503188490867615,0.8495096564292908,0.8443316221237183,0.8571152687072754,0.7851156989733378,0.78420090675354,0.7863361239433289,0.7848100662231445,0.8474297722180685,0.8482867479324341,0.8480343222618103,0.8459682464599609,0.7941214243570963,0.8049530982971191,0.7786029577255249,0.798808217048645,0.8068159818649292,0.8101841807365417,0.7985435724258423,0.8117201924324036,0.8154580394426981,0.8188267946243286,0.8053050637245178,0.822242259979248,0.7190675934155782,0.7304773926734924,0.7061982154846191,0.720527172088623,0.7454004883766174,0.7441685199737549,0.7456250786781311,0.7464078664779663,0.8519362807273865,0.8508496284484863,0.8456458449363708,0.8593133687973022,0.7248623569806417,0.72722989320755,0.7199463844299316,0.7274107933044434,0.8409042358398438,0.8413294553756714,0.8310770988464355,0.8503061532974243,0.7579299807548523,0.7554992437362671,0.7576294541358948,0.760661244392395,0.8510887424151102,0.8504587411880493,0.844997763633728,0.8578097224235535
mpra_oracle,150000,4,25,0.0540254287978013,749.367833354976,0.7580563624699911,0.7565268874168396,0.757428765296936,0.7602134346961975,0.8501579960187277,0.8511669635772705,0.8437725901603699,0.8555344343185425,0.7886706391970316,0.7873157262802124,0.7884321212768555,0.7902640700340271,0.8518839279810587,0.8512360453605652,0.8521882891654968,0.8522274494171143,0.7991483211517334,0.813096821308136,0.7822604179382324,0.8020877242088318,0.8098738392194113,0.8095399141311646,0.8032536506652832,0.8168279528617859,0.8231910467147827,0.8262075185775757,0.8121509552001953,0.8312146663665771,0.721940815448761,0.7289714813232422,0.7114375233650208,0.72541344165802,0.7459429701169332,0.7446798086166382,0.7463823556900024,0.7467667460441589,0.8510514895121256,0.8514401316642761,0.8445284962654114,0.8571858406066895,0.7283726334571838,0.7316462993621826,0.7238675951957703,0.7296040058135986,0.8421715696652731,0.8440442681312561,0.8327032923698425,0.8497671484947205,0.7583357294400533,0.7559801340103149,0.7581297755241394,0.7608972787857056,0.850487212340037,0.8514564037322998,0.8441412448883057,0.8558639883995056
mpra_oracle,200000,0,44,0.0439395463168621,1631.5283824047074,0.8147831360499064,0.8174100518226624,0.8132739663124084,0.8136653900146484,0.9122283260027568,0.916098654270172,0.9045507907867432,0.916035532951355,0.8494664827982584,0.8547999858856201,0.8451831936836243,0.848416268825531,0.9243366122245787,0.9272949695587158,0.919563889503479,0.9261509776115416,0.8717762430508932,0.8859651684761047,0.8563392758369446,0.8730242848396301,0.8866856892903646,0.8943101167678833,0.8772466778755188,0.8885002732276917,0.8861151933670044,0.8899234533309937,0.876211404800415,0.8922107219696045,0.8216043909390768,0.8319903016090393,0.8118752837181091,0.8209475874900818,0.8012281457583109,0.8046119213104248,0.8011308312416077,0.7979416847229004,0.9127007722854614,0.9166277647018432,0.9046227335929872,0.916851818561554,0.784477710723877,0.7901871204376221,0.7825672030448914,0.7806788086891174,0.905678947766622,0.90957909822464,0.8966131210327148,0.910844624042511,0.815079927444458,0.8169889450073242,0.814032793045044,0.8142180442810059,0.9124041199684144,0.9164441823959352,0.9046571254730223,0.9161110520362854
mpra_oracle,200000,1,44,0.0438757310271263,3604.354402773082,0.8194767236709595,0.8215470910072327,0.8170711398124695,0.8198119401931763,0.9137943983078004,0.9169344902038574,0.905591070652008,0.9188576340675354,0.848844587802887,0.8536919355392456,0.843080997467041,0.8497608304023743,0.926417330900828,0.9281525015830994,0.920893371105194,0.9302061200141908,0.8801662921905518,0.8928289413452148,0.8649556040763855,0.8827143311500549,0.8897921244303385,0.8931206464767456,0.8810796737670898,0.8951760530471802,0.8933815558751425,0.8971928954124451,0.8845216631889343,0.8984301090240479,0.8269667824109396,0.8381308913230896,0.8166969418525696,0.8260725140571594,0.805734395980835,0.8084128499031067,0.8048232197761536,0.8039671182632446,0.9142234722773234,0.917428970336914,0.9055699706077576,0.9196714758872986,0.788088877995809,0.79400634765625,0.7856573462486267,0.78460294008255,0.9079136649767556,0.9122536182403564,0.8978692889213562,0.9136180877685548,0.8197470903396606,0.8212167620658875,0.8177514672279358,0.8202730417251587,0.913904587427775,0.9173662066459656,0.9054437279701232,0.9189038276672364
mpra_oracle,200000,1,44,0.0438757310271263,3629.565083215945,0.8194767236709595,0.8215470910072327,0.8170711398124695,0.8198119401931763,0.9137943983078004,0.9169344902038574,0.905591070652008,0.9188576340675354,0.848844587802887,0.8536919355392456,0.843080997467041,0.8497608304023743,0.926417330900828,0.9281525015830994,0.920893371105194,0.9302061200141908,0.8801662921905518,0.8928289413452148,0.8649556040763855,0.8827143311500549,0.8897921244303385,0.8931206464767456,0.8810796737670898,0.8951760530471802,0.8933815558751425,0.8971928954124451,0.8845216631889343,0.8984301090240479,0.8269667824109396,0.8381308913230896,0.8166969418525696,0.8260725140571594,0.805734395980835,0.8084128499031067,0.8048232197761536,0.8039671182632446,0.9142234722773234,0.917428970336914,0.9055699706077576,0.9196714758872986,0.788088877995809,0.79400634765625,0.7856573462486267,0.78460294008255,0.9079136649767556,0.9122536182403564,0.8978692889213562,0.9136180877685548,0.8197470903396606,0.8212167620658875,0.8177514672279358,0.8202730417251587,0.913904587427775,0.9173662066459656,0.9054437279701232,0.9189038276672364
mpra_oracle,200000,2,44,0.0443648529708385,1655.9554089778103,0.8121501604715983,0.8178121447563171,0.8087750673294067,0.809863269329071,0.907612144947052,0.913382649421692,0.8982232809066772,0.9112305045127868,0.8420444925626119,0.8471059203147888,0.8382750749588013,0.8407524824142456,0.9145686030387878,0.9195818305015564,0.909598469734192,0.9145255088806152,0.8692838748296102,0.8855014443397522,0.8527730703353882,0.8695771098136902,0.8806813756624857,0.8867860436439514,0.8718894124031067,0.8833686709403992,0.8847274382909139,0.8922808170318604,0.8719365000724792,0.8899649977684021,0.8135481675465902,0.8318600058555603,0.8018267154693604,0.8069577813148499,0.7984193563461304,0.8043743968009949,0.7966607213020325,0.7942229509353638,0.9076552391052246,0.9133669137954712,0.8981693983078003,0.9114294052124025,0.781992236773173,0.789326548576355,0.7785266637802124,0.7781234979629517,0.9002715150515238,0.9069309830665588,0.88938969373703,0.9044938683509828,0.8124046921730042,0.8173825144767761,0.8094117641448975,0.8104197978973389,0.9076925118764242,0.9136874079704284,0.8982721567153931,0.9111179709434508
mpra_oracle,200000,3,44,0.0440346382856369,1624.9395075240172,0.8119067549705505,0.8142401576042175,0.8114007711410522,0.8100793361663818,0.910111924012502,0.9136430025100708,0.9021071791648864,0.9145855903625488,0.8485701481501261,0.8535021543502808,0.8451032638549805,0.8471050262451172,0.9222941001256308,0.9262333512306212,0.9177883863449096,0.9228605628013612,0.8707783222198486,0.8870488405227661,0.854256272315979,0.8710298538208008,0.8797376950581869,0.8864399194717407,0.8717703223228455,0.8810028433799744,0.8855340878168741,0.8912779092788696,0.8761760592460632,0.8891482949256897,0.8141188621520996,0.8268017172813416,0.8059751987457275,0.8095796704292297,0.797875722249349,0.8007827401161194,0.7990801334381104,0.7937642931938171,0.9105221033096312,0.913920760154724,0.9024502635002136,0.9151952862739564,0.7821782827377319,0.7889853715896606,0.7802998423576355,0.7772496342658997,0.9035295248031616,0.9084517359733582,0.8936965465545654,0.9084402918815612,0.8121648629506429,0.8137921690940857,0.8120926022529602,0.8106098175048828,0.910349706808726,0.9139541387557985,0.902381420135498,0.9147135615348816
mpra_oracle,200000,4,44,0.0434556642711162,1632.7537832558155,0.8174524903297424,0.8195328712463379,0.8157876133918762,0.8170369863510132,0.9151339332262676,0.9179319143295288,0.9073061347007751,0.9201637506484984,0.8511357506116232,0.8529816269874573,0.848241925239563,0.8521836996078491,0.923331379890442,0.9254220724105836,0.9193558692932128,0.9252161979675292,0.8752928972244263,0.8869423270225525,0.8629229664802551,0.8760133981704712,0.8849675456682841,0.8877593874931335,0.8784646987915039,0.8886785507202148,0.8913699785868326,0.8950273990631104,0.8836392164230347,0.895443320274353,0.8242022395133972,0.8380762338638306,0.8140354156494141,0.820495069026947,0.8041482369105021,0.8068435788154602,0.8036576509475708,0.8019434809684753,0.9154016971588136,0.9183366894721984,0.9071092009544371,0.9207592010498048,0.7876547773679098,0.794180691242218,0.7846535444259644,0.7841300964355469,0.907620350519816,0.912073254585266,0.898043155670166,0.912744641304016,0.8179081877072653,0.8193715810775757,0.8165284395217896,0.8178245425224304,0.9154140750567118,0.9184358716011048,0.9073617458343506,0.9204446077346802
mpra_oracle,300000,0,72,0.0371724004626274,3906.471799349878,0.8388058344523112,0.8390792608261108,0.8408187031745911,0.8365195393562317,0.9374784032503763,0.9381357431411744,0.9322236776351928,0.942075788974762,0.8706132968266805,0.8736072778701782,0.8685928583145142,0.8696397542953491,0.9464841286341348,0.9475047588348388,0.9434148073196412,0.9485328197479248,0.9115855097770692,0.915498673915863,0.902237057685852,0.9170207977294922,0.9154069224993387,0.915982723236084,0.910495102405548,0.9197429418563844,0.9176068107287088,0.9178793430328368,0.909467875957489,0.9254732131958008,0.8753121693929037,0.8808865547180176,0.8701516389846802,0.8748983144760132,0.8247361580530802,0.8257710933685303,0.8285278081893921,0.8199095726013184,0.9378288984298706,0.9384270906448364,0.9323588609695436,0.942700743675232,0.8087960481643677,0.8119622468948364,0.8107399940490723,0.8036859035491943,0.9319819808006288,0.9322120547294616,0.9260685443878174,0.9376653432846068,0.839149018128713,0.8386837840080261,0.8416831493377686,0.8370801210403442,0.9376668532689412,0.9383785724639891,0.9323180913925172,0.9423038959503174
mpra_oracle,300000,1,72,0.0393596217592557,12925.358359351056,0.8353870511054993,0.8326663374900818,0.8396745920181274,0.8338202238082886,0.9339149594306946,0.9316483736038208,0.9319270253181458,0.9381694793701172,0.8675268093744913,0.8710260391235352,0.8646508455276489,0.86690354347229,0.9438316027323403,0.944006323814392,0.9417763948440552,0.9457120895385742,0.9079731305440268,0.9075224995613098,0.9043968915939332,0.9120000004768372,0.9090516964594524,0.9074998497962952,0.90643310546875,0.9132221341133118,0.9156198302904764,0.9131801128387452,0.9124908447265624,0.9211885333061218,0.8709916671117147,0.8741987943649292,0.8682774305343628,0.870498776435852,0.8213749329249064,0.8196206092834473,0.8271312713623047,0.8173729181289673,0.9341793258984884,0.9319126605987548,0.9318516850471495,0.9387736320495604,0.8069342970848083,0.808374285697937,0.8100048303604126,0.8024237751960754,0.9296076695124308,0.92757385969162,0.9263258576393129,0.93492329120636,0.8356133500734965,0.8324153423309326,0.8401998281478882,0.8342248797416687,0.9340270360310872,0.9318870902061462,0.9318286180496216,0.938365399837494
mpra_oracle,300000,1,72,0.0393596217592557,13019.95033853571,0.8353870511054993,0.8326663374900818,0.8396745920181274,0.8338202238082886,0.9339149594306946,0.9316483736038208,0.9319270253181458,0.9381694793701172,0.8675268093744913,0.8710260391235352,0.8646508455276489,0.86690354347229,0.9438316027323403,0.944006323814392,0.9417763948440552,0.9457120895385742,0.9079731305440268,0.9075224995613098,0.9043968915939332,0.9120000004768372,0.9090516964594524,0.9074998497962952,0.90643310546875,0.9132221341133118,0.9156198302904764,0.9131801128387452,0.9124908447265624,0.9211885333061218,0.8709916671117147,0.8741987943649292,0.8682774305343628,0.870498776435852,0.8213749329249064,0.8196206092834473,0.8271312713623047,0.8173729181289673,0.9341793258984884,0.9319126605987548,0.9318516850471495,0.9387736320495604,0.8069342970848083,0.808374285697937,0.8100048303604126,0.8024237751960754,0.9296076695124308,0.92757385969162,0.9263258576393129,0.93492329120636,0.8356133500734965,0.8324153423309326,0.8401998281478882,0.8342248797416687,0.9340270360310872,0.9318870902061462,0.9318286180496216,0.938365399837494
mpra_oracle,300000,1,72,0.0393596217592557,12911.537860833809,0.8353870511054993,0.8326663374900818,0.8396745920181274,0.8338202238082886,0.9339149594306946,0.9316483736038208,0.9319270253181458,0.9381694793701172,0.8675268093744913,0.8710260391235352,0.8646508455276489,0.86690354347229,0.9438316027323403,0.944006323814392,0.9417763948440552,0.9457120895385742,0.9079731305440268,0.9075224995613098,0.9043968915939332,0.9120000004768372,0.9090516964594524,0.9074998497962952,0.90643310546875,0.9132221341133118,0.9156198302904764,0.9131801128387452,0.9124908447265624,0.9211885333061218,0.8709916671117147,0.8741987943649292,0.8682774305343628,0.870498776435852,0.8213749329249064,0.8196206092834473,0.8271312713623047,0.8173729181289673,0.9341793258984884,0.9319126605987548,0.9318516850471495,0.9387736320495604,0.8069342970848083,0.808374285697937,0.8100048303604126,0.8024237751960754,0.9296076695124308,0.92757385969162,0.9263258576393129,0.93492329120636,0.8356133500734965,0.8324153423309326,0.8401998281478882,0.8342248797416687,0.9340270360310872,0.9318870902061462,0.9318286180496216,0.938365399837494
mpra_oracle,300000,2,72,0.0384728570540746,3961.085948195774,0.8380027413368225,0.8383762836456299,0.8405813574790955,0.8350505828857422,0.93643323580424,0.9371758699417114,0.9336994886398317,0.9384243488311768,0.8659163514773051,0.8719570636749268,0.8639568090438843,0.8618351817131042,0.9444924195607504,0.9462380409240724,0.9423468708992004,0.9448923468589784,0.90886390209198,0.911016583442688,0.9065064787864684,0.9090686440467834,0.9123736222585044,0.9133121967315674,0.9108281135559082,0.9129805564880372,0.9167769352595012,0.9161995649337769,0.9144195914268494,0.9197116494178772,0.8656497796376547,0.8673287630081177,0.8650949001312256,0.8645256757736206,0.8234937787055969,0.8249850273132324,0.8273870944976807,0.8181092143058777,0.936751921971639,0.9376903772354126,0.9336110353469848,0.9389543533325196,0.808013379573822,0.8123449683189392,0.8105741143226624,0.8011210560798645,0.9313425421714784,0.9324237108230592,0.927751362323761,0.9338525533676147,0.8382814129193624,0.8380458354949951,0.8411351442337036,0.8356632590293884,0.9366244673728944,0.937583029270172,0.9336702227592468,0.938620150089264
mpra_oracle,300000,3,72,0.0386202636778354,3887.9547765636817,0.8337986071904501,0.8370519876480103,0.8348764181137085,0.8294674158096313,0.9304821491241456,0.933995008468628,0.9249797463417052,0.9324716925621032,0.866537610689799,0.8704646825790405,0.8642889261245728,0.8648592233657837,0.940290649731954,0.9431477189064026,0.936556875705719,0.9411673545837402,0.8992576201756796,0.9106813073158264,0.8885422945022583,0.8985492587089539,0.9074816703796388,0.9108421802520752,0.902374029159546,0.9092288017272948,0.9114140470822653,0.9148650765419006,0.9029086232185364,0.9164684414863586,0.8609761993090311,0.8676581382751465,0.8559620380401611,0.8593084216117859,0.8196701010068258,0.8237042427062988,0.8223235607147217,0.8129824995994568,0.9306147297223408,0.934106707572937,0.9247244000434875,0.933013081550598,0.8042374650637308,0.8112837076187134,0.8040875792503357,0.7973411083221436,0.9256742000579834,0.929681360721588,0.9180492758750916,0.9292919635772704,0.8341012001037598,0.8367992639541626,0.8355746865272522,0.8299296498298645,0.9304320017496744,0.9341121912002563,0.9247530698776244,0.9324307441711426
mpra_oracle,300000,4,72,0.0374134934226671,3936.40444471268,0.8401190042495728,0.8394933342933655,0.841831386089325,0.8390322923660278,0.9356578787167869,0.9357609748840332,0.9305179119110109,0.9406947493553162,0.8686861197153727,0.8733664155006409,0.8649775385856628,0.8677144050598145,0.944947361946106,0.9479860067367554,0.9403911232948304,0.9464649558067322,0.9087833166122437,0.9141309857368468,0.8991084098815918,0.9131105542182922,0.9138198494911194,0.914134442806244,0.9089831113815308,0.9183419942855836,0.9171023368835448,0.918254256248474,0.9091625213623048,0.923890233039856,0.8679722944895426,0.8723499774932861,0.8624786734580994,0.8690882325172424,0.8256637652715048,0.8257483839988708,0.8288639783859253,0.822378933429718,0.9356189767519631,0.9355248212814332,0.9302111268043518,0.941120982170105,0.8098342418670654,0.8145504593849182,0.8106953501701355,0.8042569160461426,0.9305092891057332,0.9315296411514282,0.9240979552268982,0.9359002709388732,0.8403734564781189,0.8391352295875549,0.8423908352851868,0.839594304561615,0.9357038338979086,0.9358274340629578,0.9304161667823792,0.9408679008483888
mpra_real,10000,0,23,0.1246969166994094,84.04394126171246,0.4612819353739421,0.4182493686676025,0.4637969136238098,0.5017995238304138,0.5196336905161539,0.4614037871360779,0.5279070734977722,0.5695902109146118,0.5129158993562063,0.4805884063243866,0.5177239775657654,0.5404353141784668,0.5433809161186218,0.5044209957122803,0.5541490316390991,0.5715727210044861,0.4229454894860585,0.3833242952823639,0.4253656566143036,0.4601465165615082,0.3938020269076029,0.3333130776882171,0.403692752122879,0.4444002509117126,0.3866697947184245,0.3194937407970428,0.3912240266799927,0.4492916166782379,0.2621507992347081,0.2226566225290298,0.2478863298892974,0.3159094452857971,0.4520308872063954,0.4108255803585052,0.4560673236846924,0.4891997575759887,0.5194661219914755,0.4615087509155273,0.5287660360336304,0.5681235790252686,0.4184469878673553,0.3766514658927917,0.4210703372955322,0.457619160413742,0.4859771529833476,0.427162617444992,0.4934598505496979,0.5373089909553528,0.4624654452006022,0.4192961454391479,0.4647571444511413,0.5033430457115173,0.5201860666275024,0.4619980454444885,0.5282402634620667,0.5703198909759521
mpra_real,10000,1,24,0.1386153993606567,134.04932132712565,0.3192860732475917,0.2369669824838638,0.415961891412735,0.3049293458461761,0.3564088145891825,0.2648729085922241,0.4676392674446106,0.3367142677307129,0.3668211499849955,0.2941034138202667,0.4638592600822449,0.342500776052475,0.3901723722616831,0.3165088593959808,0.4972470700740814,0.3567611873149872,0.3019491682449977,0.2278240770101547,0.3866658210754394,0.2913576066493988,0.2749719570080439,0.1723389774560928,0.3622333407402038,0.2903435528278351,0.3204451849063237,0.2372071892023086,0.3827608227729797,0.3413675427436828,0.2271505246559778,0.1830460727214813,0.2394825667142868,0.2589229345321655,0.3208688100179036,0.2396034002304077,0.4141162037849426,0.3088868260383606,0.3642638425032298,0.2732706367969513,0.4734912514686584,0.3460296392440796,0.2972732136646906,0.2165564745664596,0.3892983794212341,0.2859647870063782,0.3410124679406484,0.2505975067615509,0.4470212459564209,0.3254186511039734,0.3197383880615234,0.2373381555080413,0.4166310727596283,0.3052459359169006,0.3566689491271972,0.2650476694107055,0.4681749045848846,0.3367842733860016
mpra_real,10000,1,24,0.1386153993606567,186.9631142739672,0.3192860732475917,0.2369669824838638,0.415961891412735,0.3049293458461761,0.3564088145891825,0.2648729085922241,0.4676392674446106,0.3367142677307129,0.3668211499849955,0.2941034138202667,0.4638592600822449,0.342500776052475,0.3901723722616831,0.3165088593959808,0.4972470700740814,0.3567611873149872,0.3019491682449977,0.2278240770101547,0.3866658210754394,0.2913576066493988,0.2749719570080439,0.1723389774560928,0.3622333407402038,0.2903435528278351,0.3204451849063237,0.2372071892023086,0.3827608227729797,0.3413675427436828,0.2271505246559778,0.1830460727214813,0.2394825667142868,0.2589229345321655,0.3208688100179036,0.2396034002304077,0.4141162037849426,0.3088868260383606,0.3642638425032298,0.2732706367969513,0.4734912514686584,0.3460296392440796,0.2972732136646906,0.2165564745664596,0.3892983794212341,0.2859647870063782,0.3410124679406484,0.2505975067615509,0.4470212459564209,0.3254186511039734,0.3197383880615234,0.2373381555080413,0.4166310727596283,0.3052459359169006,0.3566689491271972,0.2650476694107055,0.4681749045848846,0.3367842733860016
mpra_real,10000,2,24,0.1267674742937088,93.44920645374803,0.4633843700091044,0.4328548610210418,0.474527508020401,0.4827707409858703,0.5225995182991028,0.4790225625038147,0.5387446880340576,0.550031304359436,0.5382156769434611,0.5122438073158264,0.5500314831733704,0.5523717403411865,0.5692735910415649,0.5388393402099609,0.585594892501831,0.5833865404129028,0.4263996581236521,0.4017009735107422,0.4378236532211303,0.4396743476390838,0.3647691607475281,0.3270595073699951,0.3964893817901611,0.370758593082428,0.3501590391000111,0.3140268623828888,0.3765898942947387,0.359860360622406,0.2931752800941467,0.2620307505130768,0.2846107184886932,0.3328843712806701,0.4505767027537028,0.4223711788654327,0.4631440043449402,0.4662149250507355,0.5194834768772125,0.4766668379306793,0.536401093006134,0.5453824996948242,0.4132368961970011,0.3866235017776489,0.4265036582946777,0.4265835285186767,0.4822477102279663,0.4411196708679199,0.5003954768180847,0.5052279829978943,0.4645454188187917,0.4338451027870178,0.4754634797573089,0.4843276739120483,0.5229574541250864,0.4796001017093658,0.538764476776123,0.5505077838897705
mpra_real,10000,3,24,0.1299916245937347,86.294273853302,0.4054218331972758,0.3951400518417358,0.4222280383110046,0.3988974094390869,0.4515781203905741,0.4417610764503479,0.4711829423904419,0.4417903423309326,0.4543643792470296,0.4536842405796051,0.469117522239685,0.4402913749217987,0.4752895534038543,0.4758587479591369,0.4901657700538635,0.4598441421985626,0.3461968104044596,0.3397022783756256,0.3423799574375152,0.356508195400238,0.3052047292391459,0.2645609974861145,0.3144828081130981,0.3365703821182251,0.3345352411270141,0.279409259557724,0.3375237286090851,0.3866727352142334,0.2242612987756729,0.1949722915887832,0.215358018875122,0.2624535858631134,0.3970916966597239,0.3833545744419098,0.4132091104984283,0.3947114050388336,0.4521214266618092,0.438340425491333,0.4707966148853302,0.4472272396087646,0.3608314096927643,0.3455358147621155,0.3740476667881012,0.3629107475280761,0.4142916103204091,0.3978866040706634,0.4280507564544678,0.4169374704360962,0.4062074323495229,0.3960033655166626,0.4231208264827728,0.3994981050491333,0.4520100653171539,0.4425048530101776,0.4715346992015838,0.4419906437397003
mpra_real,10000,4,29,0.1271080392599105,315.48566736187786,0.4801771640777588,0.4516755938529968,0.475070595741272,0.5137853026390076,0.5402746796607971,0.5032999515533447,0.5366307497024536,0.580893337726593,0.5441669225692749,0.5272936820983887,0.5443944334983826,0.5608126521110535,0.5739518801371256,0.5558850765228271,0.5760157704353333,0.5899547934532166,0.4285785853862762,0.4109516441822052,0.4095521569252014,0.4652319550514221,0.4037708938121795,0.3691768944263458,0.3864926993846893,0.4556430876255035,0.4129098355770111,0.3742475211620331,0.3888445496559143,0.4756374359130859,0.2948924998442332,0.2700424194335937,0.2757157385349273,0.3389193415641784,0.4666940569877624,0.4392364025115967,0.4619467258453369,0.4988990426063537,0.5364984671274821,0.499706506729126,0.5322183966636658,0.5775704979896545,0.433957427740097,0.4090814590454101,0.4248834550380707,0.4679073691368103,0.5035235186417898,0.469073623418808,0.4933810234069824,0.5481159090995789,0.4811705946922302,0.4525350928306579,0.4759891033172607,0.514987587928772,0.5407580335934957,0.504119873046875,0.5367871522903442,0.5813670754432678
mpra_real,25000,0,62,0.1225372326850891,318.94398833299056,0.5201347172260284,0.4884625375270843,0.5266900062561035,0.5452516078948975,0.5843076507250468,0.5486889481544495,0.5908479690551758,0.6133860349655151,0.5854234099388123,0.569381594657898,0.5910438895225525,0.5958447456359863,0.6242685119311014,0.6048679947853088,0.6298387050628662,0.6380988359451294,0.4799979130427043,0.456354022026062,0.4769954085350036,0.5066443085670471,0.4670185347398122,0.4222207367420196,0.4741193652153015,0.5047155022621155,0.4784435331821441,0.4344985783100128,0.4826263785362243,0.5182056427001953,0.3140114744504292,0.2859513461589813,0.3037193417549133,0.3523637354373932,0.5107371012369791,0.4801834225654602,0.5174301266670227,0.5345977544784546,0.5846469004948934,0.5485777258872986,0.5909543037414551,0.6144086718559265,0.4771874248981476,0.4507873654365539,0.4801712930202484,0.5006036162376404,0.5523514548937479,0.5171371698379517,0.5558574795722961,0.5840597152709961,0.5210518836975098,0.4891903400421142,0.5277678370475769,0.5461974740028381,0.5849381883939108,0.5496211051940918,0.5913052558898926,0.6138882040977478
mpra_real,25000,1,35,0.1215891088843345,437.5592730289791,0.5318532784779867,0.5010665655136108,0.5360624194145203,0.5584308505058289,0.6009277701377869,0.564062774181366,0.605843186378479,0.6328773498535156,0.5894634326299032,0.5747383236885071,0.5918834805488586,0.6017684936523438,0.6274048487345377,0.608953595161438,0.6340330839157104,0.6392278671264648,0.5037748217582703,0.4807425141334533,0.5023921132087708,0.5281898379325867,0.4966104527314504,0.4538547694683075,0.5054770708084106,0.5304995179176331,0.4948584536711375,0.4517599642276764,0.5002219080924988,0.5325934886932373,0.3438105980555216,0.3175562620162964,0.3371753692626953,0.3767001628875732,0.5187395413716634,0.4887378811836242,0.5243687033653259,0.54311203956604,0.5987016757329305,0.5618614554405212,0.603878378868103,0.6303651928901672,0.4888194501399994,0.4627387225627899,0.4927639365196228,0.5109556913375854,0.571185310681661,0.5370284914970398,0.5748593211174011,0.601668119430542,0.5331375598907471,0.5017412900924683,0.5374268293380737,0.5602445602416992,0.6018773516019186,0.5651475191116333,0.6064596772193909,0.6340248584747314
mpra_real,25000,1,35,0.1215891088843345,434.61870652786456,0.5318532784779867,0.5010665655136108,0.5360624194145203,0.5584308505058289,0.6009277701377869,0.564062774181366,0.605843186378479,0.6328773498535156,0.5894634326299032,0.5747383236885071,0.5918834805488586,0.6017684936523438,0.6274048487345377,0.608953595161438,0.6340330839157104,0.6392278671264648,0.5037748217582703,0.4807425141334533,0.5023921132087708,0.5281898379325867,0.4966104527314504,0.4538547694683075,0.5054770708084106,0.5304995179176331,0.4948584536711375,0.4517599642276764,0.5002219080924988,0.5325934886932373,0.3438105980555216,0.3175562620162964,0.3371753692626953,0.3767001628875732,0.5187395413716634,0.4887378811836242,0.5243687033653259,0.54311203956604,0.5987016757329305,0.5618614554405212,0.603878378868103,0.6303651928901672,0.4888194501399994,0.4627387225627899,0.4927639365196228,0.5109556913375854,0.571185310681661,0.5370284914970398,0.5748593211174011,0.601668119430542,0.5331375598907471,0.5017412900924683,0.5374268293380737,0.5602445602416992,0.6018773516019186,0.5651475191116333,0.6064596772193909,0.6340248584747314
mpra_real,25000,2,36,0.1282213659286499,208.0778304068372,0.5151803294817606,0.478096604347229,0.5285976529121399,0.5388467311859131,0.5813015500704447,0.5396897792816162,0.5980813503265381,0.6061335206031799,0.5729356209437052,0.5470783710479736,0.5875033736228943,0.5842251181602478,0.6113734443982443,0.5826922059059143,0.6303569674491882,0.6210711598396301,0.4910274644692738,0.4580259025096893,0.5043591260910034,0.5106973648071289,0.4811051189899444,0.4315353333950043,0.5054547786712646,0.5063252449035645,0.4772817691167195,0.4279469549655914,0.4934211671352386,0.5104771852493286,0.3105072180430094,0.2668356895446777,0.3145286738872528,0.3501572906970978,0.5062675476074219,0.4693396687507629,0.5207836031913757,0.528679370880127,0.5817845066388448,0.5398300886154175,0.5988163352012634,0.6067070960998535,0.4818084339300791,0.4477884769439697,0.4952884018421173,0.5023484230041504,0.5576742092768351,0.5157727599143982,0.5747634172439575,0.5824864506721497,0.5154412984848022,0.4779538512229919,0.5288801789283752,0.5394898653030396,0.5813205440839132,0.5399084687232971,0.597908079624176,0.6061450839042664
mpra_real,25000,3,39,0.1297098623991012,216.4621899742633,0.5131665666898092,0.4784235954284668,0.5128145813941956,0.5482615232467651,0.5720277428627014,0.5276400446891785,0.5748205780982971,0.6136226058006287,0.5733696023623148,0.5589773058891296,0.5710493326187134,0.5900821685791016,0.6097149650255839,0.5903569459915161,0.6095704436302185,0.6292175054550171,0.4772865573565165,0.4520461559295654,0.4702101349830627,0.5096033811569214,0.4829641183217366,0.4396101832389831,0.4881033301353454,0.5211788415908813,0.4880343973636627,0.4416905045509338,0.4859769642353058,0.5364357233047485,0.3316625456015269,0.3010859489440918,0.3250897526741028,0.3688119351863861,0.5058279434839884,0.4715040922164917,0.5064617991447449,0.5395179390907288,0.5744049151738485,0.5297081470489502,0.5773760676383972,0.616130530834198,0.4785288472970326,0.4466568827629089,0.4779645502567291,0.51096510887146,0.5515419244766235,0.5094316005706787,0.5526788234710693,0.5925153493881226,0.5134483079115549,0.4780790507793426,0.5132875442504883,0.548978328704834,0.5718969504038492,0.5275017619132996,0.5745335817337036,0.6136555075645447
mpra_real,25000,4,63,0.1256472034215927,325.5869703767821,0.5084575911362966,0.4823558032512665,0.5058135390281677,0.5372034311294556,0.5724129478136698,0.5408409833908081,0.5699216723442078,0.6064761877059937,0.5497893691062927,0.5403663516044617,0.5456479787826538,0.5633537769317627,0.5880702535311381,0.5754199624061584,0.5877206921577454,0.6010701060295105,0.4789355297883351,0.4656545221805572,0.4717977643013,0.4993543028831482,0.4584569633007049,0.4312884509563446,0.454037994146347,0.4900444447994232,0.4550256530443827,0.4132835566997528,0.4519875347614288,0.4998058676719665,0.3116745452086131,0.2897393405437469,0.300768107175827,0.3445161879062652,0.5003481904665629,0.4730984568595886,0.4992462396621704,0.5286998748779297,0.5737031896909078,0.5406872034072876,0.5713837742805481,0.6090385913848877,0.4743349353472392,0.449409008026123,0.4727120399475097,0.5008837580680847,0.5495336254437765,0.5180584192276001,0.546745240688324,0.5837972164154053,0.5092618266741434,0.4825156331062317,0.5069779753684998,0.538291871547699,0.5728524525960287,0.5411658883094788,0.5702501535415649,0.6071413159370422
mpra_real,50000,0,44,0.1141307543516159,1180.6850202609785,0.6060047547022501,0.5799662470817566,0.6041989922523499,0.633849024772644,0.6787454883257548,0.6494461894035339,0.6781418323516846,0.7086484432220459,0.6514398058255514,0.6388795375823975,0.6537967920303345,0.6616430878639221,0.6968078017234802,0.6832154393196106,0.6992517113685608,0.7079562544822693,0.5920452078183492,0.5743312835693359,0.5865406394004822,0.6152637004852295,0.6013344724973043,0.5750643014907837,0.6052688956260681,0.623670220375061,0.6179778575897217,0.5885313749313354,0.6193557977676392,0.6460464000701904,0.4379737476507823,0.4209170043468475,0.4277383089065552,0.4652659296989441,0.5963870286941528,0.5722569823265076,0.5958349704742432,0.6210691332817078,0.6801969011624655,0.651446521282196,0.6795729398727417,0.7095712423324585,0.571424643198649,0.548997163772583,0.5704172253608704,0.5948595404624939,0.6605960925420126,0.6337346434593201,0.6586400270462036,0.6894136071205139,0.6063410838445028,0.5796756148338318,0.6047987937927246,0.6345488429069519,0.67861940463384,0.6492553949356079,0.6780440807342529,0.7085587382316589
mpra_real,50000,1,43,0.1134901292085647,1195.506871618796,0.5899409850438436,0.5594466328620911,0.5918093919754028,0.6185669302940369,0.6657827297846476,0.6367117166519165,0.6638681292533875,0.6967683434486389,0.6443568269411722,0.6288472414016724,0.6478872895240784,0.6563359498977661,0.6898813048998514,0.6741930246353149,0.6947994828224182,0.7006514072418213,0.5725024938583374,0.5511075854301453,0.5640668272972107,0.6023330688476562,0.5841555794080099,0.5511040091514587,0.5838871598243713,0.6174755692481995,0.5970946351687113,0.5620906352996826,0.5929797887802124,0.636213481426239,0.4265933831532796,0.400437980890274,0.421061635017395,0.4582805335521698,0.5795700152715048,0.5505620837211609,0.582279622554779,0.6058683395385742,0.6670962572097778,0.6383383870124817,0.665012538433075,0.6979378461837769,0.5580212871233622,0.5329718589782715,0.5580303072929382,0.583061695098877,0.6496329506238302,0.6233064532279968,0.6456612348556519,0.6799311637878418,0.590641438961029,0.5603113174438477,0.5923610925674438,0.6192519068717957,0.6666772166887919,0.6381357312202454,0.6644158363342285,0.6974800825119019
mpra_real,50000,2,44,0.109996370601654,443.0435745259747,0.6169673403104147,0.5959511399269104,0.6173399090766907,0.6376109719276428,0.69236159324646,0.6692683696746826,0.6919459700584412,0.7158704400062561,0.6610256433486938,0.6484536528587341,0.663635790348053,0.6709874868392944,0.708827535311381,0.6967288255691528,0.7129132151603699,0.7168405652046204,0.6064693729082743,0.5886539816856384,0.603786826133728,0.6269673109054565,0.6082731684048971,0.5833309888839722,0.612439751625061,0.629048764705658,0.6226709087689718,0.5956783890724182,0.6239221692085266,0.6484121680259705,0.4530350963274638,0.4305979907512665,0.450224369764328,0.4782829284667969,0.6068523327509562,0.5868578553199768,0.607544481754303,0.6261546611785889,0.6939608454704285,0.671179473400116,0.6929490566253662,0.7177540063858032,0.5803994337717692,0.5646890997886658,0.5781832337379456,0.5983259677886963,0.6721288561820984,0.6513999104499817,0.6700199246406555,0.694966733455658,0.6177525321642557,0.5967758297920227,0.6180185675621033,0.6384631991386414,0.6932764450709025,0.6706681847572327,0.6924457550048828,0.716715395450592
mpra_real,50000,3,38,0.1126329784631729,380.9258132227697,0.5940570036570231,0.5752010345458984,0.5910665988922119,0.615903377532959,0.6688077648480734,0.6445245742797852,0.6659771800041199,0.6959215402603149,0.662243107954661,0.6538561582565308,0.6631177663803101,0.6697553992271423,0.7094427545865377,0.7004929780960083,0.7109456658363342,0.7168896198272705,0.5807192524274191,0.5688938498497009,0.5734754800796509,0.5997884273529053,0.5779762069384257,0.5569193363189697,0.5806328058242798,0.5963764786720276,0.598089357217153,0.5753222107887268,0.5955183506011963,0.6234275102615356,0.4292436440785726,0.4080903232097626,0.4177739322185516,0.4618666768074035,0.5840095480283102,0.5655860304832458,0.582648754119873,0.6037938594818115,0.6704562107721964,0.6463128328323364,0.6677154898643494,0.6973403096199036,0.5584326386451721,0.5452077984809875,0.5542934536933899,0.5757966637611389,0.6497109731038412,0.6314690709114075,0.643651008605957,0.6740128397941589,0.5954888264338175,0.5762137174606323,0.5925106406211853,0.617742121219635,0.6701038281122843,0.6461551189422607,0.6668975949287415,0.6972587704658508
mpra_real,50000,4,48,0.112099525296688,1553.532984788064,0.6060523986816406,0.5871042013168335,0.6039524078369141,0.6271005868911743,0.6811522642771403,0.6593403220176697,0.6757583618164062,0.708358108997345,0.6608286301294962,0.6514756679534912,0.6588222980499268,0.6721879243850708,0.7049022316932678,0.6972076892852783,0.7033966779708862,0.7141023278236389,0.5932280818621317,0.5854516625404358,0.5809951424598694,0.6132374405860901,0.6041420896848043,0.5830651521682739,0.6013306975364685,0.6280304193496704,0.617378811041514,0.592200517654419,0.6148602366447449,0.6450756788253784,0.4466562569141388,0.4304656386375427,0.4356096684932709,0.4738934636116028,0.5967852473258972,0.5779834389686584,0.5963457226753235,0.6160265803337097,0.6835531195004781,0.6618446707725525,0.678615152835846,0.7101995348930359,0.5734059810638428,0.5573678612709045,0.5702557563781738,0.59259432554245,0.6655909816424052,0.6471571326255798,0.6574695706367493,0.6921462416648865,0.6066560943921407,0.5870401859283447,0.6049163937568665,0.6280117034912109,0.6816365718841553,0.6599054336547852,0.6762425899505615,0.7087616920471191
mpra_real,50000,4,48,0.112099525296688,1553.343419112265,0.6060523986816406,0.5871042013168335,0.6039524078369141,0.6271005868911743,0.6811522642771403,0.6593403220176697,0.6757583618164062,0.708358108997345,0.6608286301294962,0.6514756679534912,0.6588222980499268,0.6721879243850708,0.7049022316932678,0.6972076892852783,0.7033966779708862,0.7141023278236389,0.5932280818621317,0.5854516625404358,0.5809951424598694,0.6132374405860901,0.6041420896848043,0.5830651521682739,0.6013306975364685,0.6280304193496704,0.617378811041514,0.592200517654419,0.6148602366447449,0.6450756788253784,0.4466562569141388,0.4304656386375427,0.4356096684932709,0.4738934636116028,0.5967852473258972,0.5779834389686584,0.5963457226753235,0.6160265803337097,0.6835531195004781,0.6618446707725525,0.678615152835846,0.7101995348930359,0.5734059810638428,0.5573678612709045,0.5702557563781738,0.59259432554245,0.6655909816424052,0.6471571326255798,0.6574695706367493,0.6921462416648865,0.6066560943921407,0.5870401859283447,0.6049163937568665,0.6280117034912109,0.6816365718841553,0.6599054336547852,0.6762425899505615,0.7087616920471191
mpra_real,100000,0,31,0.0973877241492271,593.2189225610346,0.7002891500790914,0.689702570438385,0.699281632900238,0.7118832468986511,0.7858492334683737,0.7748004198074341,0.7810425758361816,0.8017047047615051,0.7371941407521566,0.7282878756523132,0.7423053979873657,0.7409891486167908,0.7951476573944092,0.7886161804199219,0.7981395125389099,0.7986872792243958,0.7204074462254842,0.7171398401260376,0.7080414891242981,0.7360410094261169,0.7285234332084656,0.7191049456596375,0.7226765751838684,0.7437887787818909,0.7434740662574768,0.7327160835266113,0.738847017288208,0.7588590979576111,0.6050592660903931,0.5947686433792114,0.600960373878479,0.6194487810134888,0.6901001532872518,0.6806671619415283,0.6900505423545837,0.6995827555656433,0.7879095474878947,0.7767333984375,0.7831447124481201,0.803850531578064,0.6667988300323486,0.6587187051773071,0.6630191802978516,0.6786586046218872,0.7728168169657389,0.7623782157897949,0.7649471163749695,0.7911251187324524,0.701151967048645,0.690485954284668,0.7002443671226501,0.7127255797386169,0.7868295907974243,0.7761803865432739,0.781909704208374,0.802398681640625
mpra_real,100000,1,29,0.1002021175265312,1236.4679976140617,0.6940786838531494,0.6833974123001099,0.6936125159263611,0.7052261233329773,0.7760334014892578,0.7673349976539612,0.7715629935264587,0.7892022132873535,0.7288548549016317,0.7228742837905884,0.7274616360664368,0.7362286448478699,0.7860694328943888,0.7794219851493835,0.7863046526908875,0.7924816608428955,0.7040660182634989,0.7016080617904663,0.6940987706184387,0.7164912223815918,0.7160897652308146,0.7058274149894714,0.7125239968299866,0.7299178838729858,0.7244806289672852,0.7111743688583374,0.7207228541374207,0.7415446639060974,0.5860104163487753,0.5767311453819275,0.5786954164505005,0.6026046872138977,0.6828267772992452,0.6739042401313782,0.682443380355835,0.6921327114105225,0.7776050567626953,0.7690208554267883,0.772981584072113,0.7908127307891846,0.6586012045542399,0.6533411741256714,0.6533721685409546,0.6690902709960938,0.7603522936503092,0.7524005174636841,0.7535648345947266,0.7750915288925171,0.6949802041053772,0.6841077208518982,0.694665789604187,0.7061671018600464,0.7771317362785339,0.7688796520233154,0.7724223732948303,0.790093183517456
mpra_real,100000,1,29,0.1002021175265312,1227.418330554152,0.6940786838531494,0.6833974123001099,0.6936125159263611,0.7052261233329773,0.7760334014892578,0.7673349976539612,0.7715629935264587,0.7892022132873535,0.7288548549016317,0.7228742837905884,0.7274616360664368,0.7362286448478699,0.7860694328943888,0.7794219851493835,0.7863046526908875,0.7924816608428955,0.7040660182634989,0.7016080617904663,0.6940987706184387,0.7164912223815918,0.7160897652308146,0.7058274149894714,0.7125239968299866,0.7299178838729858,0.7244806289672852,0.7111743688583374,0.7207228541374207,0.7415446639060974,0.5860104163487753,0.5767311453819275,0.5786954164505005,0.6026046872138977,0.6828267772992452,0.6739042401313782,0.682443380355835,0.6921327114105225,0.7776050567626953,0.7690208554267883,0.772981584072113,0.7908127307891846,0.6586012045542399,0.6533411741256714,0.6533721685409546,0.6690902709960938,0.7603522936503092,0.7524005174636841,0.7535648345947266,0.7750915288925171,0.6949802041053772,0.6841077208518982,0.694665789604187,0.7061671018600464,0.7771317362785339,0.7688796520233154,0.7724223732948303,0.790093183517456
mpra_real,100000,2,30,0.1026531734466552,584.0335613330826,0.6895958185195923,0.6799754500389099,0.6883369088172913,0.7004750967025757,0.7732944488525391,0.7644830942153931,0.7695134878158569,0.7858867645263672,0.7296404043833414,0.7222777009010315,0.7309470772743225,0.7356964349746704,0.7850833535194397,0.7766152620315552,0.7875058650970459,0.791128933429718,0.7057923078536987,0.6993067264556885,0.6993237733840942,0.7187464237213135,0.713593324025472,0.7025607824325562,0.7110867500305176,0.7271324396133423,0.7240889271100363,0.7095354795455933,0.7215763926506042,0.7411549091339111,0.5801510413487753,0.5687617659568787,0.5775314569473267,0.5941599011421204,0.6787694493929545,0.6695072650909424,0.6788603067398071,0.687940776348114,0.7748064200083414,0.7655173540115356,0.7710444927215576,0.7878574132919312,0.6556232968966166,0.6522701978683472,0.6503821611404419,0.6642175316810608,0.7600465019543966,0.753966212272644,0.7527503371238708,0.7734229564666748,0.6902529994646708,0.6802175641059875,0.689265251159668,0.7012761831283569,0.7738899191220602,0.7652996182441711,0.7700399160385132,0.7863302230834961
mpra_real,100000,3,29,0.1002914081096649,558.6681971149519,0.68282151222229,0.676301896572113,0.6823578476905823,0.6898047924041748,0.765879491964976,0.7622156739234924,0.7608861923217773,0.7745366096496582,0.7190702358881632,0.7222951054573059,0.7175796031951904,0.7173359990119934,0.7772940993309021,0.7794020771980286,0.7762395143508911,0.7762407064437866,0.7007633447647095,0.7065668106079102,0.6841363310813904,0.7115868926048279,0.7045292854309082,0.7003253102302551,0.697627604007721,0.7156349420547485,0.7256717085838318,0.7212387323379517,0.7193478345870972,0.7364285588264465,0.5804912447929382,0.5802387595176697,0.5673890113830566,0.5938459634780884,0.6716788609822592,0.6652480959892273,0.6724605560302734,0.6773279309272766,0.7671879927317301,0.7633054256439209,0.7622127532958984,0.7760457992553711,0.6545213262240092,0.6520715951919556,0.6494466662406921,0.6620457172393799,0.7556438048680624,0.7535487413406372,0.7459909915924072,0.7673916816711426,0.6832676927248637,0.6762806177139282,0.6830969452857971,0.6904255151748657,0.7664841016133627,0.7630793452262878,0.7614718675613403,0.7749010920524597
mpra_real,100000,4,30,0.0997271749854087,590.522953805048,0.6829447150230408,0.6717160940170288,0.6858677268028259,0.6912503242492676,0.7725982268651327,0.7623500227928162,0.7695409655570984,0.7859036922454834,0.7304296096165975,0.7268269062042236,0.7317647933959961,0.7326971292495728,0.7879359324773153,0.7844288945198059,0.7884789109230042,0.7908999919891357,0.7014565666516622,0.6961363554000854,0.6946561932563782,0.713577151298523,0.7125928203264872,0.6992976665496826,0.7127936482429504,0.7256871461868286,0.7319279710451762,0.717820942401886,0.7301411628723145,0.7478218078613281,0.5808898011843363,0.5729867815971375,0.5761820673942566,0.593500554561615,0.6717384060223898,0.6610254645347595,0.6756508946418762,0.6785388588905334,0.7741031249364217,0.763245701789856,0.77110356092453,0.7879601120948792,0.6517250935236613,0.6434590220451355,0.6508967280387878,0.6608195304870605,0.7585273385047913,0.7485291957855225,0.7534136772155762,0.7736391425132751,0.6835315028826395,0.6719326972961426,0.6867803335189819,0.6918814778327942,0.7734372019767761,0.7635504007339478,0.7702991366386414,0.7864620685577393
mpra_real,150000,0,24,0.0926028697530428,682.5276947179809,0.7183254162470499,0.7169562578201294,0.7171837687492371,0.7208362221717834,0.8086334466934204,0.809341549873352,0.8012770414352417,0.8152817487716675,0.7561672727266947,0.7560141682624817,0.7555118203163147,0.7569758296012878,0.8143470287322998,0.8155937194824219,0.8130563497543335,0.814391016960144,0.7515537341435751,0.764336347579956,0.7345877885818481,0.7557370662689209,0.763481338818868,0.762128472328186,0.7581366300582886,0.7701789140701294,0.7765410741170248,0.7769609689712524,0.7675943970680237,0.7850678563117981,0.6639095942179362,0.6670945286750793,0.6543107628822327,0.6703234910964966,0.7071682016054789,0.7062789797782898,0.7073630094528198,0.7078626155853271,0.8102475007375082,0.8109644055366516,0.8025455474853516,0.8172325491905212,0.6908729275067648,0.6934827566146851,0.6866410374641418,0.6924949884414673,0.7988711992899576,0.8011606335639954,0.788142740726471,0.8073102235794067,0.7188564936319987,0.717143714427948,0.7180256247520447,0.7214001417160034,0.8092955748240153,0.8102860450744629,0.8017533421516418,0.8158473372459412
mpra_real,150000,1,25,0.0933906937122344,1564.5642271731049,0.7261792421340942,0.7201763391494751,0.7250112295150757,0.7333501577377319,0.8135344584782919,0.8095352053642273,0.8066685795783997,0.8243995904922485,0.7588473955790201,0.7565916180610657,0.758666455745697,0.7612841129302979,0.8188275297482809,0.81573086977005,0.8179268836975098,0.8228248357772827,0.7525266210238138,0.7590144872665405,0.7401508688926697,0.7584145069122314,0.763009786605835,0.7574105858802795,0.7584395408630371,0.7731792330741882,0.78071661790212,0.7755045890808105,0.7758626341819763,0.790782630443573,0.65492711464564,0.6543615460395813,0.6475908756256104,0.6628289222717285,0.7146560152371725,0.7084602117538452,0.7147926092147827,0.7207152247428894,0.8148126602172852,0.810449481010437,0.8079534769058228,0.8260350227355957,0.6949606140454611,0.6931301355361938,0.6899437308311462,0.701807975769043,0.8029622038205465,0.8018638491630554,0.7932902574539185,0.8137325048446655,0.7267352342605591,0.7200828194618225,0.7260382175445557,0.7340846657752991,0.8140425086021423,0.8102601170539856,0.8071612119674683,0.8247061967849731
mpra_real,150000,1,25,0.0933906937122344,1566.421736933058,0.7261792421340942,0.7201763391494751,0.7250112295150757,0.7333501577377319,0.8135344584782919,0.8095352053642273,0.8066685795783997,0.8243995904922485,0.7588473955790201,0.7565916180610657,0.758666455745697,0.7612841129302979,0.8188275297482809,0.81573086977005,0.8179268836975098,0.8228248357772827,0.7525266210238138,0.7590144872665405,0.7401508688926697,0.7584145069122314,0.763009786605835,0.7574105858802795,0.7584395408630371,0.7731792330741882,0.78071661790212,0.7755045890808105,0.7758626341819763,0.790782630443573,0.65492711464564,0.6543615460395813,0.6475908756256104,0.6628289222717285,0.7146560152371725,0.7084602117538452,0.7147926092147827,0.7207152247428894,0.8148126602172852,0.810449481010437,0.8079534769058228,0.8260350227355957,0.6949606140454611,0.6931301355361938,0.6899437308311462,0.701807975769043,0.8029622038205465,0.8018638491630554,0.7932902574539185,0.8137325048446655,0.7267352342605591,0.7200828194618225,0.7260382175445557,0.7340846657752991,0.8140425086021423,0.8102601170539856,0.8071612119674683,0.8247061967849731
mpra_real,150000,2,24,0.09305492811203,693.5719067673199,0.7265191674232483,0.7220839858055115,0.7245877981185913,0.7328857183456421,0.8180141448974609,0.8161482810974121,0.809546709060669,0.8283474445343018,0.7568264206250509,0.7610829472541809,0.7544977068901062,0.7548986077308655,0.8180341323216757,0.8211233615875244,0.8162419199943542,0.8167371153831482,0.7491941650708517,0.7622504830360413,0.7329785227775574,0.7523534893989563,0.7599667906761169,0.7624803185462952,0.7517662048339844,0.7656538486480713,0.7743563652038574,0.7716754674911499,0.765508234500885,0.7858853936195374,0.6616881092389425,0.6689968109130859,0.6467676758766174,0.669299840927124,0.7143225272496542,0.7101046442985535,0.713861346244812,0.7190015912055969,0.8188601136207581,0.8162691593170166,0.8107253313064575,0.8295858502388,0.6940219402313232,0.6942713856697083,0.6881066560745239,0.6996877789497375,0.8052886525789896,0.8050374984741211,0.7944170236587524,0.8164114356040955,0.7266023357709249,0.7214940786361694,0.7250659465789795,0.7332469820976257,0.8182250261306763,0.8163642883300781,0.8098459243774414,0.8284648656845093
mpra_real,150000,3,40,0.0889648076852162,1100.9073440670036,0.7515795429547628,0.7511940002441406,0.7496151328086853,0.7539294958114624,0.8447912136713663,0.8441900014877319,0.8365144729614258,0.8536691665649414,0.7850358088811239,0.7869987487792969,0.781592845916748,0.7865158319473267,0.8446353077888489,0.8478145003318787,0.8416001796722412,0.8444912433624268,0.7850272059440613,0.7968147397041321,0.7664081454277039,0.7918587327003479,0.7955124576886495,0.7974139451980591,0.7869773507118225,0.8021460771560669,0.8043538928031921,0.8060200810432434,0.7956441044807434,0.8113974928855896,0.6897684733072916,0.6981737613677979,0.6771023273468018,0.6940293312072754,0.7391928831736246,0.7390891909599304,0.7387276291847229,0.7397618293762207,0.8452927271525065,0.8446173667907715,0.836759090423584,0.8545017242431641,0.7193105022112528,0.7237412333488464,0.7140376567840576,0.7201526165008545,0.8318926095962524,0.8344704508781433,0.8208538889884949,0.8403534889221191,0.7520280083020529,0.7509710192680359,0.750484049320221,0.7546289563179016,0.8452924688657125,0.8448728322982788,0.8369041085243225,0.8541004657745361
mpra_real,150000,4,40,0.0922115680297215,1132.5449865409173,0.73617023229599,0.7342132329940796,0.7318817377090454,0.742415726184845,0.828863282998403,0.8294315338134766,0.819007396697998,0.8381509184837341,0.7807594339052836,0.7818648219108582,0.7779206037521362,0.7824928760528564,0.840313732624054,0.841384768486023,0.8372191786766052,0.8423372507095337,0.768272856871287,0.7782344818115234,0.7492548227310181,0.7773292660713196,0.7766438921292623,0.7766319513320923,0.7692502737045288,0.7840494513511658,0.7891013026237488,0.7905524373054504,0.7787925004959106,0.7979589700698853,0.6727939049402872,0.6794666051864624,0.66158527135849,0.6773298382759094,0.7241841157277426,0.7223513722419739,0.7216944098472595,0.7285065650939941,0.8301703929901123,0.8301261067390442,0.8204305768013,0.8399544954299927,0.7036630113919576,0.706494152545929,0.6985442042350769,0.7059506773948669,0.8159946997960409,0.8181650638580322,0.8056370615959167,0.8241819739341736,0.7368057171503702,0.7343158721923828,0.7329469323158264,0.7431543469429016,0.8296201626459757,0.830261766910553,0.8197603821754456,0.8388383388519287
mpra_real,200000,0,44,0.0847802570223808,1599.0253417957574,0.7805402477582296,0.7826592922210693,0.776787519454956,0.7821739315986633,0.8736539085706075,0.8775867819786072,0.863510012626648,0.8798649311065674,0.8197219967842102,0.8213822245597839,0.8161352276802063,0.8216485381126404,0.8847264250119528,0.8857482671737671,0.8811907172203064,0.8872402906417847,0.822851558526357,0.8384344577789307,0.8045455813407898,0.8255746364593506,0.8310939073562622,0.8378130793571472,0.8210301995277405,0.8344384431838989,0.8411327401796976,0.8478279113769531,0.8308166265487671,0.8447536826133728,0.7511505087216696,0.7677022218704224,0.7368367314338684,0.7489125728607178,0.7675638596216837,0.769589364528656,0.7652552723884583,0.767846941947937,0.8742294311523438,0.8779000043869019,0.8637391328811646,0.8810491561889648,0.7499364813168844,0.7563756704330444,0.744497537612915,0.7489362359046936,0.8641206423441569,0.8704318404197693,0.8519130945205688,0.8700169920921326,0.7809495131174723,0.7824629545211792,0.7774350643157959,0.7829505205154419,0.8740242520968119,0.878143310546875,0.8637742400169373,0.8801552057266235
mpra_real,200000,1,79,0.0820951776027679,6287.740697038127,0.8008688489596049,0.8039062023162842,0.7995898723602295,0.799110472202301,0.891576329867045,0.8950774073600769,0.8826954364776611,0.8969561457633972,0.8366637627283732,0.8403105139732361,0.8316018581390381,0.8380789160728455,0.9084465702374775,0.9102049469947816,0.902740478515625,0.9123942852020264,0.8461373845736185,0.8575178384780884,0.8311746716499329,0.8497196435928345,0.8554761012395223,0.8624902367591858,0.8454235792160034,0.8585144877433777,0.86150590578715,0.8643941879272461,0.851608395576477,0.868515133857727,0.7789693077405294,0.7881187200546265,0.7720651626586914,0.7767240405082703,0.7875478466351827,0.7908645868301392,0.7875799536705017,0.7841989994049072,0.8918118476867676,0.8947182297706604,0.8831012845039368,0.8976160287857056,0.768504798412323,0.7756845951080322,0.7650903463363647,0.764739453792572,0.8822542031606039,0.8872951865196228,0.8717687726020813,0.8876986503601074,0.8012422521909078,0.8036312460899353,0.8004099130630493,0.7996855974197388,0.8917676210403442,0.8952234387397766,0.8828742504119873,0.8972051739692688
mpra_real,200000,1,79,0.0820951776027679,6318.768877688097,0.8008688489596049,0.8039062023162842,0.7995898723602295,0.799110472202301,0.891576329867045,0.8950774073600769,0.8826954364776611,0.8969561457633972,0.8366637627283732,0.8403105139732361,0.8316018581390381,0.8380789160728455,0.9084465702374775,0.9102049469947816,0.902740478515625,0.9123942852020264,0.8461373845736185,0.8575178384780884,0.8311746716499329,0.8497196435928345,0.8554761012395223,0.8624902367591858,0.8454235792160034,0.8585144877433777,0.86150590578715,0.8643941879272461,0.851608395576477,0.868515133857727,0.7789693077405294,0.7881187200546265,0.7720651626586914,0.7767240405082703,0.7875478466351827,0.7908645868301392,0.7875799536705017,0.7841989994049072,0.8918118476867676,0.8947182297706604,0.8831012845039368,0.8976160287857056,0.768504798412323,0.7756845951080322,0.7650903463363647,0.764739453792572,0.8822542031606039,0.8872951865196228,0.8717687726020813,0.8876986503601074,0.8012422521909078,0.8036312460899353,0.8004099130630493,0.7996855974197388,0.8917676210403442,0.8952234387397766,0.8828742504119873,0.8972051739692688
mpra_real,200000,2,68,0.0828852767109871,2485.814707452897,0.7927976449330648,0.7962278127670288,0.7902216911315918,0.7919434309005737,0.8852507472038269,0.8895836472511292,0.8760626316070557,0.8901059627532959,0.8307463924090067,0.8355628252029419,0.8264204263687134,0.830255925655365,0.9026775161425272,0.9052661061286926,0.8958597183227539,0.9069067239761353,0.8390825986862183,0.8540957570075989,0.8226236701011658,0.8405283689498901,0.8487562735875448,0.8572105765342712,0.8395589590072632,0.8494992852210999,0.8540238936742147,0.8581855893135071,0.8448978662490845,0.8589882254600525,0.7677322824796041,0.7840849161148071,0.7557265758514404,0.7633853554725647,0.7798978885014852,0.7837003469467163,0.7789638638496399,0.7770294547080994,0.885225792725881,0.8893658518791199,0.8757374882698059,0.890574038028717,0.763065775235494,0.7708403468132019,0.7593173384666443,0.7590396404266357,0.8768954873085022,0.8826164603233337,0.8664717674255371,0.8815982341766357,0.7933059334754944,0.7961702346801758,0.7910601496696472,0.7926874160766602,0.8853617310523987,0.8898900747299194,0.8760608434677124,0.8901342749595642
mpra_real,200000,3,56,0.0841744189023971,2018.444042270072,0.7849241693814596,0.786819577217102,0.7829796671867371,0.7849732637405396,0.8793708880742391,0.8814943432807922,0.8706512451171875,0.8859670758247375,0.8287208477656046,0.8340335488319397,0.823214590549469,0.8289144039154053,0.8958766659100851,0.900822103023529,0.8892221450805664,0.8975857496261597,0.8363069097201029,0.8503833413124084,0.8195156455039978,0.8390217423439026,0.8421927690505981,0.8449736833572388,0.8346813917160034,0.8469232320785522,0.8505446712176005,0.8545358777046204,0.8407807350158691,0.856317400932312,0.7594554622968038,0.7721183896064758,0.7489142417907715,0.7573337554931641,0.771986722946167,0.774234414100647,0.7717469334602356,0.7699788212776184,0.8799080848693848,0.8818420171737671,0.871092677116394,0.8867895603179932,0.7568554083506266,0.762525737285614,0.7523967027664185,0.7556437849998474,0.8720555305480957,0.8762273192405701,0.8606172204017639,0.8793220520019531,0.7854025562604269,0.7866255640983582,0.783861517906189,0.7857205867767334,0.8796761830647787,0.881899356842041,0.870914876461029,0.8862143158912659
mpra_real,200000,4,44,0.0842442246437072,1605.9346114392392,0.7872569958368937,0.7921367287635803,0.7830264568328857,0.7866078019142151,0.8773330847422282,0.8822723031044006,0.8672778010368347,0.8824491500854492,0.8170751134554545,0.8218539357185364,0.8132660984992981,0.816105306148529,0.8808683156967163,0.8861886858940125,0.8764894604682922,0.8799268007278442,0.827559769153595,0.8434941172599792,0.8098690509796143,0.8293161392211914,0.8364159862200419,0.841582179069519,0.8300077319145203,0.8376580476760864,0.8464776476224264,0.8492160439491272,0.8376778364181519,0.8525390625,0.7532284259796143,0.7671734690666199,0.7415992617607117,0.7509125471115112,0.7742920517921448,0.7801255583763123,0.7713603973388672,0.7713901996612549,0.8780177632967631,0.8830070495605469,0.8676778674125671,0.8833683729171753,0.753987987836202,0.7626789808273315,0.7480789422988892,0.7512060403823853,0.8673316438992819,0.873752772808075,0.8551892638206482,0.8730528950691223,0.7878920634587606,0.7924283146858215,0.7840244174003601,0.7872234582901001,0.8778459032376608,0.882975161075592,0.8677096962928772,0.8828528523445129
mpra_real,300000,0,72,0.0776314529935518,3856.7402458018623,0.8167455395062765,0.8221485018730164,0.8143322467803955,0.8137558698654175,0.9101059834162394,0.9143781661987304,0.9016185998916626,0.9143211841583252,0.8551076451937357,0.8591844439506531,0.8506410121917725,0.8554974794387817,0.9274843335151672,0.9307719469070436,0.9212703704833984,0.9304106831550598,0.8706882993380228,0.8827741146087646,0.8558502197265625,0.8734405636787415,0.8811842203140259,0.8876813650131226,0.8744496703147888,0.8814216256141663,0.8844687740008036,0.8871244788169861,0.8743066191673279,0.8919752240180969,0.8181098500887553,0.8299202919006348,0.8085103631019592,0.8158988952636719,0.8033607999483744,0.8093358874320984,0.8022066354751587,0.7985398769378662,0.9106104572614034,0.9146586060523988,0.9019078612327576,0.915264904499054,0.7878248691558838,0.7958478331565857,0.7839854955673218,0.7836412787437439,0.9040079514185588,0.9090723395347596,0.8937839269638062,0.9091675877571106,0.8171531955401102,0.8218562006950378,0.8151417374610901,0.8144616484642029,0.9103625416755676,0.9147032499313354,0.9017972946166992,0.9145870804786682
mpra_real,300000,1,103,0.0777607838352521,18215.891729101077,0.8229199846585592,0.8254221081733704,0.8225094079971313,0.8208284378051758,0.915687620639801,0.917123556137085,0.9091166257858276,0.9208226799964904,0.8579104940096537,0.863966166973114,0.8536208271980286,0.8561444878578186,0.9306165973345438,0.9344406723976136,0.9250495433807372,0.9323595762252808,0.8799083828926086,0.88974529504776,0.8667920231819153,0.8831878304481506,0.8844214479128519,0.8872950673103333,0.8766679167747498,0.8893013596534729,0.885622501373291,0.8877859711647034,0.8753239512443542,0.8937575817108154,0.8303939898808798,0.8393915891647339,0.8229420185089111,0.8288483619689941,0.808634618918101,0.8116692900657654,0.8097752928733826,0.804459273815155,0.9156142671902976,0.9168604016304016,0.9088016152381896,0.921180784702301,0.7919319868087769,0.7991387248039246,0.7899470925331116,0.7867101430892944,0.9086967706680298,0.9115871787071228,0.9003161191940308,0.9141870141029358,0.8231715162595113,0.8251118659973145,0.8230919241905212,0.8213107585906982,0.9158557256062826,0.9174262881278992,0.9091229438781738,0.9210179448127748
mpra_real,300000,1,103,0.0777607838352521,18317.14820034895,0.8229199846585592,0.8254221081733704,0.8225094079971313,0.8208284378051758,0.915687620639801,0.917123556137085,0.9091166257858276,0.9208226799964904,0.8579104940096537,0.863966166973114,0.8536208271980286,0.8561444878578186,0.9306165973345438,0.9344406723976136,0.9250495433807372,0.9323595762252808,0.8799083828926086,0.88974529504776,0.8667920231819153,0.8831878304481506,0.8844214479128519,0.8872950673103333,0.8766679167747498,0.8893013596534729,0.885622501373291,0.8877859711647034,0.8753239512443542,0.8937575817108154,0.8303939898808798,0.8393915891647339,0.8229420185089111,0.8288483619689941,0.808634618918101,0.8116692900657654,0.8097752928733826,0.804459273815155,0.9156142671902976,0.9168604016304016,0.9088016152381896,0.921180784702301,0.7919319868087769,0.7991387248039246,0.7899470925331116,0.7867101430892944,0.9086967706680298,0.9115871787071228,0.9003161191940308,0.9141870141029358,0.8231715162595113,0.8251118659973145,0.8230919241905212,0.8213107585906982,0.9158557256062826,0.9174262881278992,0.9091229438781738,0.9210179448127748
mpra_real,300000,1,103,0.0777607838352521,18174.42123899376,0.8229199846585592,0.8254221081733704,0.8225094079971313,0.8208284378051758,0.915687620639801,0.917123556137085,0.9091166257858276,0.9208226799964904,0.8579104940096537,0.863966166973114,0.8536208271980286,0.8561444878578186,0.9306165973345438,0.9344406723976136,0.9250495433807372,0.9323595762252808,0.8799083828926086,0.88974529504776,0.8667920231819153,0.8831878304481506,0.8844214479128519,0.8872950673103333,0.8766679167747498,0.8893013596534729,0.885622501373291,0.8877859711647034,0.8753239512443542,0.8937575817108154,0.8303939898808798,0.8393915891647339,0.8229420185089111,0.8288483619689941,0.808634618918101,0.8116692900657654,0.8097752928733826,0.804459273815155,0.9156142671902976,0.9168604016304016,0.9088016152381896,0.921180784702301,0.7919319868087769,0.7991387248039246,0.7899470925331116,0.7867101430892944,0.9086967706680298,0.9115871787071228,0.9003161191940308,0.9141870141029358,0.8231715162595113,0.8251118659973145,0.8230919241905212,0.8213107585906982,0.9158557256062826,0.9174262881278992,0.9091229438781738,0.9210179448127748
mpra_real,300000,2,79,0.0789790073633193,4281.555811355356,0.8191237449645996,0.8222264051437378,0.8153498768806458,0.8197949528694153,0.9108684659004213,0.9145683646202089,0.9012976288795472,0.9167394042015076,0.8520079851150513,0.855018138885498,0.84732586145401,0.8536799550056458,0.9216394623120626,0.9245553016662598,0.9162794947624208,0.9240835905075072,0.8713072339693705,0.8830283284187317,0.8558357357978821,0.8750576376914978,0.8795012633005778,0.8842175602912903,0.8724719882011414,0.8818142414093018,0.8819413185119629,0.8875675797462463,0.8713406324386597,0.8869157433509827,0.8223186135292053,0.8347131013870239,0.8128347396850586,0.8194079995155334,0.8053770263989767,0.8091694712638855,0.8030841946601868,0.8038774132728577,0.9111924767494202,0.914726734161377,0.901479423046112,0.9173712730407716,0.7892204523086548,0.7953883409500122,0.7853394150733948,0.7869336009025574,0.9043849507967632,0.9082664251327516,0.8938020467758179,0.91108638048172,0.8194109996159872,0.8216227889060974,0.8162863254547119,0.8203238844871521,0.9108617504437764,0.9145427942276,0.9012501239776612,0.916792333126068
mpra_real,300000,3,87,0.077403114704291,4623.570223289076,0.8198362588882446,0.8214843273162842,0.818394660949707,0.8196297883987427,0.9124561349550884,0.9151707291603088,0.9049443006515504,0.9172533750534058,0.8578705986340841,0.8626429438591003,0.8538079261779785,0.8571609258651733,0.926704982916514,0.929257333278656,0.9213014245033264,0.9295561909675598,0.8741792440414429,0.884151041507721,0.8621851801872253,0.8762015104293823,0.880242387453715,0.8823115229606628,0.8754101395606995,0.8830054998397827,0.8858736157417297,0.889915943145752,0.8758499026298523,0.891855001449585,0.8288027048110962,0.8355373740196228,0.8212206959724426,0.8296500444412231,0.8060107429822286,0.8083620071411133,0.8058875799179077,0.8037826418876648,0.9126636783281962,0.9152519702911376,0.9050764441490172,0.9176626205444336,0.7886210680007935,0.7935011386871338,0.7862567901611328,0.7861052751541138,0.9055521488189696,0.908960223197937,0.8965152502059937,0.9111809730529784,0.8201997478802999,0.8212829828262329,0.8191572427749634,0.8201590180397034,0.9123844703038534,0.9152673482894896,0.904807984828949,0.9170780777931212
mpra_real,300000,4,87,0.078512817354997,4684.521728456952,0.8214685916900635,0.8236668109893799,0.8213211894035339,0.8194177746772766,0.9123243888219198,0.915028154850006,0.905553102493286,0.916391909122467,0.8559435606002808,0.8622222542762756,0.8510362505912781,0.8545721769332886,0.9271573821703591,0.9316678643226624,0.92133367061615,0.9284706115722656,0.8768538435300192,0.8883914947509766,0.8641709089279175,0.8779991269111633,0.8839143713315328,0.8895664215087891,0.8765319585800171,0.8856447339057922,0.8837991158167521,0.8880411386489868,0.8754100203514099,0.8879461884498596,0.8248980244000753,0.8353703022003174,0.8157320618629456,0.8235917091369629,0.8075374166170756,0.810436487197876,0.8088281750679016,0.8033475875854492,0.9125086863835652,0.915103554725647,0.9054896235466005,0.9169328808784484,0.7910198370615641,0.7972834706306458,0.789702296257019,0.7860737442970276,0.9059360225995382,0.9102602601051332,0.8969697952270508,0.9105780124664308,0.8216471274693807,0.8232206106185913,0.8218162059783936,0.8199045658111572,0.9121603965759276,0.914983332157135,0.9052314162254332,0.9162664413452148
sei_class,10000,0,24,0.0800897783637046,87.68900801381096,0.4443952441215515,0.4187274575233459,0.4631472527980804,0.4513110220432281,0.5016282101472219,0.467730313539505,0.5259329676628113,0.5112213492393494,0.499856283267339,0.4824905693531036,0.5164377689361572,0.5006405115127563,0.530447761217753,0.5106005072593689,0.5522207021713257,0.5285220742225647,0.4218641718228658,0.4009742438793182,0.4360958635807037,0.4285224080085754,0.4073519508043925,0.3741388916969299,0.4321407973766327,0.4157761633396148,0.423313707113266,0.3836363852024078,0.4407221674919128,0.4455825686454773,0.2662730415662129,0.23982834815979,0.260630190372467,0.2983605861663818,0.4388647079467773,0.4124280512332916,0.4579266011714935,0.4462394714355469,0.5035877227783203,0.4685729742050171,0.5282407999038696,0.5139493942260742,0.4144654870033264,0.3884047567844391,0.4331043660640716,0.4218873381614685,0.4793252646923065,0.4447455406188965,0.5034030675888062,0.4898271858692169,0.4448350071907043,0.4190580248832702,0.463608056306839,0.4518389403820038,0.5015459060668945,0.467802345752716,0.5258074402809143,0.5110279321670532
sei_class,10000,1,38,0.0901566146612167,244.7102261360269,0.4405211309591929,0.3965996205806732,0.4501681327819824,0.4747956395149231,0.4955956538518269,0.4415794014930725,0.510452389717102,0.5347551703453064,0.4847241242726643,0.4462351202964782,0.5000064969062805,0.5079307556152344,0.514083981513977,0.470717191696167,0.5328649282455444,0.5386698246002197,0.4301703969637553,0.3963055610656738,0.4338380992412567,0.4603675305843353,0.4454150895277659,0.4072786569595337,0.4515868723392486,0.4773797392845154,0.4333570698897044,0.3791967928409576,0.4438797235488891,0.4769946932792663,0.2569167514642079,0.2364034801721573,0.2350471168756485,0.2992996573448181,0.4354548454284668,0.3918002247810364,0.4463545680046081,0.4682097434997558,0.4982514679431915,0.4425750076770782,0.5140339136123657,0.5381454825401306,0.4134518802165985,0.3742241859436035,0.4222023785114288,0.4439290761947632,0.4791519741217295,0.4248916804790497,0.4927372336387634,0.5198270082473755,0.4409655133883158,0.3965363502502441,0.45070880651474,0.4756513833999634,0.4955286780993144,0.4409540295600891,0.5104746222496033,0.5351573824882507
sei_class,10000,1,38,0.0901566146612167,243.92238178290427,0.4405211309591929,0.3965996205806732,0.4501681327819824,0.4747956395149231,0.4955956538518269,0.4415794014930725,0.510452389717102,0.5347551703453064,0.4847241242726643,0.4462351202964782,0.5000064969062805,0.5079307556152344,0.514083981513977,0.470717191696167,0.5328649282455444,0.5386698246002197,0.4301703969637553,0.3963055610656738,0.4338380992412567,0.4603675305843353,0.4454150895277659,0.4072786569595337,0.4515868723392486,0.4773797392845154,0.4333570698897044,0.3791967928409576,0.4438797235488891,0.4769946932792663,0.2569167514642079,0.2364034801721573,0.2350471168756485,0.2992996573448181,0.4354548454284668,0.3918002247810364,0.4463545680046081,0.4682097434997558,0.4982514679431915,0.4425750076770782,0.5140339136123657,0.5381454825401306,0.4134518802165985,0.3742241859436035,0.4222023785114288,0.4439290761947632,0.4791519741217295,0.4248916804790497,0.4927372336387634,0.5198270082473755,0.4409655133883158,0.3965363502502441,0.45070880651474,0.4756513833999634,0.4955286780993144,0.4409540295600891,0.5104746222496033,0.5351573824882507
sei_class,10000,2,23,0.078602274954319,88.51826837193221,0.4446060458819071,0.4024695158004761,0.4586561918258667,0.4726924300193786,0.5038341283798218,0.4519773721694946,0.5228555798530579,0.5366694331169128,0.4944324294726054,0.4654482007026672,0.5090226531028748,0.5088264346122742,0.5233107109864553,0.4903179705142975,0.5427647233009338,0.5368494391441345,0.4237210551897685,0.3861953914165497,0.4400332570075989,0.4449345171451568,0.4104011158148448,0.3485591113567352,0.4380099773406982,0.4446342587471008,0.4243395825227101,0.3648513555526733,0.4388005137443542,0.4693668782711029,0.2483788082997004,0.223478689789772,0.2394088804721832,0.282248854637146,0.4375927249590556,0.3957473039627075,0.4534091055393219,0.4636217653751373,0.505413273970286,0.4526953101158142,0.5254219770431519,0.5381225347518921,0.4088445802529653,0.3665399551391601,0.4259085655212402,0.4340852200984955,0.4754319985707601,0.4207753241062164,0.4967907965183258,0.508729875087738,0.4451845586299896,0.4027121961116791,0.4591862559318542,0.4736552238464355,0.5039961934089661,0.4521880745887756,0.5228105187416077,0.5369899868965149
sei_class,10000,3,33,0.0854215557575225,104.18154624011368,0.463182787100474,0.4285110831260681,0.4867343306541443,0.4743029475212097,0.5201883912086487,0.4791262149810791,0.5496028065681458,0.5318361520767212,0.5113912522792816,0.4780237972736358,0.5313633680343628,0.5247865915298462,0.5404930313428243,0.50593501329422,0.5660685896873474,0.5494754910469055,0.4352542857329051,0.4140508472919464,0.456618070602417,0.4350939393043518,0.4293566246827443,0.3999890685081482,0.4600546956062317,0.4280261099338531,0.4315410852432251,0.3922190368175506,0.4546982049942016,0.447706013917923,0.2735752463340759,0.2547327876091003,0.2686564326286316,0.2973365187644958,0.4559248487154643,0.4219110906124115,0.4799354672431946,0.4659279882907867,0.5226857662200928,0.4811137914657593,0.5520848035812378,0.5348587036132812,0.4274680117766062,0.3951347470283508,0.4528084099292755,0.4344608783721924,0.4952955245971679,0.4550725221633911,0.5245569944381714,0.5062570571899414,0.4635686576366424,0.4282310307025909,0.4871478080749511,0.4753271341323852,0.520205001036326,0.4789575934410095,0.5494409203529358,0.532216489315033
sei_class,10000,4,26,0.0881406068801879,301.1659924183041,0.4263050655523936,0.412687212228775,0.4264794588088989,0.4397485256195068,0.472199151913325,0.455669492483139,0.4720793962478637,0.4888485670089721,0.4856673777103424,0.4762609302997589,0.4918454885482788,0.4888957142829895,0.5130415360132853,0.5050352811813354,0.5194523930549622,0.5146369338035583,0.3846834103266398,0.3755734860897064,0.3695264756679535,0.4089502692222595,0.3477084934711456,0.3050831854343414,0.3395370244979858,0.3985052704811096,0.3805937667687734,0.3407312333583832,0.3705129623413086,0.4305371046066284,0.2689161052306493,0.2393819242715835,0.2603134512901306,0.3070529401302337,0.4200297097365061,0.403745025396347,0.4204574823379516,0.4358866214752197,0.4744727114836375,0.4553574025630951,0.4747392535209656,0.4933214783668518,0.3905373116334279,0.370935708284378,0.3912140130996704,0.4094622135162353,0.4459133644898732,0.4222499132156372,0.4453004002571106,0.4701897799968719,0.4266401131947835,0.413253903388977,0.4267193973064422,0.4399470388889313,0.4721642136573791,0.4559678733348846,0.4718992412090301,0.4886255264282226
sei_class,25000,0,61,0.0686699181556701,318.0186300650239,0.5370822350184122,0.5054673552513123,0.5393531918525696,0.566426157951355,0.6069507598876953,0.5721079111099243,0.6081663966178894,0.6405779719352722,0.5848914980888367,0.5710287690162659,0.5840972065925598,0.5995485186576843,0.6244436899820963,0.6085915565490723,0.6263914704322815,0.6383480429649353,0.5298963785171509,0.5078938007354736,0.5279924869537354,0.5538028478622437,0.5661090811093649,0.535999596118927,0.5695303082466125,0.5927973389625549,0.5822270313898722,0.5573146343231201,0.578548014163971,0.6108184456825256,0.3634365300337474,0.3342251479625702,0.3588707745075226,0.3972136676311493,0.5294334689776102,0.4976642727851867,0.5326458811759949,0.5579902529716492,0.6090027491251627,0.5734431147575378,0.6104830503463745,0.6430820822715759,0.513819028933843,0.4839087426662445,0.5172821879386902,0.5402661561965942,0.5952181816101074,0.5598015785217285,0.5967581272125244,0.6290948390960693,0.5376866857210795,0.5054389238357544,0.540052056312561,0.5675690770149231,0.6076812148094177,0.5730289220809937,0.6087290644645691,0.6412856578826904
sei_class,25000,1,31,0.0765635814785957,405.4398627551273,0.4807879030704498,0.4390479624271393,0.4848107099533081,0.5185050368309021,0.5435521006584167,0.4941155314445495,0.549006462097168,0.5875343084335327,0.5272238949934641,0.4972313940525055,0.531015157699585,0.553425133228302,0.5599406758944193,0.525969386100769,0.5660516619682312,0.5878009796142578,0.481626699368159,0.4474149346351623,0.4782268106937408,0.5192383527755737,0.4902184009552002,0.4429684579372406,0.4926193654537201,0.5350673794746399,0.5013745824495951,0.4515738487243652,0.4982632398605346,0.5542866587638855,0.3371191223462422,0.3173603415489197,0.3275791108608246,0.3664179146289825,0.4765828351179759,0.4348566234111786,0.4819716215133667,0.5129202604293823,0.5473933021227518,0.4971157908439636,0.5533204078674316,0.5917437076568604,0.4515313804149627,0.4108473658561706,0.4561723172664642,0.4875744581222534,0.523880124092102,0.4717182517051697,0.5291569828987122,0.5707651376724243,0.4812863568464915,0.439159095287323,0.4853076040744781,0.5193923711776733,0.543893982966741,0.4944715797901153,0.5490777492523193,0.5881326198577881
sei_class,25000,1,31,0.0765635814785957,404.7167847100645,0.4807879030704498,0.4390479624271393,0.4848107099533081,0.5185050368309021,0.5435521006584167,0.4941155314445495,0.549006462097168,0.5875343084335327,0.5272238949934641,0.4972313940525055,0.531015157699585,0.553425133228302,0.5599406758944193,0.525969386100769,0.5660516619682312,0.5878009796142578,0.481626699368159,0.4474149346351623,0.4782268106937408,0.5192383527755737,0.4902184009552002,0.4429684579372406,0.4926193654537201,0.5350673794746399,0.5013745824495951,0.4515738487243652,0.4982632398605346,0.5542866587638855,0.3371191223462422,0.3173603415489197,0.3275791108608246,0.3664179146289825,0.4765828351179759,0.4348566234111786,0.4819716215133667,0.5129202604293823,0.5473933021227518,0.4971157908439636,0.5533204078674316,0.5917437076568604,0.4515313804149627,0.4108473658561706,0.4561723172664642,0.4875744581222534,0.523880124092102,0.4717182517051697,0.5291569828987122,0.5707651376724243,0.4812863568464915,0.439159095287323,0.4853076040744781,0.5193923711776733,0.543893982966741,0.4944715797901153,0.5490777492523193,0.5881326198577881
sei_class,25000,2,100,0.0685675290822982,499.4334191652015,0.5343606273333231,0.5131943225860596,0.5311141014099121,0.5587734580039978,0.6037760575612386,0.5774375200271606,0.6020546555519104,0.6318359971046448,0.5854900280634562,0.5720880627632141,0.581227719783783,0.6031543016433716,0.6295520663261414,0.6112585067749023,0.6307815313339233,0.6466161608695984,0.5313241879145304,0.5136865377426147,0.5251326560974121,0.5551533699035645,0.5663329561551412,0.5443412065505981,0.5682181119918823,0.5864395499229431,0.5648118654886881,0.5380942225456238,0.5650497078895569,0.5912916660308838,0.3609647750854492,0.3559303879737854,0.3464195132255554,0.3805444240570068,0.526183029015859,0.5044584274291992,0.5235098600387573,0.5505807995796204,0.6053655544916788,0.5779897570610046,0.6036839485168457,0.6344229578971863,0.506912519534429,0.4840105473995209,0.5067804455757141,0.5299465656280518,0.5904165108998617,0.5610918402671814,0.5899079442024231,0.6202497482299805,0.53470512231191,0.513147234916687,0.5315119028091431,0.5594562292098999,0.6043145855267843,0.5781798362731934,0.6024049520492554,0.632358968257904
sei_class,25000,3,65,0.071431074810028,335.6881288830191,0.5216943124930064,0.4826994836330414,0.5265557765960693,0.5558276772499084,0.5855056047439575,0.5402109026908875,0.5921233892440796,0.6241825222969055,0.5550336440404257,0.5218781232833862,0.5635621547698975,0.5796606540679932,0.593122641245524,0.5540444254875183,0.6046612858772278,0.6206622123718262,0.5171407759189606,0.4961905181407928,0.5127682685852051,0.5424635410308838,0.5535903573036194,0.520420253276825,0.5573139190673828,0.5830368995666504,0.5570302804311117,0.5130704045295715,0.5608360171318054,0.597184419631958,0.3411509096622467,0.3204455971717834,0.3287732899188995,0.3742338418960571,0.515445868174235,0.4768746495246887,0.5206901431083679,0.5487728118896484,0.5882875919342041,0.5429425239562988,0.5944584012031555,0.627461850643158,0.4993739128112793,0.4658210873603821,0.5031168460845947,0.5291838049888611,0.5775677363077799,0.5373086929321289,0.5806977152824402,0.6146968007087708,0.5222264031569163,0.4830915629863739,0.5269521474838257,0.5566354990005493,0.5857507785161337,0.540783703327179,0.592041552066803,0.624427080154419
sei_class,25000,4,53,0.0724833650588989,284.9871691772714,0.506846676270167,0.4771364033222198,0.5211848020553589,0.5222188234329224,0.5695481499036154,0.5378967523574829,0.5866481065750122,0.5840995907783508,0.5455952088038126,0.5287188291549683,0.5545993447303772,0.5534674525260925,0.5822789072990417,0.5610108375549316,0.5954989194869995,0.5903269648551941,0.5068705081939697,0.4932066798210144,0.5170396566390991,0.5103651881217957,0.5423520008722941,0.5140062570571899,0.5590309500694275,0.5540187954902649,0.5533282160758972,0.5194315314292908,0.5629354119300842,0.5776177048683167,0.3350568910439809,0.3119530975818634,0.3309949934482574,0.3622225821018219,0.4996690154075622,0.4699309468269348,0.5142844915390015,0.5147916078567505,0.5713930726051331,0.538643479347229,0.5886858701705933,0.5868498682975769,0.4809966683387756,0.4531731605529785,0.4962317645549774,0.4935850799083709,0.5579585035641988,0.5257455706596375,0.5750475525856018,0.5730823874473572,0.5071013768513998,0.4766080379486084,0.521911084651947,0.5227850079536438,0.5695359309514364,0.5376083254814148,0.5868933200836182,0.5841061472892761
sei_class,50000,0,106,0.0552353729486465,3299.3112578606238,0.6737377246220907,0.672531008720398,0.6682528257369995,0.6804293394088745,0.7593149542808533,0.7590622901916504,0.752086877822876,0.7667956948280334,0.7158236900965372,0.711235761642456,0.7153140306472778,0.7209212779998779,0.7732460697491964,0.7700546383857727,0.7738502621650696,0.7758333086967468,0.7080245018005371,0.7202022075653076,0.6926770806312561,0.7111942172050476,0.7410464882850647,0.7482768297195435,0.7316921353340149,0.7431704998016357,0.7462582190831503,0.7517470717430115,0.7371460795402527,0.7498815059661865,0.5668981075286865,0.5845319032669067,0.5459243059158325,0.5702381134033203,0.6626221140225729,0.6617471575737,0.6585864424705505,0.667532742023468,0.7599827647209167,0.759414553642273,0.7527064681053162,0.7678272724151611,0.6463817159334818,0.6500646471977234,0.6396631002426147,0.6494174003601074,0.7516473929087321,0.753181517124176,0.7415153980255127,0.7602452635765076,0.6740073760350546,0.672171413898468,0.6688159704208374,0.6810347437858582,0.7597736318906149,0.7596591711044312,0.752438485622406,0.7672232389450073
sei_class,50000,1,56,0.0584493343114852,1816.131792881992,0.6391756931940714,0.6300672292709351,0.636728823184967,0.6507310271263123,0.7206905881563822,0.7144964933395386,0.7159251570701599,0.7316501140594482,0.6752767761548361,0.673956573009491,0.6762941479682922,0.6755796074867249,0.7220592300097147,0.7205915451049805,0.7263989448547363,0.7191872000694275,0.6673293709754944,0.6699877977371216,0.6558634638786316,0.67613685131073,0.7123939990997314,0.7104396224021912,0.7085888981819153,0.7181534767150879,0.7141133348147074,0.7094937562942505,0.7049023509025574,0.7279438972473145,0.5089723765850067,0.5221457481384277,0.4898495972156524,0.5149217844009399,0.628882626692454,0.6194286346435547,0.627825140953064,0.6393941044807434,0.7218648195266724,0.7148904204368591,0.7172460556030273,0.7334579825401306,0.6107942263285319,0.6027251482009888,0.6089649200439453,0.6206926107406616,0.7081785202026367,0.7008967995643616,0.7030053734779358,0.7206333875656128,0.639755368232727,0.6297640204429626,0.6375483274459839,0.6519537568092346,0.7214098970095316,0.7152737379074097,0.7165274024009705,0.7324285507202148
sei_class,50000,2,57,0.0626148702859878,569.1324457409792,0.6210505167643229,0.6016994714736938,0.6225060224533081,0.6389460563659668,0.7002774675687155,0.680699348449707,0.7012196183204651,0.7189134359359741,0.6571705937385559,0.648106575012207,0.6601719856262207,0.66323322057724,0.7066370447476705,0.6981711387634277,0.7122898101806641,0.7094501852989197,0.6465423901875814,0.6464657783508301,0.6355351209640503,0.6576262712478638,0.6789232095082601,0.6651158928871155,0.6786786317825317,0.6929751038551331,0.6908064881960551,0.6693933606147766,0.6895844340324402,0.7134416699409485,0.4798463185628255,0.4810188710689544,0.4613516926765442,0.4971683919429779,0.6122815807660421,0.5928581357002258,0.6146788001060486,0.6293078064918518,0.702470084031423,0.6819795966148376,0.7035926580429077,0.7218379974365234,0.5947727560997009,0.5780487060546875,0.5952644348144531,0.6110051274299622,0.6918855309486389,0.6730770468711853,0.6911239624023438,0.7114555835723877,0.6214914917945862,0.601314127445221,0.6233863830566406,0.639773964881897,0.7009786168734232,0.6813942193984985,0.7019808292388916,0.7195608019828796
sei_class,50000,3,109,0.0502413398623466,1018.8747406643816,0.7184258302052816,0.7227573394775391,0.7138904333114624,0.7186297178268433,0.8129469752311707,0.8178339004516602,0.8056831955909729,0.8153238296508789,0.7485946218172709,0.7494576573371887,0.7459812164306641,0.75034499168396,0.8122995297114054,0.8150804042816162,0.8115456104278564,0.8102725744247437,0.7791962424914042,0.798416256904602,0.7586765885353088,0.7804958820343018,0.8020429611206055,0.8133440613746643,0.7913306951522827,0.8014541268348694,0.80154949426651,0.8113032579421997,0.7898680567741394,0.8034771680831909,0.6635047793388367,0.6873103380203247,0.6420173645019531,0.6611866354942322,0.7062795360883077,0.7104430794715881,0.7029346227645874,0.7054609060287476,0.8136556148529053,0.8181173801422119,0.8064754009246826,0.8163740634918213,0.6929645538330078,0.7001093626022339,0.6869708299636841,0.6918134689331055,0.8077886700630188,0.8138998746871948,0.7977631092071533,0.8117030262947083,0.7184662421544393,0.7222955226898193,0.7143064141273499,0.7187967896461487,0.8133037288983663,0.818324625492096,0.8060202598571777,0.8155663013458252
sei_class,50000,3,109,0.0502413398623466,3321.0082321311347,0.7184258302052816,0.7227573394775391,0.7138904333114624,0.7186297178268433,0.8129469752311707,0.8178339004516602,0.8056831955909729,0.8153238296508789,0.7485946218172709,0.7494576573371887,0.7459812164306641,0.75034499168396,0.8122995297114054,0.8150804042816162,0.8115456104278564,0.8102725744247437,0.7791962424914042,0.798416256904602,0.7586765885353088,0.7804958820343018,0.8020429611206055,0.8133440613746643,0.7913306951522827,0.8014541268348694,0.80154949426651,0.8113032579421997,0.7898680567741394,0.8034771680831909,0.6635047793388367,0.6873103380203247,0.6420173645019531,0.6611866354942322,0.7062795360883077,0.7104430794715881,0.7029346227645874,0.7054609060287476,0.8136556148529053,0.8181173801422119,0.8064754009246826,0.8163740634918213,0.6929645538330078,0.7001093626022339,0.6869708299636841,0.6918134689331055,0.8077886700630188,0.8138998746871948,0.7977631092071533,0.8117030262947083,0.7184662421544393,0.7222955226898193,0.7143064141273499,0.7187967896461487,0.8133037288983663,0.818324625492096,0.8060202598571777,0.8155663013458252
sei_class,50000,4,57,0.0583533235788345,1844.9603262539024,0.6441507538159689,0.6352249979972839,0.6470316052436829,0.6501956582069397,0.726255456606547,0.7193816304206848,0.725890576839447,0.7334941625595093,0.6837382713953654,0.6818011999130249,0.6839213371276855,0.6854922771453857,0.7378588517506918,0.7373005151748657,0.7395421266555786,0.7367339134216309,0.6803196668624878,0.6856046319007874,0.6670519113540649,0.6883024573326111,0.7172500491142273,0.721234142780304,0.7113609313964844,0.7191550731658936,0.7244282762209574,0.719409167766571,0.7198655009269714,0.7340101599693298,0.5356292128562927,0.5462332963943481,0.5184228420257568,0.5422315001487732,0.6347127755482992,0.6254427433013916,0.6385014057159424,0.6401941776275635,0.728082557519277,0.7205589413642883,0.7279125452041626,0.7357761859893799,0.6214887499809265,0.6151525378227234,0.6223639845848083,0.6269497275352478,0.7212820053100586,0.7159097790718079,0.7185450196266174,0.7293912172317505,0.6445256868998209,0.6346907019615173,0.6480057239532471,0.6508806347846985,0.7268132368723551,0.7197315096855164,0.7266636490821838,0.7340445518493652
sei_class,50000,4,57,0.0583533235788345,1839.8313455278983,0.6441507538159689,0.6352249979972839,0.6470316052436829,0.6501956582069397,0.726255456606547,0.7193816304206848,0.725890576839447,0.7334941625595093,0.6837382713953654,0.6818011999130249,0.6839213371276855,0.6854922771453857,0.7378588517506918,0.7373005151748657,0.7395421266555786,0.7367339134216309,0.6803196668624878,0.6856046319007874,0.6670519113540649,0.6883024573326111,0.7172500491142273,0.721234142780304,0.7113609313964844,0.7191550731658936,0.7244282762209574,0.719409167766571,0.7198655009269714,0.7340101599693298,0.5356292128562927,0.5462332963943481,0.5184228420257568,0.5422315001487732,0.6347127755482992,0.6254427433013916,0.6385014057159424,0.6401941776275635,0.728082557519277,0.7205589413642883,0.7279125452041626,0.7357761859893799,0.6214887499809265,0.6151525378227234,0.6223639845848083,0.6269497275352478,0.7212820053100586,0.7159097790718079,0.7185450196266174,0.7293912172317505,0.6445256868998209,0.6346907019615173,0.6480057239532471,0.6508806347846985,0.7268132368723551,0.7197315096855164,0.7266636490821838,0.7340445518493652
sei_class,100000,0,32,0.0476335044801235,625.7205536062829,0.7223415772120158,0.7200718522071838,0.7237839698791504,0.7231689095497131,0.8154833118120829,0.816082239151001,0.81247478723526,0.8178929090499878,0.7518025239308676,0.7524514198303223,0.7526597380638123,0.750296413898468,0.8128302097320557,0.8142809867858887,0.8154152035713196,0.8087944388389587,0.7786348263422648,0.7919468879699707,0.7616050839424133,0.7823525071144104,0.7990607619285583,0.8056387901306152,0.7920040488243103,0.7995394468307495,0.8095560669898987,0.8163108825683594,0.7994853258132935,0.8128719925880432,0.6646171609560648,0.6824703216552734,0.649560272693634,0.6618208885192871,0.7109036445617676,0.7088104486465454,0.7136002779006958,0.7103002071380615,0.8162163098653158,0.8161759376525879,0.8133785724639893,0.8190944194793701,0.6978048880894979,0.700271487236023,0.6950950622558594,0.6980481147766113,0.8105299870173136,0.8128951787948608,0.803998589515686,0.814696192741394,0.7225675384203593,0.7195044755935669,0.7245166301727295,0.7236815094947815,0.8158263166745504,0.8161860108375549,0.8129371404647827,0.8183557987213135
sei_class,100000,1,55,0.0445244483411312,2289.166409857105,0.757456640402476,0.7575194835662842,0.7582364678382874,0.7566139698028564,0.8536065618197123,0.8552893400192261,0.8502365350723267,0.8552938103675842,0.7795239488283793,0.776782751083374,0.7822811603546143,0.7795079350471497,0.846190889676412,0.8448556661605835,0.8500977754592896,0.8436192274093628,0.8153221408526102,0.8301200866699219,0.7974400520324707,0.8184062838554382,0.8339410424232483,0.8370193839073181,0.8298837542533875,0.8349199891090393,0.8335665663083395,0.8358691930770874,0.8261673450469971,0.8386631608009338,0.7215736508369446,0.7386201024055481,0.7063431143760681,0.7197577357292175,0.7445964217185974,0.7451613545417786,0.7462202310562134,0.7424076795578003,0.8541413346926371,0.8554720878601074,0.8507645726203918,0.8561873435974121,0.7274666229883829,0.7323249578475952,0.7251119613647461,0.7249629497528076,0.8454297383626302,0.8479949831962585,0.8394567966461182,0.8488374352455139,0.7575930953025818,0.7569676041603088,0.7588350176811218,0.7569766640663147,0.8539317647616068,0.8557952642440796,0.8505315780639648,0.8554684519767761
sei_class,100000,1,55,0.0445244483411312,2281.948013815097,0.757456640402476,0.7575194835662842,0.7582364678382874,0.7566139698028564,0.8536065618197123,0.8552893400192261,0.8502365350723267,0.8552938103675842,0.7795239488283793,0.776782751083374,0.7822811603546143,0.7795079350471497,0.846190889676412,0.8448556661605835,0.8500977754592896,0.8436192274093628,0.8153221408526102,0.8301200866699219,0.7974400520324707,0.8184062838554382,0.8339410424232483,0.8370193839073181,0.8298837542533875,0.8349199891090393,0.8335665663083395,0.8358691930770874,0.8261673450469971,0.8386631608009338,0.7215736508369446,0.7386201024055481,0.7063431143760681,0.7197577357292175,0.7445964217185974,0.7451613545417786,0.7462202310562134,0.7424076795578003,0.8541413346926371,0.8554720878601074,0.8507645726203918,0.8561873435974121,0.7274666229883829,0.7323249578475952,0.7251119613647461,0.7249629497528076,0.8454297383626302,0.8479949831962585,0.8394567966461182,0.8488374352455139,0.7575930953025818,0.7569676041603088,0.7588350176811218,0.7569766640663147,0.8539317647616068,0.8557952642440796,0.8505315780639648,0.8554684519767761
sei_class,100000,2,31,0.048367829722166,617.5425712950528,0.7164987723032633,0.7132964134216309,0.7160375118255615,0.7201623916625977,0.8052301009496053,0.806865930557251,0.8005181550979614,0.8083062171936035,0.7379965782165527,0.7375812530517578,0.7389194965362549,0.7374889850616455,0.8000386555989584,0.8015315532684326,0.8024584054946899,0.7961260080337524,0.7619996666908264,0.7785829901695251,0.7453073263168335,0.7621086835861206,0.7848639289538065,0.7935585975646973,0.7776045203208923,0.7834286689758301,0.7920003732045492,0.7955337166786194,0.7830170392990112,0.7974503636360168,0.6445281306902567,0.6727485656738281,0.6229813694953918,0.6378544569015503,0.7046352624893188,0.7015860080718994,0.7051907777786255,0.7071290016174316,0.8061316013336182,0.8070586919784546,0.801877498626709,0.8094586133956909,0.6907428701718649,0.6945586800575256,0.6861472725868225,0.6915226578712463,0.7999505003293356,0.804079532623291,0.7922946810722351,0.8034772872924805,0.7170272270838419,0.7130414247512817,0.717045783996582,0.7209944725036621,0.8059008320172628,0.8075113892555237,0.8012710809707642,0.8089200258255005
sei_class,100000,3,56,0.0459369830727577,1048.2864781660028,0.7460735042889913,0.7485395669937134,0.7447229027748108,0.7449580430984497,0.8388837973276774,0.8444234132766724,0.8329897522926331,0.8392382264137268,0.7741985122362772,0.7782754898071289,0.7713055610656738,0.773014485836029,0.8363892237345377,0.8418093919754028,0.8357180953025818,0.8316401839256287,0.8058224519093832,0.8252369165420532,0.7870694398880005,0.8051609992980957,0.818934420744578,0.8313263058662415,0.8094789981842041,0.8159979581832886,0.8312332431475321,0.8364697098731995,0.822492241859436,0.8347377777099609,0.6986141204833984,0.7261346578598022,0.6820955276489258,0.6876121759414673,0.7337146202723185,0.7366377115249634,0.7333224415779114,0.7311837077140808,0.8393634359041849,0.8443084955215454,0.8334646224975586,0.8403171896934509,0.7211299737294515,0.7281461358070374,0.7174309492111206,0.7178128361701965,0.8347509106000265,0.841445803642273,0.8262686729431152,0.8365382552146912,0.7462706764539083,0.74808669090271,0.7452983260154724,0.7454270124435425,0.8393956621487936,0.8450337648391724,0.8334364891052246,0.8397167325019836
sei_class,100000,4,32,0.0451184940934181,642.098746899981,0.7378800908724467,0.7417394518852234,0.7383328676223755,0.7335679531097412,0.8330235878626505,0.8397638201713562,0.8292210102081299,0.8300859332084656,0.7669618924458822,0.7660844326019287,0.7676228284835815,0.7671784162521362,0.8318155805269877,0.8324341773986816,0.8343884944915771,0.8286240696907043,0.8044062256813049,0.8241648077964783,0.7848364114761353,0.8042174577713013,0.8271526495615641,0.8377792835235596,0.8179775476455688,0.825701117515564,0.8282812833786011,0.8363639116287231,0.8188944458961487,0.8295854926109314,0.7026368379592896,0.7224053144454956,0.6857427954673767,0.6997624039649963,0.7259922027587891,0.7297261357307434,0.7273944616317749,0.7208560109138489,0.833472728729248,0.8394666910171509,0.8296946287155151,0.8312568664550781,0.7157047986984253,0.7224487066268921,0.7120969295501709,0.7125687599182129,0.8292568325996399,0.8366261124610901,0.8218905329704285,0.8292538523674011,0.7380355596542358,0.7411094307899475,0.7389499545097351,0.7340472936630249,0.8333031137784322,0.8400249481201172,0.8294968605041504,0.830387532711029
sei_class,150000,0,41,0.0376677527586619,1157.4056206820533,0.7882170875867208,0.7930281758308411,0.7849527597427368,0.7866703271865845,0.8863139748573303,0.8921223878860474,0.8796945214271545,0.8871250152587891,0.810282289981842,0.8100121021270752,0.8104059100151062,0.8104288578033447,0.8776765863100687,0.8785938024520874,0.87867271900177,0.8757632374763489,0.8621994654337565,0.8811855316162109,0.8437402844429016,0.861672580242157,0.8795493046442667,0.8872777819633484,0.8710443377494812,0.8803257942199707,0.8808184067408243,0.8871785402297974,0.8707044124603271,0.8845722675323486,0.7993227243423462,0.8188413977622986,0.7865123748779297,0.7926144003868103,0.7751702666282654,0.780488908290863,0.773233950138092,0.7717879414558411,0.8866327802340189,0.8922597169876099,0.8800198435783386,0.8876187801361084,0.7640267014503479,0.7725119590759277,0.7589793801307678,0.7605887651443481,0.8839397430419922,0.8903976678848267,0.8751509785652161,0.8862705826759338,0.7883471846580505,0.7924396395683289,0.7855971455574036,0.7870047688484192,0.8864376147588094,0.892378568649292,0.8797587156295776,0.8871755599975586
sei_class,150000,1,24,0.0475600118835767,1549.517012965167,0.7196479439735413,0.7140812873840332,0.7232874631881714,0.7215750813484192,0.8121670881907145,0.8102055788040161,0.8121883869171143,0.8141072988510132,0.7459853092829386,0.7445081472396851,0.7485206723213196,0.7449271082878113,0.806143323580424,0.8072527647018433,0.8099044561386108,0.8012727499008179,0.7762382427851359,0.7884721755981445,0.7623667120933533,0.7778758406639099,0.7955865263938904,0.797749936580658,0.7923768162727356,0.7966328263282776,0.8049859801928202,0.8071529269218445,0.7986743450164795,0.8091306686401367,0.6666640440622965,0.6857220530509949,0.6504517793655396,0.6638182997703552,0.7080475687980652,0.7027047872543335,0.7129228115081787,0.7085151076316833,0.8130102952321371,0.8103572130203247,0.8133113980293274,0.815362274646759,0.69321741660436,0.6935794949531555,0.6928796768188477,0.6931930780410767,0.806465744972229,0.8076014518737793,0.8030586242675781,0.8087371587753296,0.7198521494865417,0.7132445573806763,0.7242077589035034,0.7221041321754456,0.8126579721768697,0.810579240322113,0.8127926588058472,0.8146020174026489
sei_class,150000,1,24,0.0475600118835767,1558.9258093298413,0.7196479439735413,0.7140812873840332,0.7232874631881714,0.7215750813484192,0.8121670881907145,0.8102055788040161,0.8121883869171143,0.8141072988510132,0.7459853092829386,0.7445081472396851,0.7485206723213196,0.7449271082878113,0.806143323580424,0.8072527647018433,0.8099044561386108,0.8012727499008179,0.7762382427851359,0.7884721755981445,0.7623667120933533,0.7778758406639099,0.7955865263938904,0.797749936580658,0.7923768162727356,0.7966328263282776,0.8049859801928202,0.8071529269218445,0.7986743450164795,0.8091306686401367,0.6666640440622965,0.6857220530509949,0.6504517793655396,0.6638182997703552,0.7080475687980652,0.7027047872543335,0.7129228115081787,0.7085151076316833,0.8130102952321371,0.8103572130203247,0.8133113980293274,0.815362274646759,0.69321741660436,0.6935794949531555,0.6928796768188477,0.6931930780410767,0.806465744972229,0.8076014518737793,0.8030586242675781,0.8087371587753296,0.7198521494865417,0.7132445573806763,0.7242077589035034,0.7221041321754456,0.8126579721768697,0.810579240322113,0.8127926588058472,0.8146020174026489
sei_class,150000,2,41,0.0386863376637299,1172.781523851212,0.7833566268285116,0.7853751182556152,0.783684253692627,0.7810105085372925,0.8824687997500101,0.8882073163986206,0.8778866529464722,0.8813124299049377,0.805670976638794,0.8042570948600769,0.8072389364242554,0.8055168986320496,0.8725059429804484,0.8711613416671753,0.875373899936676,0.8709825873374939,0.8584181070327759,0.8724099397659302,0.8424856662750244,0.860358715057373,0.8717445135116577,0.8785671591758728,0.8651450872421265,0.8715212941169739,0.8739426533381144,0.876868724822998,0.8679244518280029,0.8770347833633423,0.7934499979019165,0.8104292750358582,0.780852198600769,0.7890685200691223,0.7703987956047058,0.7728554010391235,0.7718786597251892,0.7664623260498047,0.8827732801437378,0.8883538842201233,0.87801194190979,0.8819540143013,0.7575778563817342,0.7643767595291138,0.7543811202049255,0.7539756894111633,0.878899097442627,0.8858984708786011,0.8713005781173706,0.8794982433319092,0.7835506200790405,0.7848927974700928,0.7844173908233643,0.7813416719436646,0.8826850851376852,0.8887011408805847,0.8779774904251099,0.8813766241073608
sei_class,150000,3,41,0.0377910952170689,1150.7374849156477,0.7939611673355103,0.7960558533668518,0.7935506701469421,0.7922769784927368,0.8907073140144348,0.8951613903045654,0.8856711983680725,0.8912893533706665,0.8120659391085306,0.8125253319740295,0.8131905794143677,0.8104819059371948,0.8799734512964884,0.8804571032524109,0.8824824690818787,0.8769807815551758,0.8631425698598226,0.8802478909492493,0.8472191095352173,0.8619607090950012,0.8813890218734741,0.8903167247772217,0.8753354549407959,0.8785148859024048,0.8814065456390381,0.8892427086830139,0.873953640460968,0.8810232877731323,0.7951080203056335,0.8136870265007019,0.7826094627380371,0.7890275716781616,0.7811226050059,0.7835403084754944,0.7820279002189636,0.7777996063232422,0.8909774621327718,0.895102858543396,0.8859497904777527,0.8918797373771667,0.7648993333180746,0.7697198390960693,0.7638272643089294,0.7611508965492249,0.8856216470400492,0.8910948634147644,0.8781158328056335,0.8876542448997498,0.7942484219868978,0.7956153154373169,0.7942343354225159,0.7928956151008606,0.8909182747205099,0.8953198194503784,0.8858495354652405,0.8915854692459106
sei_class,150000,4,40,0.0392293445428212,1154.8927676919848,0.7788446148236593,0.7820858359336853,0.7803017497062683,0.7741462588310242,0.8771188259124756,0.8827917575836182,0.8734654188156128,0.8750993013381958,0.8028890093167623,0.8042635917663574,0.803671658039093,0.8007317781448364,0.8702916304270426,0.8726298213005066,0.8719974160194397,0.8662476539611816,0.8538694977760315,0.8720361590385437,0.8381319046020508,0.8514404296875,0.8719925681749979,0.8818963170051575,0.8644360303878784,0.869645357131958,0.8745234211285909,0.8805906176567078,0.8663252592086792,0.8766543865203857,0.7827962239583334,0.8025484681129456,0.7705172300338745,0.7753229737281799,0.7663510839144388,0.7701992988586426,0.7688210010528564,0.7600329518318176,0.8778395851453146,0.8832834362983704,0.8740614652633667,0.8761738538742065,0.7559451858202616,0.7622389197349548,0.7545253038406372,0.7510713338851929,0.8759687940279642,0.8813536763191223,0.8690797686576843,0.8774729371070862,0.7792288859685262,0.7817398905754089,0.7812964916229248,0.7746502757072449,0.877486785252889,0.8832157850265503,0.8738614320755005,0.8753831386566162
sei_class,200000,0,44,0.0345799435019493,1629.4363828883506,0.8122850855191549,0.8164636492729187,0.8097876310348511,0.8106039762496948,0.910535176595052,0.914802610874176,0.9034311771392822,0.913371741771698,0.8366793791453043,0.8393542170524597,0.8329076766967773,0.837776243686676,0.908319373925527,0.9085792899131776,0.9068488478660583,0.909529983997345,0.8848714232444763,0.898877739906311,0.8700502514839172,0.8856862783432007,0.8990558783213297,0.9057804942131042,0.8932231068611145,0.8981640338897705,0.8990653951962789,0.9034539461135864,0.8902508616447449,0.9034913778305054,0.8331892291704813,0.8465961813926697,0.8233435153961182,0.8296279907226562,0.7988705436388651,0.8036360144615173,0.7975077033042908,0.7954679131507874,0.9107211232185364,0.9148328304290771,0.903464674949646,0.913865864276886,0.7834850351015726,0.7911338210105896,0.7800241112709045,0.7792971730232239,0.9057407975196838,0.9109675884246826,0.8966891765594482,0.9095656275749208,0.8124962449073792,0.8160827159881592,0.8104798793792725,0.8109261393547058,0.9105079372723898,0.914903163909912,0.9033523201942444,0.9132683277130128
sei_class,200000,1,44,0.0352753857851028,3599.792237155838,0.8033090829849243,0.809278130531311,0.8025491833686829,0.798099935054779,0.9023719429969788,0.9084641933441162,0.8970069289207458,0.9016447067260742,0.824995239575704,0.8279461860656738,0.8241578340530396,0.8228816986083984,0.8947605689366659,0.8962575197219849,0.894379734992981,0.8936444520950317,0.8775925238927206,0.8964663743972778,0.8615143895149231,0.8747968077659607,0.8927120963732401,0.9015558958053588,0.8855852484703064,0.8909951448440552,0.8957995772361755,0.905117690563202,0.8869011998176575,0.8953798413276672,0.8222308357556661,0.8426600098609924,0.8103014230728149,0.8137310743331909,0.7901984850565592,0.7968903183937073,0.7906226515769958,0.7830824851989746,0.902765134970347,0.9088799357414246,0.8972469568252563,0.9021685123443604,0.7758757074673971,0.7854493260383606,0.7734250426292419,0.7687527537345886,0.8984054327011108,0.905841827392578,0.8903336524963379,0.8990408182144165,0.8036234378814697,0.8089776039123535,0.803429126739502,0.7984635829925537,0.9026052355766296,0.9089272618293762,0.897233247756958,0.9016551971435548
sei_class,200000,1,44,0.0352753857851028,3622.153039879864,0.8033090829849243,0.809278130531311,0.8025491833686829,0.798099935054779,0.9023719429969788,0.9084641933441162,0.8970069289207458,0.9016447067260742,0.824995239575704,0.8279461860656738,0.8241578340530396,0.8228816986083984,0.8947605689366659,0.8962575197219849,0.894379734992981,0.8936444520950317,0.8775925238927206,0.8964663743972778,0.8615143895149231,0.8747968077659607,0.8927120963732401,0.9015558958053588,0.8855852484703064,0.8909951448440552,0.8957995772361755,0.905117690563202,0.8869011998176575,0.8953798413276672,0.8222308357556661,0.8426600098609924,0.8103014230728149,0.8137310743331909,0.7901984850565592,0.7968903183937073,0.7906226515769958,0.7830824851989746,0.902765134970347,0.9088799357414246,0.8972469568252563,0.9021685123443604,0.7758757074673971,0.7854493260383606,0.7734250426292419,0.7687527537345886,0.8984054327011108,0.905841827392578,0.8903336524963379,0.8990408182144165,0.8036234378814697,0.8089776039123535,0.803429126739502,0.7984635829925537,0.9026052355766296,0.9089272618293762,0.897233247756958,0.9016551971435548
sei_class,200000,2,44,0.0349231384932994,1654.8335021431558,0.807656466960907,0.8089341521263123,0.8090466856956482,0.8049885630607605,0.9050392508506776,0.908418357372284,0.901830554008484,0.9048688411712646,0.8259875178337097,0.8253509998321533,0.8272423148155212,0.8253692388534546,0.8951016863187155,0.8944685459136963,0.8976918458938599,0.8931446671485901,0.8810945153236389,0.8940255641937256,0.8664041757583618,0.8828538060188293,0.8960136771202087,0.9009137749671936,0.8909780979156494,0.8961491584777832,0.8977152705192566,0.9018435478210448,0.8909465074539185,0.9003557562828064,0.8301226298014323,0.8459097146987915,0.8196462392807007,0.8248119354248047,0.7941648562749227,0.7958954572677612,0.7966275811195374,0.7899715304374695,0.9056027134259542,0.908699095249176,0.902329683303833,0.9057793617248536,0.7805396914482117,0.7852379679679871,0.7801046371459961,0.7762764692306519,0.9020306865374248,0.905952215194702,0.896048903465271,0.904090940952301,0.8078198830286661,0.8085106015205383,0.8096548318862915,0.8052942156791687,0.905278225739797,0.9088467955589294,0.9019838571548462,0.9050040245056152
sei_class,200000,3,44,0.0348802799552679,1623.2255352148786,0.8052466511726379,0.8085166215896606,0.8066173195838928,0.8006060123443604,0.9017940560976664,0.9062945246696472,0.898693323135376,0.9003943204879761,0.8299654324849447,0.8309979438781738,0.8298304677009583,0.8290678858757019,0.8995529611905416,0.9007453918457032,0.9002548456192017,0.89765864610672,0.8820369044939677,0.8967798948287964,0.8696792125701904,0.8796516060829163,0.8957706292470297,0.903129518032074,0.8900866508483887,0.8940957188606262,0.897995134194692,0.9045796394348145,0.8900812864303589,0.8993244767189026,0.8269790609677633,0.8431448340415955,0.818070113658905,0.8197222352027893,0.791846513748169,0.7956950068473816,0.7943012714385986,0.7855432629585266,0.902115007241567,0.9063444137573242,0.8989550471305847,0.901045560836792,0.7803036769231161,0.788031280040741,0.7797576189041138,0.7731221318244934,0.9008461038271586,0.9065612554550172,0.8948105573654175,0.9011664986610411,0.8054004907608032,0.8081570863723755,0.8070883750915527,0.8009560108184814,0.9018892049789428,0.906524896621704,0.8986900448799133,0.9004526734352112
sei_class,200000,4,44,0.0344365745902061,1629.572413528338,0.815148115158081,0.8150368928909302,0.8164529204368591,0.8139545321464539,0.9142279028892516,0.916482388973236,0.909489929676056,0.9167113900184632,0.8390267690022787,0.8354630470275879,0.8384464383125305,0.8431708216667175,0.9128465056419371,0.9087710976600648,0.912617027759552,0.9171513915061952,0.8922331929206848,0.9033511877059937,0.8789786696434021,0.8943697214126587,0.905961294968923,0.9098421931266784,0.9006373286247253,0.907404363155365,0.9085120956103008,0.9125677347183228,0.9013360142707824,0.9116325378417968,0.8374042312304179,0.8494991660118103,0.8292897343635559,0.8334237933158875,0.8016804655392965,0.8021689653396606,0.8043283820152283,0.7985440492630005,0.9142472147941588,0.9165986776351928,0.9092143774032592,0.9169285893440248,0.7879564166069031,0.7918803095817566,0.7879693508148193,0.7840195894241333,0.9106179475784302,0.9140584468841552,0.9036055207252502,0.914189875125885,0.8152537743250529,0.814370334148407,0.817047119140625,0.8143438696861267,0.914154052734375,0.9165516495704652,0.9093381762504578,0.916572332382202
sei_class,300000,0,72,0.030524861896038,3899.4043794609606,0.8391658862431844,0.8394715785980225,0.8419008851051331,0.8361251950263977,0.9393837054570516,0.9395661950111388,0.9366565346717834,0.9419283866882324,0.8603120843569437,0.8586897850036621,0.8605769872665405,0.8616694808006287,0.9355939428011576,0.9335000514984132,0.9358821511268616,0.9373996257781982,0.919115404287974,0.9214210510253906,0.9149563312530518,0.9209688305854796,0.925707737604777,0.9272403120994568,0.9245589971542358,0.9253239035606384,0.924282431602478,0.925214946269989,0.9230499267578124,0.9245824217796326,0.8804084658622742,0.8845753073692322,0.877920925617218,0.8787291646003723,0.8249042630195618,0.8259732723236084,0.8290577530860901,0.8196817636489868,0.9398059248924256,0.939916968345642,0.9369462728500366,0.942554533481598,0.8096415201822916,0.8131020069122314,0.8122128844261169,0.8036096692085266,0.9346603552500408,0.9351831078529358,0.9311414957046508,0.9376564621925354,0.8394542535146078,0.838982105255127,0.8425835371017456,0.8367971181869507,0.9395112991333008,0.939700722694397,0.9366507530212402,0.9421824216842652
sei_class,300000,1,72,0.0315555918256441,12910.762410813011,0.835962196191152,0.8374889492988586,0.8361297845840454,0.8342678546905518,0.9353095094362894,0.9366862773895264,0.928594410419464,0.940647840499878,0.860281229019165,0.8617039918899536,0.8569142818450928,0.8622254133224487,0.9362018505732218,0.9364016056060792,0.9322853684425354,0.939918577671051,0.9113424022992452,0.9189072847366332,0.8976742029190063,0.917445719242096,0.9182912508646648,0.922134816646576,0.9127363562583924,0.920002579689026,0.9185225168863932,0.9231865406036376,0.9099751710891724,0.9224058389663696,0.8718177874883016,0.8781893253326416,0.8658495545387268,0.8714144825935364,0.8213373025258383,0.8240192532539368,0.8226622939109802,0.8173303604125977,0.935517927010854,0.9368011951446532,0.9285913109779358,0.9411612749099731,0.8057725230852762,0.8113110661506653,0.8048011064529419,0.8012053966522217,0.9296292265256246,0.931983768939972,0.921634316444397,0.9352695941925048,0.8361016511917114,0.8370089530944824,0.8367423415184021,0.8345536589622498,0.9354796409606934,0.9368084073066713,0.9287658929824828,0.940864622592926
sei_class,300000,1,72,0.0315555918256441,13001.229287490249,0.835962196191152,0.8374889492988586,0.8361297845840454,0.8342678546905518,0.9353095094362894,0.9366862773895264,0.928594410419464,0.940647840499878,0.860281229019165,0.8617039918899536,0.8569142818450928,0.8622254133224487,0.9362018505732218,0.9364016056060792,0.9322853684425354,0.939918577671051,0.9113424022992452,0.9189072847366332,0.8976742029190063,0.917445719242096,0.9182912508646648,0.922134816646576,0.9127363562583924,0.920002579689026,0.9185225168863932,0.9231865406036376,0.9099751710891724,0.9224058389663696,0.8718177874883016,0.8781893253326416,0.8658495545387268,0.8714144825935364,0.8213373025258383,0.8240192532539368,0.8226622939109802,0.8173303604125977,0.935517927010854,0.9368011951446532,0.9285913109779358,0.9411612749099731,0.8057725230852762,0.8113110661506653,0.8048011064529419,0.8012053966522217,0.9296292265256246,0.931983768939972,0.921634316444397,0.9352695941925048,0.8361016511917114,0.8370089530944824,0.8367423415184021,0.8345536589622498,0.9354796409606934,0.9368084073066713,0.9287658929824828,0.940864622592926
sei_class,300000,1,72,0.0315555918256441,12894.155225770082,0.835962196191152,0.8374889492988586,0.8361297845840454,0.8342678546905518,0.9353095094362894,0.9366862773895264,0.928594410419464,0.940647840499878,0.860281229019165,0.8617039918899536,0.8569142818450928,0.8622254133224487,0.9362018505732218,0.9364016056060792,0.9322853684425354,0.939918577671051,0.9113424022992452,0.9189072847366332,0.8976742029190063,0.917445719242096,0.9182912508646648,0.922134816646576,0.9127363562583924,0.920002579689026,0.9185225168863932,0.9231865406036376,0.9099751710891724,0.9224058389663696,0.8718177874883016,0.8781893253326416,0.8658495545387268,0.8714144825935364,0.8213373025258383,0.8240192532539368,0.8226622939109802,0.8173303604125977,0.935517927010854,0.9368011951446532,0.9285913109779358,0.9411612749099731,0.8057725230852762,0.8113110661506653,0.8048011064529419,0.8012053966522217,0.9296292265256246,0.931983768939972,0.921634316444397,0.9352695941925048,0.8361016511917114,0.8370089530944824,0.8367423415184021,0.8345536589622498,0.9354796409606934,0.9368084073066713,0.9287658929824828,0.940864622592926
sei_class,300000,2,72,0.0306913400272528,3958.0886051612906,0.8377944429715475,0.8372154235839844,0.8409799933433533,0.8351879119873047,0.9384980003039042,0.9380826950073242,0.9355813264846802,0.9418299794197084,0.8630802035331726,0.8642823100090027,0.8617677092552185,0.8631905913352966,0.939532975355784,0.9399726986885072,0.938122034072876,0.9405041933059692,0.9191208879152932,0.9236416816711426,0.9135740399360656,0.920146942138672,0.9247562686602274,0.92661452293396,0.9235422611236572,0.9241120219230652,0.9257085720698038,0.9261530637741088,0.9232650399208068,0.9277076125144958,0.8779486219088236,0.8839629292488098,0.8754714727401733,0.8744114637374878,0.8233411510785421,0.8235414624214172,0.8279878497123718,0.8184941411018372,0.9386704762776692,0.93824964761734,0.9355839490890504,0.9421778321266174,0.8085546890894572,0.8118453621864319,0.8109505772590637,0.802868127822876,0.9333254297574362,0.9339088797569276,0.929125964641571,0.9369414448738098,0.8379671573638916,0.8368589878082275,0.8415416479110718,0.8355008363723755,0.9385232130686442,0.9381866455078124,0.9355562925338744,0.9418267011642456
sei_class,300000,3,72,0.0309328021208445,3880.7390387239866,0.8379302024841309,0.8369501829147339,0.8414433598518372,0.8353970646858215,0.9370841185251872,0.9359169006347656,0.9355019330978394,0.9398335218429564,0.863571842511495,0.8646599054336548,0.8624786138534546,0.8635770082473755,0.94056365887324,0.937986433506012,0.9402857422828674,0.9434188008308412,0.9186126391092936,0.9211522340774536,0.9138556718826294,0.920830011367798,0.9241058031717936,0.9241705536842346,0.923778474330902,0.924368381500244,0.925635019938151,0.9255539774894714,0.9226138591766356,0.928737223148346,0.8759473363558451,0.8796433806419373,0.8743137121200562,0.873884916305542,0.8234909176826477,0.8235071301460266,0.8282400369644165,0.8187255859375,0.9374030033747356,0.9361624717712402,0.9356369972229004,0.940409541130066,0.8090519706408182,0.8121403455734253,0.8119637966156006,0.803051769733429,0.9324674208958944,0.9320336580276488,0.9293885827064514,0.9359800219535828,0.8380496104558309,0.8364860415458679,0.8419255018234253,0.8357372879981995,0.9372511108716328,0.9361646771430968,0.9355301856994628,0.9400584697723388
sei_class,300000,4,72,0.0303358498950799,3925.950793510769,0.8348785440127054,0.8338087201118469,0.838759183883667,0.8320677280426025,0.9372220834096272,0.9373123049736024,0.9341326355934144,0.9402213096618652,0.8599999149640402,0.8598957061767578,0.8589728474617004,0.8611311912536621,0.9361416896184286,0.9341713190078736,0.9357122778892516,0.9385414719581604,0.915366530418396,0.9189202189445496,0.9105657339096068,0.9166136384010316,0.9228719274202982,0.9233340620994568,0.9224060773849488,0.9228756427764891,0.9244870742162068,0.9260306358337402,0.921751856803894,0.9256787300109864,0.8736536900202433,0.8803824186325073,0.8708015084266663,0.8697771430015564,0.8206170002619425,0.8202346563339233,0.825915515422821,0.8157008290290833,0.937494138876597,0.93733948469162,0.9343678951263428,0.9407750368118286,0.8076059619585673,0.8109122514724731,0.8100303411483765,0.8018752932548523,0.9337334235509236,0.9348363280296326,0.9296678900718688,0.9366960525512696,0.8350448807080587,0.8334369659423828,0.8392360806465149,0.8324615955352783,0.9373937845230104,0.9374998211860656,0.9342288970947266,0.9404526352882384
sei_random,10000,0,21,0.0820687057971954,82.27860476402566,0.321764330069224,0.2892976403236389,0.3508409261703491,0.3251544237136841,0.3681521813074748,0.3229587078094482,0.4047586917877197,0.3767391443252563,0.3508722384770711,0.3142156898975372,0.3833878934383392,0.3550131320953369,0.3774213492870331,0.3326705694198608,0.4187409281730652,0.3808525502681732,0.3362907071908315,0.3078543543815613,0.3738654255867004,0.3271523416042328,0.273008793592453,0.25523641705513,0.3067426979541778,0.2570472657680511,0.2635854283968608,0.2471846640110016,0.2926181554794311,0.2509534657001495,0.1649244527022043,0.1252171695232391,0.1956168711185455,0.1739393174648285,0.3208226263523102,0.2909200489521026,0.3488065302371979,0.32274129986763,0.3722186287244161,0.3276729881763458,0.4090348482131958,0.3799480497837066,0.2957240839799245,0.2689144909381866,0.3235891163349151,0.2946686446666717,0.3451756437619527,0.3046728372573852,0.383361279964447,0.3474928140640259,0.3218230605125427,0.2891837954521179,0.3507904708385467,0.3254949152469635,0.3678212265173594,0.3226274847984314,0.4042969346046448,0.3765392601490021
sei_random,10000,1,26,0.0781496448516845,197.1940814431291,0.415695309638977,0.3901029229164123,0.4186689853668213,0.4383140206336975,0.464695672194163,0.4325796067714691,0.468633621931076,0.4928737878799438,0.4581903119881947,0.4365935027599334,0.4666748940944671,0.4713025391101837,0.4857260485490163,0.4625455737113952,0.4977105855941772,0.4969219863414764,0.3884677588939667,0.3764508366584778,0.3792668581008911,0.4096855819225311,0.3524818420410156,0.3167993426322937,0.3522250652313232,0.3884211182594299,0.3796521822611491,0.3377906680107116,0.3784272968769073,0.4227385818958282,0.2396986981232961,0.2139502018690109,0.2336877733469009,0.2714581191539764,0.408870667219162,0.3842265903949737,0.4130637943744659,0.4293216168880462,0.4667645891507466,0.4342770874500274,0.4714428782463074,0.4945738017559051,0.3812290529410044,0.3569475710391998,0.386129081249237,0.4006105065345764,0.4408595462640126,0.40814208984375,0.4455877244472503,0.4688488245010376,0.4161893824736277,0.3905933201313019,0.4189919233322143,0.4389829039573669,0.4645880858103434,0.4326244592666626,0.4685107171535492,0.4926290810108185
sei_random,10000,1,26,0.0781496448516845,195.53357182792388,0.415695309638977,0.3901029229164123,0.4186689853668213,0.4383140206336975,0.464695672194163,0.4325796067714691,0.468633621931076,0.4928737878799438,0.4581903119881947,0.4365935027599334,0.4666748940944671,0.4713025391101837,0.4857260485490163,0.4625455737113952,0.4977105855941772,0.4969219863414764,0.3884677588939667,0.3764508366584778,0.3792668581008911,0.4096855819225311,0.3524818420410156,0.3167993426322937,0.3522250652313232,0.3884211182594299,0.3796521822611491,0.3377906680107116,0.3784272968769073,0.4227385818958282,0.2396986981232961,0.2139502018690109,0.2336877733469009,0.2714581191539764,0.408870667219162,0.3842265903949737,0.4130637943744659,0.4293216168880462,0.4667645891507466,0.4342770874500274,0.4714428782463074,0.4945738017559051,0.3812290529410044,0.3569475710391998,0.386129081249237,0.4006105065345764,0.4408595462640126,0.40814208984375,0.4455877244472503,0.4688488245010376,0.4161893824736277,0.3905933201313019,0.4189919233322143,0.4389829039573669,0.4645880858103434,0.4326244592666626,0.4685107171535492,0.4926290810108185
sei_random,10000,2,26,0.0841637510061264,93.9477787129581,0.4637470146020253,0.4272451996803283,0.4740778505802154,0.4899179935455322,0.5221771796544393,0.4728423357009887,0.5378818511962891,0.55580735206604,0.524932324886322,0.4947555661201477,0.5341793298721313,0.545862078666687,0.5562808116277059,0.5211405754089355,0.5712013840675354,0.5765004754066467,0.4460327426592509,0.4121074676513672,0.4516748487949371,0.4743159115314483,0.4096980293591817,0.3649832308292389,0.43555748462677,0.4285533726215362,0.4071174263954162,0.354220449924469,0.4296294450759887,0.437502384185791,0.2836757401625315,0.2398430109024047,0.2685905694961548,0.342593640089035,0.4559926191965739,0.4207629859447479,0.4672619998455047,0.479952871799469,0.5227272709210714,0.4734705090522766,0.5391425490379333,0.5555687546730042,0.4272860288619995,0.3926001787185669,0.4401421546936035,0.4491157531738281,0.4956939021746318,0.4457424283027649,0.5144772529602051,0.5268620252609253,0.4644429981708526,0.4276827871799469,0.4748145341873169,0.4908316731452942,0.5222930014133453,0.4730797708034515,0.5378512144088745,0.55594801902771
sei_random,10000,3,42,0.0754255779981613,120.68008748209104,0.4029021859169006,0.3123676180839538,0.4199258685111999,0.4764130711555481,0.4518067638079325,0.3511439561843872,0.4702861309051513,0.533990204334259,0.4487188160419464,0.36441770195961,0.4726272225379944,0.5091115236282349,0.4759955604871114,0.3866307139396667,0.5009745955467224,0.5403813719749451,0.3781160910924275,0.3037082850933075,0.3798748552799225,0.4507651329040527,0.4054335455099742,0.3256419599056244,0.4136133193969726,0.4770453572273254,0.4041482508182525,0.3232827186584472,0.4079333245754242,0.4812287092208862,0.2474612991015116,0.1946544498205185,0.2386960238218307,0.3090334236621856,0.3985227247079213,0.3091367781162262,0.4160356521606445,0.4703957438468933,0.4554849565029144,0.3548072576522827,0.4740563333034515,0.537591278553009,0.3786583046118418,0.2951610386371612,0.3947794139385223,0.4460344612598419,0.4376394550005595,0.3421734273433685,0.4535786211490631,0.5171663165092468,0.403087854385376,0.312089055776596,0.4203741550445556,0.4768003523349762,0.4516723851362864,0.3505778610706329,0.4703978300094604,0.5340414643287659
sei_random,10000,4,28,0.0764822739362716,215.31323161674663,0.4734107156594594,0.4303788244724273,0.4846485257148742,0.5052047967910767,0.5321321984132131,0.4774272739887237,0.5489795804023743,0.5699897408485413,0.5281014541784922,0.4918980300426483,0.5443170666694641,0.5480892658233643,0.5578440229098002,0.517974853515625,0.5791775584220886,0.576379656791687,0.4591306845347087,0.4230425953865051,0.4640674591064453,0.4902819991111755,0.4525321722030639,0.3949538469314575,0.4654327034950256,0.4972099661827087,0.4497944116592407,0.3857256174087524,0.4567722678184509,0.5068853497505188,0.290697435537974,0.25993812084198,0.2799210548400879,0.3322331309318542,0.4665506283442179,0.4244809746742248,0.4779585599899292,0.4972123503684997,0.5335051516691843,0.47871795296669,0.550118625164032,0.571678876876831,0.4423676331837972,0.4022264182567596,0.4517428576946258,0.4731336236000061,0.5108539462089539,0.4560567140579223,0.5263542532920837,0.5501508712768555,0.4738892316818237,0.4302042722702026,0.4852498769760132,0.5062135457992554,0.5322525997956594,0.4774719774723053,0.5489178895950317,0.5703679323196411
sei_random,25000,0,47,0.0628451427102089,256.432439066004,0.5326104660828909,0.4984818994998932,0.5431531667709351,0.5561963319778442,0.5976058046023051,0.5568992495536804,0.6125492453575134,0.6233689188957214,0.5710563262303671,0.5541170835494995,0.5749343037605286,0.584117591381073,0.6156209905942281,0.5947897434234619,0.6247057914733887,0.6273674368858337,0.5416340033213297,0.5196142792701721,0.5483019351959229,0.5569857954978943,0.5714956919352213,0.5414674282073975,0.5822969675064087,0.5907226800918579,0.5861347119013468,0.5530131459236145,0.5964047312736511,0.6089862585067749,0.3677813410758972,0.3514124751091003,0.3592481315135956,0.3926834166049957,0.5255853136380514,0.4922474026679992,0.5361082553863525,0.5484002828598022,0.6007908980051676,0.5598751306533813,0.6152110695838928,0.6272864937782288,0.5094924569129944,0.4783526659011841,0.5196451544761658,0.5304795503616333,0.5902116696039835,0.5516472458839417,0.6035181283950806,0.6154696345329285,0.5340738495190939,0.4996686577796936,0.5445552468299866,0.5579976439476013,0.5988402962684631,0.5581600666046143,0.6136507987976074,0.6247100234031677
sei_random,25000,1,51,0.0682859059333801,602.6648889831267,0.5241679052511851,0.4938317239284515,0.5327438712120056,0.5459281206130981,0.5863165060679117,0.5484485030174255,0.6007714867591858,0.609729528427124,0.5612849990526835,0.5376595854759216,0.5710429549217224,0.5751524567604065,0.5988143483797709,0.571130096912384,0.6131687164306641,0.6121442317962646,0.5121132930119833,0.4856343269348144,0.5199723839759827,0.5307331681251526,0.5568937261899313,0.5303508043289185,0.5675549507141113,0.5727754235267639,0.5668725570042928,0.5259073972702026,0.5768523812294006,0.5978578925132751,0.3589840928713481,0.3528302013874054,0.3447226881980896,0.3793993890285492,0.5163557330767313,0.4852510094642639,0.5261609554290771,0.537655234336853,0.5881128509839376,0.548927903175354,0.6024960875511169,0.6129145622253418,0.5023336807886759,0.4753792881965637,0.5116444230079651,0.519977331161499,0.5802359779675802,0.5457268953323364,0.5917089581489563,0.6032720804214478,0.5245967706044515,0.4934178590774536,0.5334140062332153,0.5469584465026855,0.586489220460256,0.5484101176261902,0.600840151309967,0.6102173924446106
sei_random,25000,1,51,0.0682859059333801,600.0775588250253,0.5241679052511851,0.4938317239284515,0.5327438712120056,0.5459281206130981,0.5863165060679117,0.5484485030174255,0.6007714867591858,0.609729528427124,0.5612849990526835,0.5376595854759216,0.5710429549217224,0.5751524567604065,0.5988143483797709,0.571130096912384,0.6131687164306641,0.6121442317962646,0.5121132930119833,0.4856343269348144,0.5199723839759827,0.5307331681251526,0.5568937261899313,0.5303508043289185,0.5675549507141113,0.5727754235267639,0.5668725570042928,0.5259073972702026,0.5768523812294006,0.5978578925132751,0.3589840928713481,0.3528302013874054,0.3447226881980896,0.3793993890285492,0.5163557330767313,0.4852510094642639,0.5261609554290771,0.537655234336853,0.5881128509839376,0.548927903175354,0.6024960875511169,0.6129145622253418,0.5023336807886759,0.4753792881965637,0.5116444230079651,0.519977331161499,0.5802359779675802,0.5457268953323364,0.5917089581489563,0.6032720804214478,0.5245967706044515,0.4934178590774536,0.5334140062332153,0.5469584465026855,0.586489220460256,0.5484101176261902,0.600840151309967,0.6102173924446106
sei_random,25000,2,51,0.067213100862503,278.6090542618185,0.5291156570116679,0.5056440830230713,0.5313941836357117,0.5503087043762207,0.5946256915728251,0.5680683851242065,0.5981361269950867,0.6176725625991821,0.5608076055844625,0.5580108165740967,0.5580883622169495,0.5663236379623413,0.5943857828776041,0.5884723663330078,0.5963369607925415,0.5983480215072632,0.5243164300918579,0.5103145241737366,0.5209375023841858,0.5416972637176514,0.5551707148551941,0.5287861227989197,0.5582370162010193,0.5784890055656433,0.5645590424537659,0.5323484539985657,0.5690463185310364,0.5922823548316956,0.3632807532946269,0.3635722994804382,0.3483217358589172,0.3779482245445251,0.521737535794576,0.4972279667854309,0.5251802206039429,0.5428044199943542,0.5970884362856547,0.5687557458877563,0.6011366844177246,0.6213728785514832,0.502753734588623,0.4815081357955932,0.5060334205627441,0.5207196474075317,0.5835338234901428,0.556429386138916,0.5876218676567078,0.6065502166748047,0.5301943023999532,0.5061473250389099,0.5326827764511108,0.5517528057098389,0.595616340637207,0.5687257051467896,0.5989788770675659,0.6191444396972656
sei_random,25000,3,79,0.0654273175239563,397.3350921431556,0.5563026666641235,0.5233542919158936,0.5599817037582397,0.5855720043182373,0.6270491679509481,0.5904475450515747,0.6319218873977661,0.6587780714035034,0.5777929226557413,0.549267053604126,0.5860665440559387,0.5980451703071594,0.6187198162078857,0.584786057472229,0.631243109703064,0.6401302814483643,0.5506820678710938,0.5246138572692871,0.5503684282302856,0.5770639181137085,0.5885193149248759,0.5582242012023926,0.5920000076293945,0.6153337359428406,0.585215429464976,0.5499901175498962,0.5859857201576233,0.6196704506874084,0.3803784946600596,0.3679237961769104,0.3678905367851257,0.4053211510181427,0.5475326975186666,0.5158190727233887,0.5517595410346985,0.5750194787979126,0.629191259543101,0.5928430557250977,0.633788526058197,0.6609421968460083,0.5269236663977305,0.4987212717533111,0.5287467241287231,0.5533030033111572,0.6138173937797546,0.5803907513618469,0.6156623959541321,0.6453990340232849,0.557334303855896,0.5238785147666931,0.5611268877983093,0.5869975090026855,0.6278401017189026,0.5912636518478394,0.6325151324272156,0.6597415208816528
sei_random,25000,4,94,0.0638854298353195,465.7179244197905,0.550381084283193,0.5305191874504089,0.5480374097824097,0.5725866556167603,0.618273933728536,0.5944117307662964,0.6186756491661072,0.6417344212532043,0.5836071968078613,0.5719475746154785,0.5788830518722534,0.599990963935852,0.6234811743100485,0.607480525970459,0.6234776377677917,0.6394853591918945,0.5513100822766622,0.5407698154449463,0.5426515936851501,0.5705088376998901,0.581201175848643,0.5607842803001404,0.5790019631385803,0.6038172841072083,0.5952341556549072,0.5719537138938904,0.5931112170219421,0.6206375360488892,0.378596822420756,0.3636845350265503,0.3633248209953308,0.4087811112403869,0.5434256990750631,0.5234115123748779,0.5420634746551514,0.5648021101951599,0.620805819829305,0.59617018699646,0.621039092540741,0.6452081799507141,0.5267014503479004,0.5062505602836609,0.5259721875190735,0.5478816032409668,0.6078195969263712,0.5817412734031677,0.6078892350196838,0.6338282823562622,0.5515244603157043,0.5316224694252014,0.5490918755531311,0.5738590359687805,0.6191865801811218,0.5958092212677002,0.619263231754303,0.6424872875213623
sei_random,50000,0,108,0.0496578242540359,3359.828749287873,0.6988334655761719,0.7038258910179138,0.6958908438682556,0.6967836618423462,0.7902964353561401,0.7951057553291321,0.7839383482933044,0.7918452024459839,0.7201798558235168,0.7228729724884033,0.7218740582466125,0.7157925367355347,0.7794196804364523,0.7816108465194702,0.7834064364433289,0.7732417583465576,0.7471819917360941,0.7633625268936157,0.7294471263885498,0.7487363219261169,0.7767097155253092,0.7900295853614807,0.7649746537208557,0.7751249074935913,0.7797577579816183,0.7887102365493774,0.7671983242034912,0.7833647131919861,0.6249386270840963,0.6452960968017578,0.6072327494621277,0.6222870349884033,0.6878562370936075,0.6920990347862244,0.6865764856338501,0.6848931908607483,0.7912872632344564,0.7948483824729919,0.7856451869010925,0.7933682203292847,0.6728214621543884,0.6829220056533813,0.6662035584449768,0.6693388223648071,0.7826480666796366,0.7899767160415649,0.7735546231269836,0.7844128608703613,0.6994014581044515,0.7036833763122559,0.6969718933105469,0.6975491046905518,0.7909378210703532,0.7956709861755371,0.7847539782524109,0.7923884987831116
sei_random,50000,1,51,0.0560585117340087,1663.5784968268126,0.6260106364885966,0.6105948090553284,0.6308295726776123,0.6366075277328491,0.706076999505361,0.6896622180938721,0.7099049091339111,0.7186638712882996,0.6649844646453857,0.6553930044174194,0.6682112216949463,0.6713491678237915,0.7125276525815328,0.701688289642334,0.718627393245697,0.7172672748565674,0.6516147454579672,0.6469564437866211,0.6467346549034119,0.6611531376838684,0.69664998849233,0.6890164017677307,0.6983190774917603,0.7026144862174988,0.7080478072166443,0.6935250759124756,0.7057194709777832,0.7248988747596741,0.5091961920261383,0.5085076093673706,0.4955727756023407,0.5235081911087036,0.6160028775533041,0.6013858318328857,0.6215013861656189,0.6251214146614075,0.7071371277173361,0.6906970143318176,0.7104780673980713,0.7202363014221191,0.5999871691068014,0.5882018804550171,0.6034554243087769,0.6083042025566101,0.6983823974927267,0.6835362911224365,0.6999526023864746,0.7116582989692688,0.62612913052241,0.6102690696716309,0.6311816573143005,0.6369366645812988,0.7061822811762491,0.6899139285087585,0.7099494934082031,0.7186834216117859
sei_random,50000,2,55,0.0567432904422283,548.9436575132422,0.6270079016685486,0.6151747703552246,0.6278489232063293,0.6380000114440918,0.707219123840332,0.6939041614532471,0.7081381678581238,0.7196150422096252,0.6625968019167582,0.6571776866912842,0.6652480363845825,0.665364682674408,0.7157241702079773,0.7103913426399231,0.7201412916183472,0.7166398763656616,0.6560170451800028,0.6516255736351013,0.6487959623336792,0.667629599571228,0.6992080410321554,0.6939699649810791,0.6972102522850037,0.7064439058303833,0.7147702574729919,0.7042604684829712,0.7125263214111328,0.7275239825248718,0.5119830965995789,0.5175373554229736,0.4963185787200928,0.5220933556556702,0.6179652015368143,0.6062657833099365,0.6199862360954285,0.6276435852050781,0.7088369727134705,0.6947544813156128,0.7102241516113281,0.7215322852134705,0.6048508087793986,0.595149576663971,0.6040836572647095,0.6153191924095154,0.7014905412991842,0.6885227560997009,0.7008284330368042,0.7151204347610474,0.627304216225942,0.6149160265922546,0.6285172700881958,0.6384793519973755,0.707724392414093,0.6946313977241516,0.708528459072113,0.7200133204460144
sei_random,50000,3,49,0.0568281025588512,485.97471169708297,0.6177733739217123,0.6026744842529297,0.6200829148292542,0.6305627226829529,0.6950541337331136,0.6764078140258789,0.6973004341125488,0.7114541530609131,0.6503373583157858,0.6416499018669128,0.6555183529853821,0.6538438200950623,0.7020246386528015,0.6936001777648926,0.7087880373001099,0.7036857008934021,0.6322954495747884,0.6142136454582214,0.6308014392852783,0.6518712639808655,0.6716504891713461,0.6568278074264526,0.6751530170440674,0.6829706430435181,0.6902110377947489,0.6701275110244751,0.6919859051704407,0.708519697189331,0.463323305050532,0.4545081555843353,0.449133038520813,0.4863287210464477,0.6081265012423197,0.5932109355926514,0.6110454201698303,0.6201231479644775,0.6962190866470337,0.6773858070373535,0.6984136700630188,0.7128577828407288,0.5937310258547465,0.5809054374694824,0.5956482887268066,0.6046393513679504,0.688818116982778,0.6702824234962463,0.6896268129348755,0.7065451145172119,0.618583619594574,0.6032912731170654,0.6210380792617798,0.6314215064048767,0.6958422462145487,0.677496075630188,0.6980066895484924,0.7120239734649658
sei_random,50000,4,60,0.0531785350084304,1297.3498560981825,0.6575773358345032,0.6525540351867676,0.6552243232727051,0.6649536490440369,0.7416813969612122,0.7399740219116211,0.7352554798126221,0.7498146891593933,0.6827163497606913,0.6882659196853638,0.6796231269836426,0.6802600026130676,0.7399771809577942,0.7458166480064392,0.7378404140472412,0.7362744808197021,0.6921330094337463,0.7047761082649231,0.6769039630889893,0.6947189569473267,0.7290254632631937,0.7339380979537964,0.718052089214325,0.73508620262146,0.7409972747166952,0.7391880750656128,0.7328430414199829,0.7509607076644897,0.5516180197397867,0.5691514611244202,0.5301128625869751,0.5555897355079651,0.6465895374615988,0.6412023305892944,0.6457175612449646,0.6528487205505371,0.7423425118128458,0.7397761344909668,0.7359403967857361,0.7513110041618347,0.632829745610555,0.6311725378036499,0.6286601424217224,0.6386565566062927,0.7341341376304626,0.7331733703613281,0.7253840565681458,0.7438449859619141,0.6580138802528381,0.6520912051200867,0.6560283899307251,0.6659220457077026,0.7422802249590555,0.7405446171760559,0.7357802391052246,0.7505158185958862
sei_random,50000,4,60,0.0531785350084304,1923.9223387409,0.6575773358345032,0.6525540351867676,0.6552243232727051,0.6649536490440369,0.7416813969612122,0.7399740219116211,0.7352554798126221,0.7498146891593933,0.6827163497606913,0.6882659196853638,0.6796231269836426,0.6802600026130676,0.7399771809577942,0.7458166480064392,0.7378404140472412,0.7362744808197021,0.6921330094337463,0.7047761082649231,0.6769039630889893,0.6947189569473267,0.7290254632631937,0.7339380979537964,0.718052089214325,0.73508620262146,0.7409972747166952,0.7391880750656128,0.7328430414199829,0.7509607076644897,0.5516180197397867,0.5691514611244202,0.5301128625869751,0.5555897355079651,0.6465895374615988,0.6412023305892944,0.6457175612449646,0.6528487205505371,0.7423425118128458,0.7397761344909668,0.7359403967857361,0.7513110041618347,0.632829745610555,0.6311725378036499,0.6286601424217224,0.6386565566062927,0.7341341376304626,0.7331733703613281,0.7253840565681458,0.7438449859619141,0.6580138802528381,0.6520912051200867,0.6560283899307251,0.6659220457077026,0.7422802249590555,0.7405446171760559,0.7357802391052246,0.7505158185958862
sei_random,100000,0,33,0.0446880826592445,643.6245821891353,0.7205470204353333,0.7215429544448853,0.7208911180496216,0.7192069888114929,0.815290113290151,0.8203030228614807,0.8103768229484558,0.8151904940605164,0.7482815980911255,0.747218132019043,0.7523975372314453,0.7452291250228882,0.8108877539634705,0.8114913702011108,0.8164668679237366,0.804705023765564,0.7822954853375753,0.7988635897636414,0.7651128768920898,0.7829099893569946,0.808517853418986,0.817314863204956,0.7997757792472839,0.808462917804718,0.8125901619593302,0.8180917501449585,0.8036224246025085,0.8160563111305237,0.6850678523381551,0.7069376111030579,0.669312596321106,0.6789533495903015,0.7091125249862671,0.7099329233169556,0.7108495831489563,0.7065550684928894,0.8159722487131754,0.8203839063644409,0.8113621473312378,0.8161706924438477,0.6980729103088379,0.7042409181594849,0.6948927640914917,0.6950850486755371,0.8110160430272421,0.8178564310073853,0.8028274774551392,0.8123642206192017,0.7208284139633179,0.7210367321968079,0.7217339873313904,0.7197145223617554,0.8157776991526285,0.8206780552864075,0.8109753131866455,0.8156797289848328
sei_random,100000,1,56,0.0429173799574375,2327.3847138450947,0.752049724260966,0.7555092573165894,0.7518947124481201,0.7487452030181885,0.8476437926292419,0.8548197150230408,0.8420506119728088,0.8460610508918762,0.7720304131507874,0.7748016119003296,0.7743784785270691,0.7669111490249634,0.8380911747614542,0.8424420356750488,0.8404146432876587,0.8314168453216553,0.8144639531771342,0.8351240158081055,0.7968835830688477,0.8113842606544495,0.8304029504458109,0.8423780798912048,0.8238121867179871,0.825018584728241,0.836265504360199,0.8460596203804016,0.826276421546936,0.8364604711532593,0.7280290921529134,0.7518161535263062,0.7134730815887451,0.718798041343689,0.7402786612510681,0.7446013689041138,0.7412286400794983,0.7350059747695923,0.8484092950820923,0.8553555011749268,0.8427509665489197,0.8471214175224304,0.7262495756149292,0.7329938411712646,0.7240499258041382,0.7217049598693848,0.8431765635808309,0.8506420254707336,0.8354718685150146,0.8434157967567444,0.7521231174468994,0.7550907135009766,0.7524128556251526,0.7488657832145691,0.8479736646016439,0.855198085308075,0.8423939347267151,0.8463289737701416
sei_random,100000,1,56,0.0429173799574375,2319.3516084791627,0.752049724260966,0.7555092573165894,0.7518947124481201,0.7487452030181885,0.8476437926292419,0.8548197150230408,0.8420506119728088,0.8460610508918762,0.7720304131507874,0.7748016119003296,0.7743784785270691,0.7669111490249634,0.8380911747614542,0.8424420356750488,0.8404146432876587,0.8314168453216553,0.8144639531771342,0.8351240158081055,0.7968835830688477,0.8113842606544495,0.8304029504458109,0.8423780798912048,0.8238121867179871,0.825018584728241,0.836265504360199,0.8460596203804016,0.826276421546936,0.8364604711532593,0.7280290921529134,0.7518161535263062,0.7134730815887451,0.718798041343689,0.7402786612510681,0.7446013689041138,0.7412286400794983,0.7350059747695923,0.8484092950820923,0.8553555011749268,0.8427509665489197,0.8471214175224304,0.7262495756149292,0.7329938411712646,0.7240499258041382,0.7217049598693848,0.8431765635808309,0.8506420254707336,0.8354718685150146,0.8434157967567444,0.7521231174468994,0.7550907135009766,0.7524128556251526,0.7488657832145691,0.8479736646016439,0.855198085308075,0.8423939347267151,0.8463289737701416
sei_random,100000,2,32,0.0466906100451946,635.1590380948037,0.7209083636601766,0.7177935242652893,0.7225499749183655,0.722381591796875,0.8112788995107015,0.8101369738578796,0.8094139695167542,0.8142857551574707,0.742037812868754,0.7427982091903687,0.7484619617462158,0.7348532676696777,0.8031885822614034,0.8018292784690857,0.8105499744415283,0.7971864938735962,0.7692275842030843,0.7817471027374268,0.7535585761070251,0.772377073764801,0.791439930597941,0.7937349677085876,0.7870359420776367,0.7935488820075989,0.8008020520210266,0.8027562499046326,0.7921647429466248,0.8074851632118225,0.656452457110087,0.6722512245178223,0.6394892930984497,0.6576168537139893,0.7095625599225363,0.7068822383880615,0.7122401595115662,0.709565281867981,0.8124582767486572,0.81073397397995,0.8108634948730469,0.8157773613929749,0.6922030250231425,0.6927480697631836,0.6898565292358398,0.694004476070404,0.8041162292162577,0.8047356009483337,0.7991030216217041,0.8085100650787354,0.7213359077771505,0.7174516320228577,0.7234930992126465,0.7230629920959473,0.812052309513092,0.8107072114944458,0.8103699684143066,0.8150797486305237
sei_random,100000,3,31,0.047499695032835,608.8290220210329,0.7080348531405131,0.7118330001831055,0.7085268497467041,0.7037447094917297,0.7998588681221008,0.8067286014556885,0.7946019768714905,0.7982460260391235,0.7246830463409424,0.7303288578987122,0.7242333889007568,0.7194868922233582,0.7843534747759501,0.7909831404685974,0.7857551574707031,0.7763221263885498,0.7619933485984802,0.780738890171051,0.7436330318450928,0.7616081237792969,0.7860130270322164,0.7931474447250366,0.7773619294166565,0.787529706954956,0.7972132563591003,0.8060863018035889,0.7874758243560791,0.7980776429176331,0.6435401837031046,0.6701846122741699,0.623753547668457,0.636682391166687,0.6971737742424011,0.7008503079414368,0.6986220479011536,0.692048966884613,0.8010949293772379,0.8073111772537231,0.7957032918930054,0.8002703189849854,0.6850139498710632,0.6930145621299744,0.6823663115501404,0.679660975933075,0.7961670358975729,0.8045011162757874,0.788264274597168,0.7957357168197632,0.7083806792894999,0.7113384008407593,0.7093761563301086,0.7044274806976318,0.8003834088643392,0.8072338700294495,0.7951797246932983,0.7987366318702698
sei_random,100000,4,32,0.0470324591517448,641.2027349011041,0.7256327072779337,0.7258273959159851,0.7249850034713745,0.7260857224464417,0.8206420739491781,0.8225852847099304,0.817446231842041,0.8218947052955627,0.7497616211573283,0.7485871911048889,0.752718448638916,0.7479792237281799,0.8125014305114746,0.8121457695960999,0.8167638778686523,0.8085946440696716,0.778799295425415,0.7910488843917847,0.7643885612487793,0.7809604406356812,0.7995548248291016,0.8023607730865479,0.791735827922821,0.8045678734779358,0.8087926705678304,0.8142862915992737,0.800190806388855,0.8119009137153625,0.6717133323351542,0.688900351524353,0.6550240516662598,0.6712155938148499,0.7133052945137024,0.713568925857544,0.7137330770492554,0.7126138806343079,0.8207181493441263,0.8220213055610657,0.8176431059837341,0.8224900364875793,0.6973999738693237,0.7006112933158875,0.6942009925842285,0.6973876357078552,0.8124153812726339,0.8145782947540283,0.806879460811615,0.8157883882522583,0.7260463039080302,0.7252851724624634,0.7259723544120789,0.7268813848495483,0.8211484750111898,0.8230835199356079,0.817983865737915,0.8223780393600464
sei_random,150000,0,41,0.0361464083671569,1156.7028842037544,0.7919157942136129,0.7924496531486511,0.7933474183082581,0.7899503111839294,0.8920993407567342,0.8953218460083008,0.8880592584609985,0.8929169178009033,0.8133996526400248,0.8088719844818115,0.8149532675743103,0.8163737058639526,0.8827563524246216,0.87968909740448,0.885467529296875,0.8831124305725098,0.8658243616422018,0.8772801756858826,0.8498070240020752,0.8703858852386475,0.8853111068407694,0.8886494040489197,0.8782616257667542,0.8890222907066345,0.8880529205004374,0.8921210765838623,0.8797537684440613,0.8922839164733887,0.799145778020223,0.8172181248664856,0.7875141501426697,0.7927050590515137,0.7784923116366068,0.7797129154205322,0.7807502746582031,0.7750137448310852,0.8921668728192648,0.8953474164009094,0.8879885673522949,0.8931646347045898,0.766713539759318,0.7719938158988953,0.7642036080360413,0.7639431953430176,0.890541136264801,0.8942505121231079,0.8832036256790161,0.894169270992279,0.7918799916903178,0.7917338609695435,0.7938399910926819,0.790066123008728,0.8923444151878357,0.8958695530891418,0.8882350921630859,0.8929286003112793
sei_random,150000,1,41,0.0381908874531587,2547.8733830880374,0.7760744094848633,0.7798367142677307,0.7770136594772339,0.7713728547096252,0.8740940491358439,0.8804537653923035,0.8700574040412903,0.871770977973938,0.7916353940963745,0.7946405410766602,0.7918088436126709,0.7884567975997925,0.8584162791570028,0.8622674942016602,0.8603048324584961,0.852676510810852,0.845820963382721,0.8637349009513855,0.8286839127540588,0.8450440764427185,0.8589016596476237,0.8671774864196777,0.8531233668327332,0.8564041256904602,0.8668071031570435,0.8723855018615723,0.857652485370636,0.8703833222389221,0.7802146474520365,0.801095187664032,0.7678190469741821,0.7717297077178955,0.763644258181254,0.7681007981300354,0.7656105756759644,0.7572214007377625,0.8746960957845052,0.8812698125839233,0.8705510497093201,0.8722674250602722,0.750696857770284,0.7597203850746155,0.7474173903465271,0.7449527978897095,0.8702665170033773,0.8783212900161743,0.8627347946166992,0.8697434663772583,0.7764154672622681,0.7798477411270142,0.7776360511779785,0.7717626094818115,0.8746093312899271,0.8813533186912537,0.8704044818878174,0.8720701932907104
sei_random,150000,1,41,0.0381908874531587,2561.1526402418967,0.7760744094848633,0.7798367142677307,0.7770136594772339,0.7713728547096252,0.8740940491358439,0.8804537653923035,0.8700574040412903,0.871770977973938,0.7916353940963745,0.7946405410766602,0.7918088436126709,0.7884567975997925,0.8584162791570028,0.8622674942016602,0.8603048324584961,0.852676510810852,0.845820963382721,0.8637349009513855,0.8286839127540588,0.8450440764427185,0.8589016596476237,0.8671774864196777,0.8531233668327332,0.8564041256904602,0.8668071031570435,0.8723855018615723,0.857652485370636,0.8703833222389221,0.7802146474520365,0.801095187664032,0.7678190469741821,0.7717297077178955,0.763644258181254,0.7681007981300354,0.7656105756759644,0.7572214007377625,0.8746960957845052,0.8812698125839233,0.8705510497093201,0.8722674250602722,0.750696857770284,0.7597203850746155,0.7474173903465271,0.7449527978897095,0.8702665170033773,0.8783212900161743,0.8627347946166992,0.8697434663772583,0.7764154672622681,0.7798477411270142,0.7776360511779785,0.7717626094818115,0.8746093312899271,0.8813533186912537,0.8704044818878174,0.8720701932907104
sei_random,150000,2,41,0.0367969577709833,1173.9323249519805,0.785299817721049,0.7889729142189026,0.7869486808776855,0.7799778580665588,0.883384644985199,0.8879994750022888,0.8809764385223389,0.8811780214309692,0.798745354016622,0.795495331287384,0.8024295568466187,0.798311173915863,0.8672856489817301,0.8655199408531189,0.8718015551567078,0.8645354509353638,0.8607325951258341,0.8736485242843628,0.8471706509590149,0.8613786101341248,0.8777706821759542,0.8838558793067932,0.873096764087677,0.8763594031333923,0.8792547980944315,0.8810153007507324,0.8725802898406982,0.884168803691864,0.7928776741027832,0.8097171783447266,0.7818907499313354,0.7870250940322876,0.772912343343099,0.7770557999610901,0.7756056785583496,0.7660755515098572,0.8841251134872437,0.8888352513313293,0.8814623355865479,0.8820777535438538,0.7578995227813721,0.7642866373062134,0.7572028040885925,0.7522091269493103,0.8786886930465698,0.8839516043663025,0.8735373616218567,0.8785771131515503,0.7854873538017273,0.7884750366210938,0.7875905632972717,0.7803964614868164,0.8836685021718343,0.888636589050293,0.881081759929657,0.881287157535553
sei_random,150000,3,25,0.0431226925472418,728.6139423530549,0.7370611429214478,0.7398594617843628,0.7371958494186401,0.7341281175613403,0.8316958944002787,0.8372864127159119,0.8282103538513184,0.829590916633606,0.7579602201779684,0.7600357532501221,0.7610785365104675,0.7527663707733154,0.8203075726826986,0.8236749768257141,0.8244875073432922,0.8127602338790894,0.796708345413208,0.814816415309906,0.7814790606498718,0.7938295602798462,0.8189515471458435,0.8246359825134277,0.8128359317779541,0.8193827271461487,0.8289969563484192,0.8361661434173584,0.8211347460746765,0.8296899795532227,0.7058186332384745,0.7265838384628296,0.6890664100646973,0.7018056511878967,0.7248197992642721,0.7280172109603882,0.725811779499054,0.720630407333374,0.832284152507782,0.8371533751487732,0.8288936614990234,0.8308054208755493,0.7132650017738342,0.7199183702468872,0.7101441025733948,0.7097325325012207,0.8277263840039571,0.8344051241874695,0.821204662322998,0.8275693655014038,0.7375001708666483,0.7395834922790527,0.738018810749054,0.7348982095718384,0.8323065241177877,0.8378875851631165,0.8287943601608276,0.830237627029419
sei_random,150000,4,41,0.0380797744770844,1182.1343205817975,0.7799532413482666,0.7825219631195068,0.778596043586731,0.778741717338562,0.877364973227183,0.8817570209503174,0.8727152347564697,0.877622663974762,0.799950122833252,0.7975443005561829,0.801782488822937,0.800523579120636,0.8681063254674276,0.8661327958106995,0.8710833787918091,0.8671028017997742,0.8556717236836752,0.8708024621009827,0.83937007188797,0.8568426370620728,0.8682918349901835,0.8726157546043396,0.8619627952575684,0.8702969551086426,0.8766211668650309,0.8821359276771545,0.8654694557189941,0.8822581171989441,0.7874210675557455,0.805412769317627,0.7752633690834045,0.7815870642662048,0.7677716811498007,0.7707891464233398,0.7677164673805237,0.7648094296455383,0.8778669039408366,0.882275402545929,0.873016893863678,0.8783084154129028,0.7551387548446655,0.7608392834663391,0.7521514892578125,0.752425491809845,0.8745642304420471,0.8793559074401855,0.8668515086174011,0.8774852752685547,0.7802952925364176,0.7821657657623291,0.7794519662857056,0.7792681455612183,0.8776373267173767,0.8821694850921631,0.8729842901229858,0.8777582049369812
sei_random,200000,0,44,0.032127677309513,1632.0327688632533,0.8146289388338724,0.8109145760536194,0.819861114025116,0.8131111264228821,0.9139717221260072,0.911396026611328,0.9141320586204528,0.9163870811462402,0.8334882656733195,0.8271124362945557,0.836620032787323,0.8367323279380798,0.9046733379364014,0.897810161113739,0.909209668636322,0.9070001840591432,0.8966869314511617,0.8988131284713745,0.8927937746047974,0.8984538912773132,0.9099646011988322,0.9098235368728638,0.9087721705436708,0.9112980961799622,0.9110562403996786,0.9095215797424316,0.9091052412986756,0.9145419001579284,0.8413318594296774,0.8507907390594482,0.8363655805587769,0.8368392586708069,0.8011486728986105,0.7983067035675049,0.8073180913925171,0.7978212237358093,0.9143044749895732,0.9115420579910278,0.9143962860107422,0.9169750809669496,0.7898979783058167,0.7916901111602783,0.792791485786438,0.7852123379707336,0.913007378578186,0.9117037653923036,0.9108423590660096,0.9164760112762452,0.8146743377049764,0.8104740381240845,0.8202442526817322,0.8133047223091125,0.9139799276987712,0.9115689992904664,0.9140300750732422,0.916340708732605
sei_random,200000,1,44,0.0350106716156005,3602.138226378942,0.7972201307614645,0.7995255589485168,0.8003600239753723,0.7917748093605042,0.8943890531857809,0.8987934589385986,0.8919053077697754,0.8924683928489685,0.8086633086204529,0.8054543733596802,0.8124832510948181,0.8080523014068604,0.8789239923159281,0.8754262328147888,0.8838444948196411,0.8775012493133545,0.8747359911600748,0.8891406059265137,0.8599717617034912,0.8750956058502197,0.8921696146329244,0.8971465229988098,0.8873622417449951,0.8920000791549683,0.8964991569519043,0.9029734134674072,0.8887603282928467,0.897763729095459,0.8243351976076762,0.8420752286911011,0.8130127191543579,0.8179176449775696,0.7844780286153158,0.7877243757247925,0.788818359375,0.7768913507461548,0.8950201074282328,0.8996465802192688,0.8923740983009338,0.8930396437644958,0.7741597096125284,0.7799654006958008,0.7749745845794678,0.7675391435623169,0.8946833809216818,0.9005640745162964,0.8885964751243591,0.8948895931243896,0.7974164883295695,0.799386739730835,0.8009289503097534,0.7919337749481201,0.8946341276168823,0.8995348215103149,0.8919845819473267,0.8923829793930054
sei_random,200000,1,44,0.0350106716156005,3621.015362191014,0.7972201307614645,0.7995255589485168,0.8003600239753723,0.7917748093605042,0.8943890531857809,0.8987934589385986,0.8919053077697754,0.8924683928489685,0.8086633086204529,0.8054543733596802,0.8124832510948181,0.8080523014068604,0.8789239923159281,0.8754262328147888,0.8838444948196411,0.8775012493133545,0.8747359911600748,0.8891406059265137,0.8599717617034912,0.8750956058502197,0.8921696146329244,0.8971465229988098,0.8873622417449951,0.8920000791549683,0.8964991569519043,0.9029734134674072,0.8887603282928467,0.897763729095459,0.8243351976076762,0.8420752286911011,0.8130127191543579,0.8179176449775696,0.7844780286153158,0.7877243757247925,0.788818359375,0.7768913507461548,0.8950201074282328,0.8996465802192688,0.8923740983009338,0.8930396437644958,0.7741597096125284,0.7799654006958008,0.7749745845794678,0.7675391435623169,0.8946833809216818,0.9005640745162964,0.8885964751243591,0.8948895931243896,0.7974164883295695,0.799386739730835,0.8009289503097534,0.7919337749481201,0.8946341276168823,0.8995348215103149,0.8919845819473267,0.8923829793930054
sei_random,200000,2,56,0.0331085641086101,2084.219721219968,0.8128398656845093,0.8148651123046875,0.814232349395752,0.8094221353530884,0.9111430048942566,0.9153271317481996,0.9068957567214966,0.9112061262130736,0.8287991086641947,0.8307647705078125,0.829261302947998,0.8263712525367737,0.8998456398646036,0.9006832838058472,0.9016692042350768,0.897184431552887,0.8903032739957174,0.9019346833229064,0.8795854449272156,0.88938969373703,0.9042375286420188,0.9075300693511964,0.9013559818267822,0.9038265347480774,0.9041638175646464,0.9077152609825134,0.8977183699607849,0.9070578217506408,0.8411173621813456,0.8538468480110168,0.8329265117645264,0.8365787267684937,0.799518903096517,0.8024728298187256,0.8020291328430176,0.7940547466278076,0.9114883542060852,0.915865957736969,0.9070945978164672,0.9115045070648192,0.7865865627924601,0.7925689816474915,0.7864610552787781,0.7807296514511108,0.9088409741719564,0.9137691259384156,0.9026333093643188,0.9101204872131348,0.8129333853721619,0.8145565390586853,0.8147004842758179,0.8095431327819824,0.9112643202145896,0.9158267974853516,0.9068718552589417,0.9110943078994752
sei_random,200000,3,44,0.0340024220228195,1623.1080344934016,0.7993739644686381,0.8023972511291504,0.802219808101654,0.7935048341751099,0.8976620634396871,0.9022144079208374,0.8960270881652832,0.8947446942329407,0.8194042841593424,0.8167799711227417,0.8215080499649048,0.8199248313903809,0.888873557249705,0.8870276212692261,0.8915460705757141,0.8880469799041748,0.8781957030296326,0.8906855583190918,0.8659451603889465,0.8779563903808594,0.8969630400339762,0.9010021090507508,0.893587052822113,0.8962999582290649,0.8983868559201559,0.9029872417449952,0.8928049206733704,0.899368405342102,0.8234113454818726,0.8388571739196777,0.8154541850090027,0.8159226775169373,0.7858842213948568,0.789626955986023,0.7897190451622009,0.7783066630363464,0.8978699644406637,0.9023472666740416,0.896075963973999,0.8951866626739502,0.7755963206291199,0.7824699878692627,0.7763246297836304,0.7679943442344666,0.8975399732589722,0.902969479560852,0.8934425115585327,0.8962079286575317,0.7994681596755981,0.801948070526123,0.8026719093322754,0.793784499168396,0.897848645846049,0.902620792388916,0.8961381316184998,0.8947870135307312
sei_random,200000,4,44,0.0320827891111373,1628.9211839479394,0.813358207543691,0.8108780384063721,0.8184061646461487,0.8107904195785522,0.913037916024526,0.912655234336853,0.912024199962616,0.9144343137741088,0.8321408828099569,0.8264164924621582,0.8340436816215515,0.8359624743461609,0.9037640492121378,0.8994178175926208,0.9060141444206238,0.905860185623169,0.8928393125534058,0.9014785885810852,0.8802329897880554,0.8968063592910767,0.9057091673215232,0.9083390831947328,0.9009885787963868,0.9077998399734496,0.9080746372540792,0.9102910161018372,0.9008445143699646,0.9130883812904358,0.8385759393374125,0.8505043387413025,0.8302682638168335,0.8349552154541016,0.8000061909357706,0.7985820770263672,0.8060149550437927,0.7954215407371521,0.9131449460983276,0.9128814935684204,0.911906123161316,0.9146472215652466,0.7872629364331564,0.7890661358833313,0.7897840738296509,0.7829385995864868,0.9107834895451864,0.9116092920303344,0.9070271253585817,0.9137140512466432,0.813506563504537,0.8103054761886597,0.8190796375274658,0.8111345767974854,0.913105309009552,0.912858784198761,0.9120324850082396,0.9144246578216552
sei_random,300000,0,79,0.0297801228384176,4267.44272620324,0.8356523712476095,0.8331530094146729,0.8398168683052063,0.8339872360229492,0.9356975356737772,0.9336482882499696,0.9329577684402466,0.9404865503311156,0.8553894559542338,0.8518458604812622,0.8552696704864502,0.859052836894989,0.931647797425588,0.9264816641807556,0.932080626487732,0.9363811016082764,0.9138447642326356,0.9143467545509338,0.909427523612976,0.9177600145339966,0.9218152364095052,0.9204195737838744,0.9212585687637328,0.9237675666809082,0.9223495920499166,0.919385552406311,0.9215601682662964,0.9261030554771424,0.8731930255889893,0.8797109127044678,0.8696940541267395,0.8701741099357605,0.8213313221931458,0.8197910189628601,0.8268156051635742,0.8173873424530029,0.9360872904459636,0.9341362714767456,0.933229684829712,0.9408959150314332,0.8062689105669657,0.8077215552330017,0.8091968894004822,0.8018882870674133,0.9308063387870787,0.9295957684516908,0.9271031022071838,0.935720145702362,0.8358329733212789,0.832830548286438,0.8403865694999695,0.8342818021774292,0.9359347422917684,0.9341485500335692,0.933080554008484,0.940575122833252
sei_random,300000,1,72,0.0298813028613726,12904.26249759039,0.8329076170921326,0.8310903310775757,0.8373947739601135,0.8302377462387085,0.9338998794555664,0.9336674213409424,0.9313787817955016,0.9366534352302552,0.8520417014757792,0.848430335521698,0.8529962301254272,0.8546985387802124,0.92742387453715,0.9223634004592896,0.9288418889045716,0.9310663342475892,0.9140026370684304,0.9166104793548584,0.9099764227867126,0.9154210090637208,0.9204419453938802,0.921299397945404,0.921325147151947,0.9187012910842896,0.9226611057917276,0.9248592853546144,0.9191827774047852,0.9239412546157836,0.8703117966651917,0.8761245012283325,0.8681126832962036,0.8666982054710388,0.8187850912412008,0.8178921341896057,0.8244612812995911,0.8140018582344055,0.9343422849973044,0.9342867136001588,0.9315192699432372,0.9372208714485168,0.804144044717153,0.8065943121910095,0.8067814111709595,0.7990564107894897,0.92950568596522,0.9301933646202089,0.925682246685028,0.9326414465904236,0.8330626090367635,0.8306801319122314,0.837870180606842,0.830637514591217,0.9341407616933188,0.9340807795524596,0.9314762949943542,0.936865210533142
sei_random,300000,1,72,0.0298813028613726,12995.884502334986,0.8329076170921326,0.8310903310775757,0.8373947739601135,0.8302377462387085,0.9338998794555664,0.9336674213409424,0.9313787817955016,0.9366534352302552,0.8520417014757792,0.848430335521698,0.8529962301254272,0.8546985387802124,0.92742387453715,0.9223634004592896,0.9288418889045716,0.9310663342475892,0.9140026370684304,0.9166104793548584,0.9099764227867126,0.9154210090637208,0.9204419453938802,0.921299397945404,0.921325147151947,0.9187012910842896,0.9226611057917276,0.9248592853546144,0.9191827774047852,0.9239412546157836,0.8703117966651917,0.8761245012283325,0.8681126832962036,0.8666982054710388,0.8187850912412008,0.8178921341896057,0.8244612812995911,0.8140018582344055,0.9343422849973044,0.9342867136001588,0.9315192699432372,0.9372208714485168,0.804144044717153,0.8065943121910095,0.8067814111709595,0.7990564107894897,0.92950568596522,0.9301933646202089,0.925682246685028,0.9326414465904236,0.8330626090367635,0.8306801319122314,0.837870180606842,0.830637514591217,0.9341407616933188,0.9340807795524596,0.9314762949943542,0.936865210533142
sei_random,300000,1,72,0.0298813028613726,12891.796976132784,0.8329076170921326,0.8310903310775757,0.8373947739601135,0.8302377462387085,0.9338998794555664,0.9336674213409424,0.9313787817955016,0.9366534352302552,0.8520417014757792,0.848430335521698,0.8529962301254272,0.8546985387802124,0.92742387453715,0.9223634004592896,0.9288418889045716,0.9310663342475892,0.9140026370684304,0.9166104793548584,0.9099764227867126,0.9154210090637208,0.9204419453938802,0.921299397945404,0.921325147151947,0.9187012910842896,0.9226611057917276,0.9248592853546144,0.9191827774047852,0.9239412546157836,0.8703117966651917,0.8761245012283325,0.8681126832962036,0.8666982054710388,0.8187850912412008,0.8178921341896057,0.8244612812995911,0.8140018582344055,0.9343422849973044,0.9342867136001588,0.9315192699432372,0.9372208714485168,0.804144044717153,0.8065943121910095,0.8067814111709595,0.7990564107894897,0.92950568596522,0.9301933646202089,0.925682246685028,0.9326414465904236,0.8330626090367635,0.8306801319122314,0.837870180606842,0.830637514591217,0.9341407616933188,0.9340807795524596,0.9314762949943542,0.936865210533142
sei_random,300000,2,72,0.0296253028641144,3955.8790845288895,0.8336207667986552,0.8316119909286499,0.8376989364624023,0.8315513730049133,0.9342367251714072,0.9338389039039612,0.9315035343170166,0.9373677372932434,0.8534796833992004,0.8505341410636902,0.8554344177246094,0.8544704914093018,0.927257259686788,0.9233688712120056,0.9299907684326172,0.928412139415741,0.9148335854212444,0.9181333780288696,0.9105924367904664,0.915774941444397,0.9201749364535012,0.9190126061439514,0.920949935913086,0.9205622673034668,0.9231481949488322,0.9237807989120485,0.9203498363494872,0.9253139495849608,0.8698765436808268,0.8801141381263733,0.8662595748901367,0.8632559180259705,0.8194842537244161,0.8183081150054932,0.824828028678894,0.8153166174888611,0.9346770644187928,0.934277892112732,0.9317880868911744,0.937965214252472,0.8040139476458231,0.8066056966781616,0.8072571754455566,0.7981789708137512,0.929231564203898,0.9303850531578064,0.9254701137542723,0.9318395256996156,0.8339414199193319,0.8312974572181702,0.8383915424346924,0.8321352601051331,0.9345731337865194,0.9343366622924804,0.9317200183868408,0.9376627206802368
sei_random,300000,3,64,0.0309655286043882,3464.051630528178,0.8228209813435873,0.8225211501121521,0.8262337446212769,0.8197080492973328,0.9235191146532694,0.923072338104248,0.9204124212265016,0.9270725846290588,0.839646061261495,0.8381535410881042,0.8408417701721191,0.8399428725242615,0.9137300252914428,0.9110978245735168,0.915683925151825,0.9144083261489868,0.9029797315597534,0.9093294739723206,0.8924971222877502,0.9071125984191896,0.913961430390676,0.9149228930473328,0.910454273223877,0.916507124900818,0.9145167271296184,0.9166788458824158,0.907776951789856,0.9190943837165833,0.8621035218238831,0.8691802024841309,0.8567537665367126,0.8603765964508057,0.8092697461446127,0.8098878860473633,0.8138478994369507,0.8040734529495239,0.923957367738088,0.9236776828765868,0.9205732941627502,0.9276211261749268,0.7963285048802694,0.8006260991096497,0.7977829575538635,0.7905764579772949,0.9205405910809836,0.9218600988388062,0.9150195717811584,0.9247421026229858,0.8230248689651489,0.8221499919891357,0.8269312977790833,0.8199933171272278,0.9237706859906516,0.923617422580719,0.9204986691474916,0.927195966243744
sei_random,300000,4,72,0.0298817781766255,3923.34487419622,0.8336170117060343,0.8315765857696533,0.8384939432144165,0.8307805061340332,0.9350722829500834,0.933509111404419,0.9321837425231934,0.939523994922638,0.8565647403399149,0.8539124131202698,0.8567862510681152,0.8589955568313599,0.9334885279337564,0.929779887199402,0.9337468147277832,0.9369388818740844,0.916836400826772,0.9183474779129028,0.9120187759399414,0.920142948627472,0.9215652942657472,0.9201711416244508,0.9217526912689208,0.9227720499038696,0.9244684974352518,0.9247462153434752,0.9212427139282228,0.9274165630340576,0.8761248588562012,0.8829073905944824,0.8728876113891602,0.8725795745849609,0.8191760977109274,0.8180174231529236,0.8252955675125122,0.8142153024673462,0.935471256573995,0.9339541792869568,0.932386875152588,0.9400727152824402,0.8055306673049927,0.807915210723877,0.8093401193618774,0.7993366718292236,0.931461751461029,0.9307430982589722,0.9273836612701416,0.9362584948539734,0.8338612715403239,0.8312944173812866,0.8390730023384094,0.8312163949012756,0.9354669451713562,0.9341241717338562,0.9324304461479188,0.9398462176322936
sei_synth,10000,0,25,0.0919601313471794,89.52234260505065,0.3879722356796264,0.386145532131195,0.3863463401794433,0.3914248347282409,0.4291886687278747,0.4261033535003662,0.4275747835636139,0.4338878691196441,0.4524283111095428,0.4601827561855316,0.4515925347805023,0.4455096423625946,0.4768812259038289,0.4868104457855224,0.4769041538238525,0.4669290781021118,0.3471833566824595,0.3459925055503845,0.3328606784343719,0.362696886062622,0.313057005405426,0.2773583829402923,0.3086990118026733,0.3531136214733124,0.3533680737018585,0.320915013551712,0.3433620631694793,0.3958271443843841,0.3053828775882721,0.2757647037506103,0.2966024279594421,0.3437815010547638,0.3852083484331767,0.3815135955810547,0.3845599293708801,0.3895515203475952,0.433839996655782,0.4296706020832062,0.4326291382312774,0.4392202496528625,0.3602936764558156,0.354023665189743,0.3605815768241882,0.3662757873535156,0.4109277129173279,0.4029003083705902,0.4090826213359833,0.4208002090454101,0.3877709408601125,0.385948121547699,0.3861625492572784,0.3912021517753601,0.4284692207972209,0.4256747364997864,0.4269387423992157,0.4327941834926605
sei_synth,10000,1,22,0.1070897333621978,180.7338650149759,0.309231420358022,0.2949132025241852,0.3513827919960022,0.2813982665538788,0.3455174763997395,0.3258182406425476,0.3974422216415405,0.3132919669151306,0.3479216198126475,0.3362460136413574,0.3880367279052734,0.3194821178913116,0.3686843514442444,0.3535939157009125,0.4163763225078583,0.3360828161239624,0.2961753805478413,0.2837820947170257,0.3379448056221008,0.2667992413043976,0.24672665198644,0.234147623181343,0.2943513095378876,0.2116810232400894,0.2709379096825917,0.2577710747718811,0.3082426190376282,0.246800035238266,0.1852793743213018,0.1663468927145004,0.2109749019145965,0.1785163283348083,0.3079606791337331,0.2927724123001098,0.3491867482662201,0.2819228768348694,0.350140909353892,0.3294035196304321,0.4019636511802673,0.3190555572509765,0.2828247646490733,0.2689227163791656,0.324390172958374,0.2551614046096802,0.3243950605392456,0.3046865463256836,0.3776010572910309,0.2908975780010223,0.310337762037913,0.2960973083972931,0.352423220872879,0.2824927568435669,0.3461803992589314,0.3265831768512726,0.3979706466197967,0.3139873743057251
sei_synth,10000,1,22,0.1070897333621978,174.7485167880077,0.309231420358022,0.2949132025241852,0.3513827919960022,0.2813982665538788,0.3455174763997395,0.3258182406425476,0.3974422216415405,0.3132919669151306,0.3479216198126475,0.3362460136413574,0.3880367279052734,0.3194821178913116,0.3686843514442444,0.3535939157009125,0.4163763225078583,0.3360828161239624,0.2961753805478413,0.2837820947170257,0.3379448056221008,0.2667992413043976,0.24672665198644,0.234147623181343,0.2943513095378876,0.2116810232400894,0.2709379096825917,0.2577710747718811,0.3082426190376282,0.246800035238266,0.1852793743213018,0.1663468927145004,0.2109749019145965,0.1785163283348083,0.3079606791337331,0.2927724123001098,0.3491867482662201,0.2819228768348694,0.350140909353892,0.3294035196304321,0.4019636511802673,0.3190555572509765,0.2828247646490733,0.2689227163791656,0.324390172958374,0.2551614046096802,0.3243950605392456,0.3046865463256836,0.3776010572910309,0.2908975780010223,0.310337762037913,0.2960973083972931,0.352423220872879,0.2824927568435669,0.3461803992589314,0.3265831768512726,0.3979706466197967,0.3139873743057251
sei_synth,10000,2,21,0.096456829726696,84.86390164215118,0.4284590681393941,0.4000913500785827,0.4441754817962646,0.4411103725433349,0.4831058979034424,0.441365897655487,0.5072509050369263,0.5007008910179138,0.4941254953543345,0.4693157970905304,0.5121150612831116,0.5009456276893616,0.5220942695935568,0.4916349649429321,0.5460383296012878,0.5286095142364502,0.4012973407904307,0.3768677115440368,0.4207148849964142,0.406309425830841,0.3525444368521372,0.3214050531387329,0.3848110735416412,0.3514171838760376,0.352885643641154,0.3211286664009094,0.3814098834991455,0.356118381023407,0.285919725894928,0.2602441310882568,0.2801420986652374,0.3173729479312897,0.4194275339444478,0.3922733068466186,0.4361018538475036,0.4299074411392212,0.483107844988505,0.4409224987030029,0.5079691410064697,0.5004318952560425,0.385752667983373,0.3615991175174713,0.4018342196941376,0.3938246667385101,0.4490120808283488,0.4080078601837158,0.4742295145988464,0.4647988677024841,0.4292401671409607,0.4005038738250732,0.4449635744094848,0.442253053188324,0.4831062356630961,0.4412261247634887,0.5071465373039246,0.500946044921875
sei_synth,10000,3,25,0.0957339575290679,90.41849726391956,0.4522139728069305,0.4093957543373108,0.4596198499202728,0.487626314163208,0.5121514995892843,0.4563083052635193,0.5245939493179321,0.5555522441864014,0.4882128338019053,0.4426255524158478,0.4993526935577392,0.5226602554321289,0.5187005599339803,0.4676812887191772,0.5352721810340881,0.5531482100486755,0.424800584713618,0.3950921595096588,0.4255622327327728,0.4537473618984222,0.4000873764355977,0.3528666496276855,0.4103485941886902,0.4370468854904175,0.402771105368932,0.3499175906181335,0.4053627550601959,0.4530329704284668,0.3044837812582652,0.2813175320625305,0.2862872779369354,0.3458465337753296,0.4426879485448201,0.4015437960624695,0.4510335326194763,0.4754865169525146,0.5121627648671468,0.4557797908782959,0.5251542329788208,0.5555542707443237,0.4155742824077606,0.3776679337024688,0.4216106235980987,0.4474442899227142,0.4844553172588348,0.4304562211036682,0.4958531558513641,0.5270565748214722,0.4530106782913208,0.4099100828170776,0.4603561758995056,0.4887657761573791,0.5124983390172323,0.4567307829856872,0.5247061252593994,0.5560581088066101
sei_synth,10000,4,51,0.1023582145571708,302.66902898298576,0.4385874072710673,0.3977265954017639,0.4422151148319244,0.4758205115795135,0.4924152394135793,0.4454968869686126,0.495839774608612,0.5359090566635132,0.4852735499540965,0.4616588354110718,0.4827546179294586,0.511407196521759,0.5160691738128662,0.4893996119499206,0.5150977969169617,0.5437101125717163,0.4126105010509491,0.3916894793510437,0.4024820923805237,0.4436599314212799,0.399081399043401,0.3699770867824554,0.4011949598789215,0.4260721504688263,0.3931973576545715,0.3548206686973572,0.4004996418952942,0.4242717623710632,0.3084458808104197,0.2791963517665863,0.2944892048835754,0.3516520857810974,0.4301237463951111,0.3900888562202453,0.4344812929630279,0.4658010900020599,0.4924856126308441,0.4453929960727691,0.4963490962982178,0.5357147455215454,0.4020135502020518,0.3656303882598877,0.4058095812797546,0.434600681066513,0.46623095870018,0.4229524731636047,0.4680552780628204,0.507685124874115,0.4380293885866801,0.3965951800346374,0.441761314868927,0.4757316708564758,0.4918513496716817,0.4447392225265503,0.495189905166626,0.5356249213218689
sei_synth,25000,0,59,0.0884783923387527,309.9390588863753,0.5165164669354757,0.4712256789207458,0.5221369862556458,0.5561867356300354,0.5827999909718832,0.5309938192367554,0.590531051158905,0.626875102519989,0.5593304634094238,0.5239210724830627,0.5674366354942322,0.5866336822509766,0.5998105009396871,0.5571116805076599,0.6122326850891113,0.63008713722229,0.5085407694180807,0.4730951189994812,0.511161744594574,0.5413654446601868,0.5091739396254221,0.4785485565662384,0.5070323348045349,0.5419409275054932,0.506240447362264,0.4616477489471435,0.5010063648223877,0.5560672283172607,0.4188045461972554,0.3873341679573059,0.4115896821022033,0.4574897885322571,0.5092483758926392,0.4642214179039001,0.5156304836273193,0.547893226146698,0.5848644971847534,0.5322214961051941,0.5927832126617432,0.629588782787323,0.4852024515469869,0.4450489580631256,0.4883369505405426,0.5222214460372925,0.5645917057991028,0.5154010057449341,0.5690016150474548,0.6093724966049194,0.5168014864126841,0.4708620607852936,0.5226600170135498,0.556882381439209,0.5830038587252299,0.5311124324798584,0.5906912684440613,0.62720787525177
sei_synth,25000,1,26,0.0931499742746353,355.80994136212394,0.4782891869544983,0.4244398176670074,0.4814868867397308,0.5289408564567566,0.536048819621404,0.4744845926761627,0.539768397808075,0.5938934683799744,0.5125526487827301,0.4628783166408539,0.5169205069541931,0.5578591227531433,0.5477458437283834,0.4923425912857055,0.5547709465026855,0.596123993396759,0.4538016815980275,0.4128564000129699,0.4482305943965912,0.5003180503845215,0.4391522010167439,0.3772065937519073,0.4432143568992615,0.4970356523990631,0.4494241376717885,0.3899182379245758,0.4469398856163025,0.5114142894744873,0.3980262279510498,0.3717683553695678,0.3793067932128906,0.4430035352706909,0.4691458245118459,0.4153617918491363,0.4725008010864258,0.5195748805999756,0.5361157457033793,0.473005473613739,0.5399395227432251,0.5954022407531738,0.4407141705354054,0.3906924128532409,0.4438794255256653,0.4875706732273102,0.5104762812455496,0.4489522278308868,0.5126677751541138,0.569808840751648,0.4789524674415588,0.4245014190673828,0.4822076559066772,0.5301483273506165,0.5358911752700806,0.473868727684021,0.5395686626434326,0.5942361354827881
sei_synth,25000,1,26,0.0931499742746353,346.7563411949668,0.4782891869544983,0.4244398176670074,0.4814868867397308,0.5289408564567566,0.536048819621404,0.4744845926761627,0.539768397808075,0.5938934683799744,0.5125526487827301,0.4628783166408539,0.5169205069541931,0.5578591227531433,0.5477458437283834,0.4923425912857055,0.5547709465026855,0.596123993396759,0.4538016815980275,0.4128564000129699,0.4482305943965912,0.5003180503845215,0.4391522010167439,0.3772065937519073,0.4432143568992615,0.4970356523990631,0.4494241376717885,0.3899182379245758,0.4469398856163025,0.5114142894744873,0.3980262279510498,0.3717683553695678,0.3793067932128906,0.4430035352706909,0.4691458245118459,0.4153617918491363,0.4725008010864258,0.5195748805999756,0.5361157457033793,0.473005473613739,0.5399395227432251,0.5954022407531738,0.4407141705354054,0.3906924128532409,0.4438794255256653,0.4875706732273102,0.5104762812455496,0.4489522278308868,0.5126677751541138,0.569808840751648,0.4789524674415588,0.4245014190673828,0.4822076559066772,0.5301483273506165,0.5358911752700806,0.473868727684021,0.5395686626434326,0.5942361354827881
sei_synth,25000,2,22,0.0955450041651725,148.79544172110036,0.4304503699143727,0.3928995430469513,0.4496865272521972,0.4487650394439697,0.4873598019282023,0.4349847435951233,0.5145832896232605,0.5125113725662231,0.4834006428718567,0.4522323310375213,0.5019267797470093,0.4960428178310394,0.5146226982275645,0.4755525290966034,0.5406108498573303,0.5277047157287598,0.4244388341903686,0.3876549303531647,0.4433099031448364,0.4423516690731048,0.3963092466195424,0.3470989167690277,0.4253447949886322,0.4164840281009674,0.3873679439226786,0.3348441421985626,0.4124390184879303,0.4148206710815429,0.3342387278874715,0.2962755858898163,0.3288124799728393,0.3776281177997589,0.4253876705964406,0.3884921073913574,0.4452632367610931,0.4424076676368713,0.4896284937858581,0.4365655779838562,0.5175944566726685,0.5147254467010498,0.3979886770248413,0.3621456027030945,0.4178727269172668,0.4139477014541626,0.4625391960144043,0.4089163243770599,0.4910647273063659,0.487636536359787,0.4307806293169657,0.3930302262306213,0.4500710070133209,0.4492406547069549,0.4872405429681142,0.4348711669445038,0.5143894553184509,0.5124610066413879
sei_synth,25000,3,87,0.087328418803215,433.1222507199273,0.546033501625061,0.511448085308075,0.5498218536376953,0.5768305659294128,0.6146551569302877,0.5709291696548462,0.6206616163253784,0.6523746848106384,0.5876536965370178,0.5574977993965149,0.5923524498939514,0.6131108403205872,0.6299514571825663,0.5932953357696533,0.6380075216293335,0.6585515141487122,0.5400794943173727,0.5108722448348999,0.5428861975669861,0.5664800405502319,0.5457631349563599,0.5128203630447388,0.5482081174850464,0.5762609243392944,0.539938747882843,0.4974238872528076,0.53726726770401,0.5851250886917114,0.4593618313471476,0.4357554316520691,0.455160915851593,0.4871691465377807,0.5382107496261597,0.5035501718521118,0.5437091588973999,0.5673729181289673,0.6164355874061584,0.5715115070343018,0.6228510141372681,0.6549442410469055,0.5161686340967814,0.4831847548484802,0.5207258462905884,0.5445953011512756,0.5985867579778036,0.5542253851890564,0.6037912964820862,0.6377435922622681,0.5464807947476705,0.5113139152526855,0.5505300760269165,0.5775983929634094,0.6150582830111185,0.5712843537330627,0.6209192872047424,0.6529712080955505
sei_synth,25000,4,84,0.0883552925467491,423.6707512550056,0.5427354971567789,0.506180465221405,0.5527236461639404,0.5693023800849915,0.6074396769205729,0.5649778246879578,0.6194790005683899,0.6378622055053711,0.5779976844787598,0.5520597696304321,0.5846458673477173,0.5972874164581299,0.6179687976837158,0.5854822397232056,0.6290372014045715,0.6393869519233704,0.5301130414009094,0.5086199045181274,0.5314493775367737,0.5502698421478271,0.5385257999102274,0.5044043660163879,0.5472434163093567,0.5639296174049377,0.5361196100711823,0.4878911674022674,0.542269766330719,0.5781978964805603,0.4456498523553212,0.4148757755756378,0.4470164775848388,0.475057303905487,0.5341024100780487,0.4986402690410614,0.5441378355026245,0.5595291256904602,0.6087450782457987,0.5660205483436584,0.6207174062728882,0.6394972801208496,0.5073431034882864,0.4729314148426056,0.5168861746788025,0.5322117209434509,0.5850121180216471,0.543546736240387,0.5950919389724731,0.6163976788520813,0.5434608459472656,0.5070172548294067,0.553651750087738,0.5697135329246521,0.6080206632614136,0.5657474398612976,0.620235025882721,0.6380795240402222
sei_synth,50000,0,54,0.0728069275617599,1764.0808821721002,0.6532288988431295,0.6303625702857971,0.6602843403816223,0.669039785861969,0.740747332572937,0.7171346545219421,0.7454208731651306,0.7596864700317383,0.6841278870900472,0.6692962646484375,0.6905940175056458,0.6924933791160583,0.7433578173319498,0.7265989780426025,0.7522502541542053,0.7512242197990417,0.6958592335383097,0.6973975300788879,0.6874784827232361,0.7027016878128052,0.6998011668523153,0.6916040182113647,0.7003991007804871,0.707400381565094,0.7106000185012817,0.7003942728042603,0.7077369689941406,0.7236688137054443,0.6397325197855631,0.6278219223022461,0.6372920274734497,0.6540836095809937,0.6425235470136007,0.6199427843093872,0.6502093076705933,0.6574185490608215,0.7415557503700256,0.7172099947929382,0.7465722560882568,0.7608850002288818,0.6268742680549622,0.6095971465110779,0.6301755309104919,0.6408501267433167,0.7303392291069031,0.7099979519844055,0.7325978875160217,0.748421847820282,0.6533502141634623,0.6298762559890747,0.6608760356903076,0.6692983508110046,0.7409418225288391,0.7173110246658325,0.7457413673400879,0.7597730755805969
sei_synth,50000,1,106,0.0650807908535003,3280.3252254030667,0.7091324130694071,0.7084007263183594,0.7068374752998352,0.7121590375900269,0.802260180314382,0.8021130561828613,0.7945730090141296,0.8100944757461548,0.7524411876996359,0.7526684999465942,0.7489429116249084,0.7557121515274048,0.8134290973345438,0.8139764666557312,0.8116058111190796,0.8147050142288208,0.7645834485689799,0.7774180173873901,0.7432847023010254,0.7730476260185242,0.7592633565266927,0.7645806074142456,0.7473234534263611,0.7658860087394714,0.7635282476743063,0.769896924495697,0.7484193444252014,0.7722684741020203,0.7186234792073568,0.7317754030227661,0.7011400461196899,0.7229549884796143,0.6965130567550659,0.6955528855323792,0.6955517530441284,0.6984345316886902,0.8020328084627787,0.8013206720352173,0.7944263219833374,0.8103514313697815,0.6831926306088766,0.6863617300987244,0.6761792302131653,0.68703693151474,0.7935279011726379,0.7957664132118225,0.7810037732124329,0.8038135170936584,0.709077517191569,0.7075616717338562,0.7073339819908142,0.7123368978500366,0.8022423982620239,0.8020477294921875,0.7946428656578064,0.8100365996360779
sei_synth,50000,2,53,0.0743974245309829,532.9243257832713,0.650331179300944,0.6270957589149475,0.6537494659423828,0.6701483130455017,0.7352945605913798,0.7115424275398254,0.7363836169242859,0.7579576373100281,0.68231729666392,0.6672189831733704,0.6856483817100525,0.6940845251083374,0.7376871903737386,0.7182868719100952,0.7434239387512207,0.7513507604598999,0.675959050655365,0.6653053164482117,0.6654626727104187,0.6971091628074646,0.6834564606348673,0.66569983959198,0.6811913251876831,0.703478217124939,0.693338135878245,0.6710503697395325,0.6871300935745239,0.7218339443206787,0.6319645245869955,0.6193907856941223,0.6247987151145935,0.6517040729522705,0.6393586993217468,0.6155582070350647,0.6447138786315918,0.657804012298584,0.7359838684399923,0.7111216187477112,0.7376094460487366,0.759220540523529,0.621284544467926,0.6007219552993774,0.6229933500289917,0.6401383280754089,0.7210920651753744,0.6967915892601013,0.719557523727417,0.7469270825386047,0.6507685581843058,0.626742422580719,0.6547725796699524,0.6707906723022461,0.7358564337094625,0.7120668292045593,0.7369475364685059,0.7585549354553223
sei_synth,50000,3,53,0.0753944136381149,522.8073415728286,0.6636945207913717,0.6396715641021729,0.6684596538543701,0.682952344417572,0.7498793999354044,0.7224797606468201,0.7524706721305847,0.7746877670288086,0.6924298206965128,0.6746793985366821,0.6983004212379456,0.7043096423149109,0.747413714726766,0.7274481654167175,0.7549030780792236,0.7598899006843567,0.7024590174357096,0.6986404657363892,0.6907508373260498,0.7179857492446899,0.7017777562141418,0.6874797344207764,0.6993419528007507,0.7185115814208984,0.697787324587504,0.6768578886985779,0.6937220096588135,0.7227820754051208,0.649903933207194,0.6410046815872192,0.6444413661956787,0.6642657518386841,0.6527437369028727,0.6279484033584595,0.6587554812431335,0.6715273261070251,0.7506658633550009,0.7225355505943298,0.7535081505775452,0.7759538888931274,0.6306178172429403,0.6100896596908569,0.631691575050354,0.6500722169876099,0.7308798829714457,0.7056581974029541,0.7300368547439575,0.7569445967674255,0.6642240285873413,0.6389655470848083,0.6695538759231567,0.6841526627540588,0.7502391735712687,0.7224949598312378,0.7527498602867126,0.7754727005958557
sei_synth,50000,4,55,0.074195691716671,977.017248829361,0.664700965086619,0.648637056350708,0.666000247001648,0.6794655919075012,0.7498553593953451,0.732457160949707,0.7493253946304321,0.767783522605896,0.6982241868972778,0.6847895383834839,0.6997509002685547,0.7101321220397949,0.7544766068458557,0.7402912378311157,0.7579758763313293,0.7651627063751221,0.6990607380867004,0.6954284310340881,0.6881654858589172,0.713588297367096,0.7092043161392212,0.6980180740356445,0.7056127786636353,0.7239820957183838,0.707570751508077,0.6946144700050354,0.7026944756507874,0.7254033088684082,0.6498191754023234,0.6471010446548462,0.6383461952209473,0.6640102863311768,0.6531815727551779,0.6370906829833984,0.6553400158882141,0.6671140193939209,0.7497143745422363,0.7313483357429504,0.7493904232978821,0.7684043645858765,0.6308618982632955,0.616974949836731,0.6312930583953857,0.6443176865577698,0.7329503297805786,0.7154572606086731,0.730781078338623,0.7526126503944397,0.6645773847897848,0.6475852727890015,0.6664211750030518,0.679725706577301,0.7499169111251831,0.7323084473609924,0.7493999004364014,0.7680423855781555
sei_synth,100000,0,31,0.0553530173718929,609.549840298947,0.764746884504954,0.7628057599067688,0.7637106776237488,0.7677242159843445,0.8623849153518677,0.8616896271705627,0.8567638397216797,0.8687012791633606,0.7894337972005209,0.7878798842430115,0.79080730676651,0.789614200592041,0.8558017015457153,0.8556826114654541,0.8573100566864014,0.8544124364852905,0.8247057000796,0.8384443521499634,0.8063034415245056,0.829369306564331,0.8223293423652649,0.8286847472190857,0.8129074573516846,0.8253958225250244,0.8319870233535767,0.8354201316833496,0.8236695528030396,0.8368713855743408,0.8077253301938375,0.816199541091919,0.7954766750335693,0.8114997744560242,0.7520665923754374,0.7506809830665588,0.7524855136871338,0.7530332803726196,0.8631993134816488,0.8621946573257446,0.8575165271759033,0.8698867559432983,0.7365481456120809,0.7387387156486511,0.7331967353820801,0.7377089858055115,0.854473332564036,0.855685830116272,0.8466950058937073,0.8610391616821289,0.7650392055511475,0.7624558806419373,0.7645272016525269,0.7681345343589783,0.8630309502283732,0.862453043460846,0.8573324084281921,0.8693073987960815
sei_synth,100000,1,33,0.0567203956127166,1422.5259831498845,0.7622725168863932,0.7595236301422119,0.7610102891921997,0.7662836313247681,0.8586363792419434,0.8566247820854187,0.8522364497184753,0.867047905921936,0.7913714051246643,0.787429690361023,0.7938894033432007,0.7927951216697693,0.857655664285024,0.8540975451469421,0.8612121939659119,0.857657253742218,0.8168496092160543,0.8293408155441284,0.7977766394615173,0.8234313726425171,0.8129836519559225,0.8146644234657288,0.8064533472061157,0.8178331851959229,0.8262457450230917,0.8300111293792725,0.8178154826164246,0.8309106230735779,0.7998618086179098,0.8082299828529358,0.7864218950271606,0.8049335479736328,0.7502306501070658,0.7480239868164062,0.7502360939979553,0.7524318695068359,0.8598198692003886,0.8577132225036621,0.8532005548477173,0.8685458302497864,0.732849657535553,0.7327638864517212,0.7297986149787903,0.7359864711761475,0.8491201400756836,0.8478438854217529,0.8406007885932922,0.8589157462120056,0.7629070083300272,0.759488046169281,0.7622451782226562,0.7669878005981445,0.8595418731371561,0.857495129108429,0.853251576423645,0.8678789138793945
sei_synth,100000,1,33,0.0567203956127166,1424.7257033679634,0.7622725168863932,0.7595236301422119,0.7610102891921997,0.7662836313247681,0.8586363792419434,0.8566247820854187,0.8522364497184753,0.867047905921936,0.7913714051246643,0.787429690361023,0.7938894033432007,0.7927951216697693,0.857655664285024,0.8540975451469421,0.8612121939659119,0.857657253742218,0.8168496092160543,0.8293408155441284,0.7977766394615173,0.8234313726425171,0.8129836519559225,0.8146644234657288,0.8064533472061157,0.8178331851959229,0.8262457450230917,0.8300111293792725,0.8178154826164246,0.8309106230735779,0.7998618086179098,0.8082299828529358,0.7864218950271606,0.8049335479736328,0.7502306501070658,0.7480239868164062,0.7502360939979553,0.7524318695068359,0.8598198692003886,0.8577132225036621,0.8532005548477173,0.8685458302497864,0.732849657535553,0.7327638864517212,0.7297986149787903,0.7359864711761475,0.8491201400756836,0.8478438854217529,0.8406007885932922,0.8589157462120056,0.7629070083300272,0.759488046169281,0.7622451782226562,0.7669878005981445,0.8595418731371561,0.857495129108429,0.853251576423645,0.8678789138793945
sei_synth,100000,2,31,0.0574573506951332,619.7127606756985,0.7587939699490865,0.7545682191848755,0.7572973966598511,0.764516294002533,0.8532361189524332,0.8508329391479492,0.8473937511444092,0.8614816665649414,0.7765935858090719,0.7706893086433411,0.7782660722732544,0.7808253765106201,0.8454733888308207,0.8411861062049866,0.8473361730575562,0.8478978872299194,0.8085438013076782,0.8215630054473877,0.7887857556343079,0.8152826428413391,0.8073147932688395,0.808207631111145,0.8000162839889526,0.8137204647064209,0.8159585992495219,0.8208833932876587,0.8062511086463928,0.8207412958145142,0.7839105129241943,0.7905607223510742,0.7706441879272461,0.7905266284942627,0.7469728390375773,0.7436016201972961,0.7464367747306824,0.7508801221847534,0.8546375433603922,0.8520734310150146,0.8486794233322144,0.8631597757339478,0.727286676565806,0.7281115055084229,0.7238878011703491,0.7298607230186462,0.844063957532247,0.8437926173210144,0.835994303226471,0.8524049520492554,0.7594493826230367,0.7545457482337952,0.7584435343742371,0.7653588652610779,0.8541384140650431,0.8517109155654907,0.8483445644378662,0.8623597621917725
sei_synth,100000,3,31,0.0566367189884185,608.929866115097,0.7609829107920328,0.7578434944152832,0.759742259979248,0.7653629779815674,0.8567477265993754,0.855413556098938,0.8508508801460266,0.8639787435531616,0.7825230161348978,0.7792676687240601,0.7854145765304565,0.782886803150177,0.8462474147478739,0.8448225855827332,0.8496392965316772,0.8442803621292114,0.8184546033541361,0.8316940665245056,0.8015373945236206,0.8221323490142822,0.8188226421674093,0.82188481092453,0.810884952545166,0.8236981630325317,0.8236190478006998,0.8268962502479553,0.8140990734100342,0.8298618197441101,0.789824366569519,0.798682689666748,0.7779562473297119,0.7928341627120972,0.7477305928866068,0.745755136013031,0.7473527193069458,0.7500839233398438,0.8570370674133301,0.8554694056510925,0.8509480357170105,0.8646937608718872,0.7298443913459778,0.7322899103164673,0.7251162528991699,0.7321270108222961,0.8474042614301046,0.848271906375885,0.8387101888656616,0.8552306890487671,0.7610729535420736,0.7574067711830139,0.7601587772369385,0.7656533122062683,0.8570863803227743,0.8557666540145874,0.8511043787002563,0.864388108253479
sei_synth,100000,4,31,0.0563431275367736,624.7093262532726,0.7596558332443237,0.7533912062644958,0.761002779006958,0.7645735144615173,0.8567380706469218,0.8532718420028687,0.8518791794776917,0.8650631904602051,0.7819908261299133,0.7768649458885193,0.7839021682739258,0.7852053642272949,0.8490554491678873,0.8443996906280518,0.8524255752563477,0.8503410816192627,0.8183331886927286,0.8325451016426086,0.7977413535118103,0.8247131109237671,0.8147826393445333,0.8159233331680298,0.807895839214325,0.8205287456512451,0.8257613380750021,0.8266875743865967,0.8170818090438843,0.8335146307945251,0.7973461151123047,0.8016257286071777,0.7857214212417603,0.8046911954879761,0.7475032806396484,0.7413779497146606,0.7502155303955078,0.7509163618087769,0.8576489686965942,0.8539831638336182,0.8526884317398071,0.8662753105163574,0.7327865759531657,0.7322108745574951,0.731135904788971,0.735012948513031,0.8492720723152161,0.8484281897544861,0.8415102958679199,0.8578777313232422,0.7599601546923319,0.7526647448539734,0.762057363986969,0.7651583552360535,0.8574585119883219,0.8539080023765564,0.8526453971862793,0.8658221364021301
sei_synth,150000,0,39,0.0493948817511399,1103.222703639418,0.7979598641395569,0.7979117035865784,0.7969223260879517,0.7990455627441406,0.8947720925013224,0.8970175385475159,0.8879990577697754,0.899299681186676,0.8177964289983114,0.816979706287384,0.8197975754737854,0.8166120052337646,0.8859968582789103,0.8867248892784119,0.8875217437744141,0.883743941783905,0.8604468504587809,0.8753462433815002,0.8434672355651855,0.862527072429657,0.8614932497342428,0.8658890128135681,0.854892909526825,0.8636978268623352,0.8684486746788025,0.8727850317955017,0.8603606820106506,0.8722003102302551,0.857642650604248,0.8634815812110901,0.8472410440444946,0.8622053265571594,0.7848373254140218,0.7850921750068665,0.7855536937713623,0.7838661074638367,0.8958211143811544,0.8979352712631226,0.8888283967971802,0.9006996750831604,0.7666502197583517,0.7701903581619263,0.765269935131073,0.7644903659820557,0.8877084056536356,0.8914592862129211,0.8797906637191772,0.8918752670288086,0.7982375423113505,0.797509491443634,0.7976308465003967,0.7995722889900208,0.8952135046323141,0.897547721862793,0.888405978679657,0.8996868133544922
sei_synth,150000,1,25,0.0499699762662251,1608.2335017540026,0.7868539492289225,0.7846317291259766,0.7862975597381592,0.7896325588226318,0.8863780498504639,0.884962260723114,0.8794732093811035,0.8946986794471741,0.80635005235672,0.7997010350227356,0.8091683387756348,0.8101807832717896,0.8754448294639587,0.8703783750534058,0.8779691457748413,0.8779869675636292,0.8486398855845133,0.8604444861412048,0.8294745087623596,0.8560006618499756,0.8492078383763632,0.848227322101593,0.8429321646690369,0.8564640283584595,0.858421802520752,0.8609873652458191,0.8484334349632263,0.8658446073532104,0.842539111773173,0.8464125990867615,0.8318066000938416,0.849398136138916,0.7736509839693705,0.7719692587852478,0.7745487093925476,0.7744349837303162,0.8873696525891622,0.886002779006958,0.8803148865699768,0.8957912921905518,0.757813016573588,0.7591044902801514,0.7551672458648682,0.7591673135757446,0.8789493838946024,0.8801056742668152,0.8694321513175964,0.8873103260993958,0.7870781620343527,0.7843018174171448,0.7870842218399048,0.7898484468460083,0.8871174256006876,0.8858184218406677,0.8803067803382874,0.8952270746231079
sei_synth,150000,1,25,0.0499699762662251,1607.2202621069737,0.7868539492289225,0.7846317291259766,0.7862975597381592,0.7896325588226318,0.8863780498504639,0.884962260723114,0.8794732093811035,0.8946986794471741,0.80635005235672,0.7997010350227356,0.8091683387756348,0.8101807832717896,0.8754448294639587,0.8703783750534058,0.8779691457748413,0.8779869675636292,0.8486398855845133,0.8604444861412048,0.8294745087623596,0.8560006618499756,0.8492078383763632,0.848227322101593,0.8429321646690369,0.8564640283584595,0.858421802520752,0.8609873652458191,0.8484334349632263,0.8658446073532104,0.842539111773173,0.8464125990867615,0.8318066000938416,0.849398136138916,0.7736509839693705,0.7719692587852478,0.7745487093925476,0.7744349837303162,0.8873696525891622,0.886002779006958,0.8803148865699768,0.8957912921905518,0.757813016573588,0.7591044902801514,0.7551672458648682,0.7591673135757446,0.8789493838946024,0.8801056742668152,0.8694321513175964,0.8873103260993958,0.7870781620343527,0.7843018174171448,0.7870842218399048,0.7898484468460083,0.8871174256006876,0.8858184218406677,0.8803067803382874,0.8952270746231079
sei_synth,150000,2,41,0.0474932662685712,1174.206760472618,0.7993748784065247,0.7956883311271667,0.8012845516204834,0.8011517524719238,0.8986201683680216,0.8982659578323364,0.8923841118812561,0.9052104353904724,0.8211686611175537,0.8213684558868408,0.8213998675346375,0.8207376599311829,0.8915625214576721,0.8922656178474426,0.8915420770645142,0.8908798694610596,0.8643719355265299,0.8775007724761963,0.8479183912277222,0.8676966428756714,0.8689865867296854,0.8731855750083923,0.8627292513847351,0.871044933795929,0.873430053393046,0.8765156269073486,0.8661894798278809,0.8775850534439087,0.8660739660263062,0.8679859042167664,0.8574992418289185,0.8727367520332336,0.7860593597094218,0.7829196453094482,0.7894706726074219,0.7857877612113953,0.8996416926383972,0.8990294337272644,0.8932796716690063,0.9066159725189208,0.7711243629455566,0.7715048789978027,0.7711682319641113,0.7706999778747559,0.8924436767896017,0.8933013677597046,0.8847292065620422,0.8993004560470581,0.7996943990389506,0.7953742742538452,0.8021213412284851,0.8015875816345215,0.8992343346277872,0.8989118933677673,0.8930155634880066,0.905775547027588
sei_synth,150000,3,40,0.046708405482769,1129.301265086979,0.804492175579071,0.8057675957679749,0.8037636280059814,0.8039453029632568,0.9033524592717488,0.9073680639266968,0.8955152034759521,0.9071741104125975,0.8233056863149008,0.8248296976089478,0.8241757154464722,0.8209116458892822,0.8925321300824484,0.8951821327209473,0.8928070664405823,0.8896071910858154,0.872125526269277,0.8883813619613647,0.8553487062454224,0.8726465106010437,0.875309944152832,0.8823490142822266,0.8684069514274597,0.8751738667488098,0.8787506620089213,0.8840280771255493,0.8712382912635803,0.8809856176376343,0.8682877024014791,0.8748624324798584,0.8587554097175598,0.871245265007019,0.7912929455439249,0.7931369543075562,0.7921972274780273,0.7885446548461914,0.9043503602345784,0.908088207244873,0.8963154554367065,0.9086474180221558,0.7752889593442281,0.7805652618408203,0.7729622721672058,0.7723393440246582,0.8972735603650411,0.9015732407569884,0.8885112404823303,0.9017361998558044,0.805023193359375,0.805596113204956,0.8047926425933838,0.8046808242797852,0.9040910800298056,0.9081560373306274,0.8962196707725525,0.9078975319862366
sei_synth,150000,4,25,0.0528678561488787,750.0956561439671,0.7810479203859965,0.7776332497596741,0.7816470861434937,0.7838634252548218,0.8774845004081726,0.8762811422348022,0.8722009062767029,0.8839714527130127,0.7959835131963094,0.7901670336723328,0.7991195321083069,0.7986639738082886,0.864838699499766,0.8607528209686279,0.8680256605148315,0.8657376170158386,0.8381538192431132,0.8534834980964661,0.8192267417907715,0.841751217842102,0.8369608322779337,0.8383599519729614,0.8315532207489014,0.8409693241119385,0.8500882983207703,0.8547273874282837,0.8422616124153137,0.8532758951187134,0.83149786790212,0.8383716344833374,0.8188710808753967,0.8372508883476257,0.7682487567265829,0.7656779289245605,0.7696757316589355,0.7693926095962524,0.8782498637835184,0.8768125772476196,0.872790515422821,0.8851464986801147,0.7504432797431946,0.7525007128715515,0.7480602264404297,0.7507688999176025,0.8685936530431112,0.8696885108947754,0.8610706925392151,0.875021755695343,0.7813194990158081,0.7770987749099731,0.7825773358345032,0.784282386302948,0.8780230681101481,0.8767697811126709,0.8728371858596802,0.8844622373580933
sei_synth,200000,0,44,0.0423964810609817,1631.6952194999903,0.8205056389172872,0.8228487372398376,0.8194932341575623,0.8191749453544617,0.9181264837582906,0.9223871231079102,0.910207450389862,0.9217848777770996,0.8420047163963318,0.8427426815032959,0.8419170379638672,0.8413544297218323,0.914468010266622,0.914832353591919,0.9131296277046204,0.9154420495033264,0.8880680799484253,0.9045320749282836,0.8722264170646667,0.8874457478523254,0.8939558664957682,0.9006338715553284,0.8872324824333191,0.8940012454986572,0.8950715859731039,0.8997965455055237,0.8872126936912537,0.8982055187225342,0.8916507562001547,0.8952796459197998,0.8838945031166077,0.8957781195640564,0.8065409461657206,0.8097602128982544,0.8072195649147034,0.8026430606842041,0.9187102715174356,0.922889769077301,0.9105654954910278,0.9226755499839784,0.7918485204378763,0.7974333167076111,0.7902923226356506,0.7878199219703674,0.9129839936892192,0.9182970523834229,0.9040430784225464,0.9166118502616882,0.8208836913108826,0.8226666450500488,0.8202154636383057,0.8197689652442932,0.918457329273224,0.9227861762046814,0.9104249477386476,0.9221608638763428
sei_synth,200000,1,44,0.0420992318809032,3602.913679794176,0.8216357628504435,0.82173752784729,0.821660041809082,0.8215097188949585,0.9195992946624756,0.9209883213043212,0.9125769138336182,0.9252326488494872,0.835616946220398,0.8357741236686707,0.8357319831848145,0.8353447318077087,0.9063774347305298,0.9077362418174744,0.9059012532234192,0.9054948091506958,0.8961689074834188,0.906725287437439,0.8805842995643616,0.9011971354484558,0.9000821510950724,0.9020906090736388,0.8965280055999756,0.9016278386116028,0.8989757498105367,0.9014787077903748,0.8910763263702393,0.904372215270996,0.8948681354522705,0.8988689184188843,0.8874983787536621,0.8982371091842651,0.8077766100565592,0.8084178566932678,0.8093578815460205,0.8055540919303894,0.9203023314476012,0.9214037656784058,0.9132215976715088,0.9262816309928894,0.7928157846132914,0.7970650792121887,0.7910181283950806,0.790364146232605,0.9148033459981284,0.9169077277183532,0.9065755605697632,0.9209267497062684,0.8220996459325155,0.8214796781539917,0.82272869348526,0.8220905661582947,0.920066793759664,0.921499490737915,0.9130572080612184,0.9256436824798584
sei_synth,200000,1,44,0.0420992318809032,3618.573707178002,0.8216357628504435,0.82173752784729,0.821660041809082,0.8215097188949585,0.9195992946624756,0.9209883213043212,0.9125769138336182,0.9252326488494872,0.835616946220398,0.8357741236686707,0.8357319831848145,0.8353447318077087,0.9063774347305298,0.9077362418174744,0.9059012532234192,0.9054948091506958,0.8961689074834188,0.906725287437439,0.8805842995643616,0.9011971354484558,0.9000821510950724,0.9020906090736388,0.8965280055999756,0.9016278386116028,0.8989757498105367,0.9014787077903748,0.8910763263702393,0.904372215270996,0.8948681354522705,0.8988689184188843,0.8874983787536621,0.8982371091842651,0.8077766100565592,0.8084178566932678,0.8093578815460205,0.8055540919303894,0.9203023314476012,0.9214037656784058,0.9132215976715088,0.9262816309928894,0.7928157846132914,0.7970650792121887,0.7910181283950806,0.790364146232605,0.9148033459981284,0.9169077277183532,0.9065755605697632,0.9209267497062684,0.8220996459325155,0.8214796781539917,0.82272869348526,0.8220905661582947,0.920066793759664,0.921499490737915,0.9130572080612184,0.9256436824798584
sei_synth,200000,2,44,0.0414631459236145,1658.031724816654,0.8225424687067667,0.8235960006713867,0.823101818561554,0.8209295868873596,0.9209295312563578,0.9248177409172058,0.9135787487030028,0.9243921041488647,0.8408847053845724,0.8414949178695679,0.8401249051094055,0.8410342931747437,0.9148322939872742,0.9154679179191588,0.9130802750587464,0.9159486889839172,0.8922516902287801,0.908335268497467,0.8747138977050781,0.8937059044837952,0.9021989504496256,0.9071508049964904,0.8969419598579407,0.9025040864944458,0.9006178776423136,0.9060067534446716,0.8927577137947083,0.903089165687561,0.8971424102783203,0.9010750651359558,0.8891437649726868,0.9012084007263184,0.8085804979006449,0.8101152777671814,0.8109222054481506,0.8047040104866028,0.9214639663696288,0.9252493977546692,0.9138785004615784,0.9252640008926392,0.7941420276959738,0.798723578453064,0.7936623096466064,0.7900401949882507,0.9157461325327556,0.92030268907547,0.9071996808052064,0.9197360277175904,0.8228904008865356,0.8232638239860535,0.8240178227424622,0.8213895559310913,0.921248972415924,0.9252026677131652,0.9138676524162292,0.9246765971183776
sei_synth,200000,3,44,0.0427221705913543,1626.112050530035,0.817208488782247,0.8184794187545776,0.816426157951355,0.8167198896408081,0.9163309137026469,0.9205713868141174,0.9077019095420836,0.9207194447517396,0.8399323026339213,0.8437825441360474,0.8384957313537598,0.8375186324119568,0.9113623897234598,0.915777623653412,0.909886121749878,0.9084234237670898,0.8886093298594157,0.9053521156311036,0.8719214200973511,0.8885544538497925,0.8985663851102194,0.9061713218688964,0.8919034600257874,0.8976243734359741,0.8997839291890463,0.9078346490859984,0.8908584713935852,0.9006586670875549,0.8915182749430338,0.897367000579834,0.8832325339317322,0.8939552903175354,0.8034999966621399,0.8057144284248352,0.8040536642074585,0.800731897354126,0.9171289006868998,0.9213507771492004,0.908097505569458,0.921938419342041,0.7892414728800455,0.7934079170227051,0.7883254289627075,0.7859910726547241,0.911909282207489,0.9162801504135132,0.9029348492622375,0.9165128469467164,0.8177166183789571,0.8183266520500183,0.817426323890686,0.817396879196167,0.9168744285901388,0.9212042093276978,0.9081596732139589,0.9212594032287598
sei_synth,200000,4,44,0.042060812652111,1631.4893439933658,0.8230746388435364,0.8221278786659241,0.8242150545120239,0.8228809833526611,0.922412077585856,0.9236950874328612,0.9163763523101808,0.9271647930145264,0.8473522067070007,0.845134437084198,0.8483351469039917,0.8485870361328125,0.9210543831189474,0.9186415076255798,0.9208096861839294,0.9237119555473328,0.8959401249885559,0.9074444770812988,0.8806585669517517,0.8997173309326172,0.9021277825037638,0.9051108360290528,0.8981093168258667,0.903163194656372,0.9052417675654092,0.9083326458930968,0.8992114663124084,0.9081811904907228,0.8973791400591532,0.8997299075126648,0.8906009793281555,0.9018065333366394,0.8091592590014139,0.8088366985321045,0.8119879961013794,0.8066530823707581,0.9228384494781494,0.9239383935928344,0.9166451692581176,0.927931785583496,0.7941086888313293,0.7963644862174988,0.7953256368637085,0.7906359434127808,0.916937291622162,0.9191990494728088,0.9098665714263916,0.9217462539672852,0.8234216570854187,0.8218443393707275,0.825078010559082,0.8233426213264465,0.9227829774220784,0.9240289330482484,0.916722536087036,0.9275974631309508
sei_synth,300000,0,95,0.0369426879306634,5126.2125324951485,0.8388806382815043,0.8377056121826172,0.8412772417068481,0.8376590609550476,0.9387821157773336,0.9384316205978394,0.9351028203964232,0.942811906337738,0.860552171866099,0.8608180284500122,0.8596686720848083,0.8611698150634766,0.9362680315971376,0.9351955652236938,0.9349353313446044,0.938673198223114,0.9219678044319152,0.9287785291671752,0.915709912776947,0.9214149713516236,0.923543353875478,0.924984097480774,0.9225425720214844,0.923103392124176,0.923991858959198,0.92403644323349,0.9223206043243408,0.9256185293197632,0.9190200169881184,0.9195678234100342,0.91620534658432,0.9212868809700012,0.8245684703191122,0.8242309093475342,0.8286932706832886,0.8207812309265137,0.9390967885653178,0.9386519193649292,0.9352759718894958,0.9433624744415284,0.8092511494954427,0.8117443323135376,0.8113321661949158,0.8046769499778748,0.9348127841949464,0.9354051947593688,0.9303651452064514,0.9386680126190186,0.8391304016113281,0.8372437953948975,0.8419805765151978,0.8381668329238892,0.9389316240946451,0.9385720491409302,0.935215711593628,0.9430071115493774
sei_synth,300000,1,72,0.0364372763653596,7897.996100474149,0.8414760629336039,0.8387101292610168,0.8457523584365845,0.8399657011032104,0.9411418239275614,0.93861186504364,0.9394764304161072,0.945337176322937,0.8623925050099691,0.8594244122505188,0.8639906048774719,0.8637624979019165,0.9367385903994242,0.9329931139945984,0.9384778738021852,0.9387447834014891,0.9234042565027872,0.926219880580902,0.9177266359329224,0.9262662529945374,0.9255925416946412,0.9245507717132568,0.925931453704834,0.9262953996658324,0.9266156355539956,0.9244266748428344,0.9256744384765624,0.9297457933425904,0.9205510020256042,0.9196730852127076,0.9188783764839172,0.923101544380188,0.8268765409787496,0.8249189257621765,0.8326855301856995,0.8230251669883728,0.9414691925048828,0.9389172792434692,0.939608097076416,0.9458822011947632,0.8123595118522644,0.8138058185577393,0.8162908554077148,0.8069818615913391,0.9363234837849936,0.9346508979797364,0.9341051578521729,0.9402143955230712,0.8417103489240011,0.8382682800292969,0.8464906811714172,0.8403720855712891,0.9413173596064248,0.9388219118118286,0.939616322517395,0.9455138444900512
sei_synth,300000,2,87,0.0380478434403737,4764.880045804195,0.8392748832702637,0.8384032249450684,0.8427426815032959,0.8366787433624268,0.9375965793927512,0.9363322854042052,0.9344974756240844,0.9419599771499634,0.8613361120223999,0.8606955409049988,0.8620153665542603,0.8612974286079407,0.935980498790741,0.9339527487754822,0.9358952045440674,0.9380935430526732,0.916966160138448,0.9206163883209229,0.9108592867851256,0.9194228053092957,0.9188170035680135,0.918134331703186,0.9175031781196594,0.9208135008811952,0.9197358091672262,0.917437732219696,0.917472779750824,0.9242969155311584,0.9147130449612936,0.9135460257530212,0.9129644632339478,0.9176286458969116,0.8248864014943441,0.8248430490493774,0.8300162553787231,0.8197999000549316,0.9378773967425028,0.9365188479423524,0.9346122145652772,0.9425011277198792,0.8094886938730875,0.8122379183769226,0.8122348785400391,0.803993284702301,0.9321262240409852,0.9311539530754088,0.9282901287078856,0.9369345903396606,0.8394232392311096,0.8379055857658386,0.8432867527008057,0.8370773792266846,0.9377294977506002,0.9365428686141968,0.9345152974128724,0.9421303272247314
sei_synth,300000,3,95,0.0372134008526802,5105.657140880823,0.8403831919034322,0.8391426205635071,0.8439692258834839,0.8380377292633057,0.9399490753809612,0.9384926557540894,0.937889575958252,0.943464994430542,0.8634122212727865,0.8637299537658691,0.8635465502738953,0.862960159778595,0.9371409813563027,0.9371845722198486,0.9367240071296692,0.9375143647193908,0.9205267826716104,0.9238142371177672,0.9157969355583192,0.9219691753387452,0.9242389798164368,0.923350989818573,0.9238860607147216,0.9254798889160156,0.9238353967666626,0.922592043876648,0.9225831031799316,0.9263310432434082,0.9176650643348694,0.9170997142791748,0.9161224961280824,0.9197729825973512,0.8257484436035156,0.8255647420883179,0.8306366801261902,0.8210439085960388,0.9402708609898884,0.938862442970276,0.9379785656929016,0.943971574306488,0.8109973669052124,0.8138073682785034,0.8136518597602844,0.8055328726768494,0.9358830054601034,0.9349008798599244,0.932929754257202,0.9398183822631836,0.8404318491617838,0.8384522199630737,0.8444215059280396,0.8384218215942383,0.9401031335194906,0.9387592077255248,0.9379453063011168,0.9436048865318298
sei_synth,300000,4,72,0.0357701316972573,3932.1319927265863,0.8420246243476868,0.8392124176025391,0.8459221124649048,0.8409393429756165,0.942088544368744,0.9409828186035156,0.9392457008361816,0.9460371136665344,0.8664500912030538,0.8653174042701721,0.8668245077133179,0.8672083616256714,0.9432752132415771,0.941700041294098,0.9425286054611206,0.9455969929695128,0.9254995187123616,0.9312115907669068,0.9190965294837952,0.9261904358863832,0.9278448224067688,0.9286145567893982,0.9271682500839232,0.9277516603469848,0.929289718468984,0.929086685180664,0.9265320897102356,0.9322503805160522,0.922356386979421,0.9213325381278992,0.9204772114753724,0.9252594113349916,0.8277981678644816,0.8259691596031189,0.8332216739654541,0.8242036700248718,0.9425923426946003,0.9415316581726074,0.9395198225975036,0.9467255473136902,0.813016672929128,0.8150584697723389,0.8160849213600159,0.8079066276550293,0.937872032324473,0.9381340742111206,0.933924436569214,0.9415575861930848,0.842254102230072,0.8388011455535889,0.8464975357055664,0.8414636254310608,0.942268212636312,0.941177487373352,0.9393469095230104,0.9462802410125732
synth_oracle,10000,0,26,0.1128074277639389,90.99348277924582,0.3735984762509663,0.3586105704307556,0.3749679028987884,0.3872169554233551,0.4153081278006236,0.3952611684799194,0.4211015105247497,0.4295617043972015,0.4183938602606455,0.4078501760959625,0.4186598658561706,0.4286715388298034,0.4448712567488352,0.4302113652229309,0.4490652978420257,0.4553371071815491,0.3544243971506755,0.3529813289642334,0.3480908572673797,0.3622010052204132,0.286576102177302,0.2743267118930816,0.3000560104846954,0.285345584154129,0.2768917580445607,0.2632472515106201,0.2864656746387481,0.2809623479843139,0.308379332224528,0.288744568824768,0.2849059998989105,0.3514874279499054,0.36765256524086,0.353649228811264,0.3695113062858581,0.3797971606254577,0.4169078369935353,0.3969888091087341,0.4234510362148285,0.4302836656570434,0.3321928381919861,0.3222583532333374,0.3328275382518768,0.341492623090744,0.383937805891037,0.3640017509460449,0.3906661570072174,0.3971455097198486,0.3736244042714436,0.3583186268806457,0.3752198219299316,0.3873347640037536,0.4146712124347687,0.3948160707950592,0.4205902218818664,0.4286073446273803
synth_oracle,10000,1,21,0.1126428751945495,178.34287823387422,0.3607720136642456,0.3275436758995056,0.3843590021133423,0.3704133629798889,0.4126107494036357,0.3661128282546997,0.4422052502632141,0.4295141696929931,0.4244329035282135,0.3961659669876098,0.4419720768928528,0.4351606667041778,0.4525878330071767,0.4157768785953522,0.4766795635223388,0.4653070569038391,0.364405890305837,0.3332042992115021,0.3934305608272552,0.3665828108787536,0.2870238622029622,0.2583416998386383,0.3317066431045532,0.2710232436656952,0.2640785525242488,0.2341724336147308,0.3088368475437164,0.249226376414299,0.2491664538780848,0.2145367413759231,0.254264235496521,0.2786983847618103,0.3576708734035492,0.3261106610298157,0.3818952441215515,0.3650067150592804,0.4160100718339284,0.3695478439331054,0.4464916288852691,0.4319907426834106,0.3265019257863362,0.2971027493476867,0.3521289229393005,0.3302741050720215,0.3833552797635396,0.3377244472503662,0.4170010685920715,0.3953403234481811,0.3607409497102101,0.3273197412490845,0.3842777907848358,0.3706253170967102,0.411910464366277,0.3655069470405578,0.4414072930812835,0.4288171529769897
synth_oracle,10000,1,21,0.1126428751945495,178.88517129514366,0.3607720136642456,0.3275436758995056,0.3843590021133423,0.3704133629798889,0.4126107494036357,0.3661128282546997,0.4422052502632141,0.4295141696929931,0.4244329035282135,0.3961659669876098,0.4419720768928528,0.4351606667041778,0.4525878330071767,0.4157768785953522,0.4766795635223388,0.4653070569038391,0.364405890305837,0.3332042992115021,0.3934305608272552,0.3665828108787536,0.2870238622029622,0.2583416998386383,0.3317066431045532,0.2710232436656952,0.2640785525242488,0.2341724336147308,0.3088368475437164,0.249226376414299,0.2491664538780848,0.2145367413759231,0.254264235496521,0.2786983847618103,0.3576708734035492,0.3261106610298157,0.3818952441215515,0.3650067150592804,0.4160100718339284,0.3695478439331054,0.4464916288852691,0.4319907426834106,0.3265019257863362,0.2971027493476867,0.3521289229393005,0.3302741050720215,0.3833552797635396,0.3377244472503662,0.4170010685920715,0.3953403234481811,0.3607409497102101,0.3273197412490845,0.3842777907848358,0.3706253170967102,0.411910464366277,0.3655069470405578,0.4414072930812835,0.4288171529769897
synth_oracle,10000,2,26,0.1127702919840812,93.86348812328652,0.402553637822469,0.3958451151847839,0.3913150429725647,0.4205007553100586,0.4551934798558553,0.4386338293552398,0.4474520981311798,0.4794945120811462,0.471568355957667,0.4594903588294983,0.4627630412578583,0.4924516677856445,0.4977131088574727,0.4798426330089569,0.4937675893306732,0.5195291042327881,0.3806192378203074,0.3720996379852295,0.3763153851032257,0.393442690372467,0.2720697124799092,0.2877770960330963,0.2731291651725769,0.2553028762340545,0.2557793160279591,0.2677169144153595,0.2566013932228088,0.2430196404457092,0.3039994736512502,0.2826189398765564,0.2826535105705261,0.3467259705066681,0.3951659897963206,0.3892608880996704,0.3853892982006073,0.4108477830886841,0.457003504037857,0.4394711554050445,0.4508531391620636,0.480686217546463,0.3512654801209767,0.3499351739883423,0.34126016497612,0.362601101398468,0.4112546344598134,0.3970640897750854,0.4062376022338867,0.4304622113704681,0.4027923146883647,0.3960053324699402,0.3914434909820556,0.4209281206130981,0.4547351400057475,0.4384117722511291,0.4467810988426208,0.4790125489234924
synth_oracle,10000,3,24,0.1113652946949005,88.06151383789256,0.4158088266849518,0.4037308096885681,0.4247025847434997,0.4189930856227875,0.467201550801595,0.4468494355678558,0.4817515015602112,0.4730037152767181,0.4813596506913503,0.4633839130401611,0.4973073005676269,0.4833877384662628,0.505817323923111,0.4841257631778717,0.5240463614463806,0.5092798471450806,0.3920880754788716,0.3791205286979675,0.4010143280029297,0.3961293697357178,0.2980450093746185,0.2922382950782776,0.3187710642814636,0.2831256687641144,0.2891402542591095,0.2793497145175934,0.3092338740825653,0.2788371741771698,0.3224819401899974,0.2980319857597351,0.3104622364044189,0.358951598405838,0.4072235226631164,0.3948195576667785,0.4170445799827575,0.4098064303398132,0.4675361514091491,0.4451986849308014,0.4827430546283722,0.4746667146682739,0.3671561976273854,0.3574056327342987,0.3763925433158874,0.3676704168319702,0.4277009566624959,0.4060502052307129,0.4434492290019989,0.433603435754776,0.4161663750807444,0.403988778591156,0.4251511394977569,0.4193592071533203,0.4667016367117564,0.4466571807861328,0.4810985922813415,0.4723491370677948
synth_oracle,10000,4,34,0.1136190494894981,353.28498138394207,0.3557072977224986,0.3293090462684631,0.3503584563732147,0.3874543905258178,0.4028250674406687,0.3702801167964935,0.4002735316753387,0.4379215538501739,0.4180602133274078,0.3867193460464477,0.4111788868904114,0.4562824070453644,0.4423237641652425,0.408944696187973,0.43804532289505,0.4799812734127044,0.350004643201828,0.3376168310642242,0.3342691957950592,0.3781279027462005,0.2618558009465535,0.2585963308811188,0.2678344547748565,0.2591366171836853,0.2617833415667216,0.2609367072582245,0.2593815624713897,0.2650317549705505,0.3113780518372853,0.2839356362819671,0.298271119594574,0.3519273996353149,0.3529222210248311,0.3263862431049347,0.349751740694046,0.3826286792755127,0.4072178602218628,0.3741273581981659,0.4056638777256012,0.4418623447418213,0.3196000059445699,0.3010448813438415,0.3193407654762268,0.3384143710136413,0.3749017814795176,0.3479970097541809,0.3743436336517334,0.4023647010326385,0.3553418020407359,0.3281312584877014,0.3506558239459991,0.3872383236885071,0.402482400337855,0.3698171377182007,0.4001471400260925,0.4374829232692718
synth_oracle,25000,0,56,0.1029386975288391,296.4530981509015,0.4856018722057342,0.4370313286781311,0.4980808794498443,0.5216934084892273,0.548404594262441,0.4957138895988464,0.5591315627098083,0.5903683304786682,0.5311704874038696,0.4952943325042724,0.5347513556480408,0.5634657740592957,0.5716065764427185,0.5296224355697632,0.5784847140312195,0.6067125797271729,0.4848212202390035,0.4542245268821716,0.4879505634307861,0.5122885704040527,0.4142252107461293,0.3717761933803558,0.4328011572360992,0.438098281621933,0.4118125140666961,0.3640853762626648,0.4240646660327911,0.4472874999046325,0.4769550065199534,0.448501706123352,0.4766229093074798,0.5057404041290283,0.4793076117833455,0.4319009184837341,0.4923295378684997,0.5136923789978027,0.5507665872573853,0.4975290894508362,0.5620793104171753,0.5926913619041443,0.4435904622077942,0.4010947942733764,0.4545989036560058,0.4750776886940002,0.5147616267204285,0.4624888300895691,0.5260454416275024,0.5557506084442139,0.4854475061098735,0.4363368153572082,0.4982569813728332,0.5217487215995789,0.5480684041976929,0.4952330589294433,0.5589538216590881,0.5900183320045471
synth_oracle,25000,1,21,0.1139719770789146,306.0038558039814,0.4269455869992574,0.4063758850097656,0.4386751353740692,0.4357857406139374,0.4826801220575968,0.4513711333274841,0.4985375106334686,0.4981317222118377,0.4919430514176686,0.4736415445804596,0.5004802942276001,0.5017073154449463,0.5174667338530222,0.4952572286128998,0.5277560353279114,0.5293869376182556,0.3789483606815338,0.3626763522624969,0.3734337091445923,0.4007350206375122,0.2783780892690022,0.2644081711769104,0.3011359274387359,0.2695901691913605,0.264765312274297,0.2452198266983032,0.2929974198341369,0.256078690290451,0.3179064293702443,0.2793274521827698,0.3042502999305725,0.3701415359973907,0.417331725358963,0.3978753685951233,0.4298113882541656,0.4243084192276001,0.482301910718282,0.4507299661636352,0.4982587099075317,0.4979170560836792,0.3683097064495086,0.35252845287323,0.3776547610759735,0.3747459053993225,0.430775781472524,0.4012543559074402,0.4448261260986328,0.446246862411499,0.4272077083587646,0.4061333835124969,0.4391562938690185,0.4363334476947784,0.4822850128014882,0.4510572254657745,0.4980376958847046,0.4977601170539856
synth_oracle,25000,1,21,0.1139719770789146,305.1409606339876,0.4269455869992574,0.4063758850097656,0.4386751353740692,0.4357857406139374,0.4826801220575968,0.4513711333274841,0.4985375106334686,0.4981317222118377,0.4919430514176686,0.4736415445804596,0.5004802942276001,0.5017073154449463,0.5174667338530222,0.4952572286128998,0.5277560353279114,0.5293869376182556,0.3789483606815338,0.3626763522624969,0.3734337091445923,0.4007350206375122,0.2783780892690022,0.2644081711769104,0.3011359274387359,0.2695901691913605,0.264765312274297,0.2452198266983032,0.2929974198341369,0.256078690290451,0.3179064293702443,0.2793274521827698,0.3042502999305725,0.3701415359973907,0.417331725358963,0.3978753685951233,0.4298113882541656,0.4243084192276001,0.482301910718282,0.4507299661636352,0.4982587099075317,0.4979170560836792,0.3683097064495086,0.35252845287323,0.3776547610759735,0.3747459053993225,0.430775781472524,0.4012543559074402,0.4448261260986328,0.446246862411499,0.4272077083587646,0.4061333835124969,0.4391562938690185,0.4363334476947784,0.4822850128014882,0.4510572254657745,0.4980376958847046,0.4977601170539856
synth_oracle,25000,2,39,0.1079084869146347,225.47568051703277,0.4723821580410003,0.4509118199348449,0.4701638221740722,0.4960708320140838,0.5313185056050619,0.5015377402305603,0.5317065119743347,0.5607112646102905,0.5363828341166178,0.5236498713493347,0.5277543067932129,0.5577443242073059,0.575546125570933,0.5556159615516663,0.5715053081512451,0.5995171070098877,0.468997855981191,0.443623274564743,0.4748195111751556,0.4885507822036743,0.4019877016544342,0.3788756430149078,0.4177841246128082,0.4093033373355865,0.3980644941329956,0.3720049262046814,0.4085551798343658,0.4136333763599396,0.4297470549742381,0.3894901573657989,0.4307113289833069,0.4690396785736084,0.4644221862157185,0.4433292150497436,0.4638844728469848,0.4860528707504272,0.5324837764104208,0.5020150542259216,0.5338550209999084,0.5615812540054321,0.4297267397244771,0.4099093377590179,0.4296759963035583,0.4495948851108551,0.4991950591405232,0.4671614170074463,0.5026179552078247,0.5278058052062988,0.4718290567398071,0.4502311944961548,0.4696956872940063,0.4955602884292602,0.5305975874265035,0.5012801289558411,0.5306261777877808,0.5598864555358887
synth_oracle,25000,3,46,0.1015786341547966,252.16266625234857,0.4406324326992035,0.3969373404979706,0.4465233385562897,0.4784366190433502,0.4946747918923695,0.4466232657432556,0.4981843531131744,0.5392167568206787,0.4667142033576965,0.4315448999404907,0.4665470719337463,0.5020506381988525,0.5027152895927429,0.462049126625061,0.5054731369018555,0.5406236052513123,0.4627459148565928,0.424956738948822,0.4621134102344513,0.5011675953865051,0.3988814254601796,0.3631373643875122,0.416368156671524,0.4171387553215027,0.381359855333964,0.3270953595638275,0.3970675766468048,0.4199166297912597,0.4676698446273803,0.4350350499153137,0.4677680134773254,0.500206470489502,0.4340443511803944,0.3911253213882446,0.4407269358634949,0.4702807962894439,0.4951279660065968,0.4464167952537536,0.4989546835422516,0.5400124192237854,0.4044971863428752,0.3664927184581756,0.4112840890884399,0.4357147514820099,0.4676277041435241,0.4222002923488617,0.4720701277256012,0.5086126923561096,0.4395949840545654,0.3952364325523376,0.4459497332572937,0.4775987863540649,0.4934900502363841,0.4451901018619537,0.4972623586654663,0.5380176901817322
synth_oracle,25000,4,103,0.098592190015316,507.9199521341361,0.5110412438710531,0.4668567180633545,0.5156741142272949,0.5505928993225098,0.5722683072090149,0.5185638070106506,0.5773704648017883,0.6208706498146057,0.5568074385325114,0.5231255292892456,0.5567867755889893,0.5905100107192993,0.5956246654192606,0.5549966096878052,0.5988595485687256,0.6330178380012512,0.519956131776174,0.4855949282646179,0.5250496864318848,0.549223780632019,0.4300598700841267,0.3924193382263183,0.4430610835552215,0.4546991884708404,0.4343696335951487,0.3877996802330017,0.4475612640380859,0.4677479565143585,0.52097088098526,0.4864530563354492,0.5203620791435242,0.5560975074768066,0.5022331674893697,0.4592741727828979,0.5072100758552551,0.540215253829956,0.5729050238927206,0.5188189744949341,0.5784357190132141,0.6214603781700134,0.4650492966175079,0.4267903864383697,0.4701562225818634,0.4982012808322906,0.536724309126536,0.4860861897468567,0.5422548055648804,0.5818319320678711,0.5106333196163177,0.4659618437290191,0.515583872795105,0.5503542423248291,0.5715428988138834,0.5177944302558899,0.5767335891723633,0.6201006770133972
synth_oracle,50000,0,58,0.0777212836503982,1885.0075828600675,0.6459887822469076,0.6328740119934082,0.643484354019165,0.6616079807281494,0.7300864060719808,0.717050313949585,0.7234190106391907,0.7497898936271667,0.7074870864550272,0.706795871257782,0.7028763890266418,0.712788999080658,0.7649671037991842,0.7610820531845093,0.7626224756240845,0.7711967825889587,0.693988561630249,0.7015947103500366,0.6760290861129761,0.7043418884277344,0.5963360071182251,0.5991207957267761,0.5941619277000427,0.5957252979278564,0.5865960319836935,0.5775490999221802,0.5808178186416626,0.6014211773872375,0.7161824305852255,0.715819239616394,0.7060537338256836,0.7266743183135986,0.633686900138855,0.6207026243209839,0.6325127482414246,0.6478453278541565,0.7293820778528849,0.7150436639785767,0.72345370054245,0.7496488690376282,0.5977979501088461,0.5887185335159302,0.5923670530319214,0.6123082637786865,0.6957688331604004,0.6822830438613892,0.6888771057128906,0.7161463499069214,0.6456053853034973,0.6318458318710327,0.6435432434082031,0.6614270806312561,0.7295453945795695,0.7163412570953369,0.7228907346725464,0.7494041919708252
synth_oracle,50000,1,106,0.070296596622467,3289.9408349869773,0.6960055828094482,0.6945039629936218,0.6882522106170654,0.7052605748176575,0.786959727605184,0.7863190174102783,0.7730207443237305,0.801539421081543,0.7494279742240906,0.749312162399292,0.748539924621582,0.7504318356513977,0.8113221327463785,0.8114203810691833,0.8104829788208008,0.8120630383491516,0.7599693139394125,0.7749200463294983,0.7340083718299866,0.7709795236587524,0.6662102739016215,0.6796737313270569,0.6487653851509094,0.6701917052268982,0.6587153077125549,0.6662013530731201,0.637046754360199,0.6728978157043457,0.7873605688412985,0.7917330861091614,0.7729610204696655,0.7973875999450684,0.6837422847747803,0.6828638911247253,0.6771904826164246,0.6911724805831909,0.7870249549547831,0.7858589291572571,0.7732215523719788,0.8019943833351135,0.6566209395726522,0.6605108976364136,0.6458619832992554,0.6634899377822876,0.7633600433667501,0.765140950679779,0.7465941309928894,0.7783450484275818,0.6955832839012146,0.6934037208557129,0.6882035732269287,0.7051425576210022,0.7867077589035034,0.7858518958091736,0.7727344632148743,0.8015369176864624
synth_oracle,50000,2,108,0.0673255117535591,1028.1890952233225,0.699282725652059,0.6977942585945129,0.6893004179000854,0.7107535004615784,0.7894663214683533,0.7896466851234436,0.7723540663719177,0.8063982129096985,0.7551597555478414,0.7576343417167664,0.7473694682121277,0.7604754567146301,0.818565309047699,0.822047770023346,0.8104753494262695,0.8231728076934814,0.7652407884597778,0.7816553711891174,0.7366697192192078,0.7773972749710083,0.6700839996337891,0.6826943159103394,0.6516976952552795,0.6758599877357483,0.6677132050196329,0.6757169961929321,0.6425832509994507,0.6848393678665161,0.7928403615951538,0.7949238419532776,0.7782723307609558,0.805324912071228,0.687207818031311,0.686198890209198,0.6787707209587097,0.6966538429260254,0.7899057467778524,0.7896926999092102,0.7729416489601135,0.8070828914642334,0.6582866311073303,0.662613570690155,0.6442114114761353,0.6680349111557007,0.7652232448259989,0.7683282494544983,0.7445237040519714,0.7828177809715271,0.6986685196558634,0.6965620517730713,0.6891112327575684,0.7103322744369507,0.7889290054639181,0.7891331911087036,0.7716993689537048,0.8059544563293457
synth_oracle,50000,3,104,0.0729994544386863,972.2334858682008,0.680530865987142,0.6785937547683716,0.6710282564163208,0.6919705867767334,0.7683529853820801,0.7663848400115967,0.7524514198303223,0.7862226963043213,0.7365528345108032,0.738085150718689,0.7293213605880737,0.742251992225647,0.7964345018068949,0.7986627817153931,0.7898700833320618,0.80077064037323,0.7432558735211691,0.7586458921432495,0.7166798114776611,0.7544419169425964,0.6433611114819845,0.6543490886688232,0.6258562207221985,0.6498780250549316,0.6310649911562601,0.6309592723846436,0.6083894968032837,0.6538462042808533,0.7670523921648661,0.7644829750061035,0.7542875409126282,0.7823866605758667,0.668878455956777,0.667198896408081,0.6606729626655579,0.6787635087966919,0.7688861886660258,0.7660954594612122,0.7532205581665039,0.7873425483703613,0.6389204661051432,0.6419271230697632,0.625937283039093,0.6488969922065735,0.742096483707428,0.742659330368042,0.7231923341751099,0.7604377865791321,0.6800695061683655,0.6774566769599915,0.6710767149925232,0.6916751265525818,0.7681365013122559,0.7660090327262878,0.7522416114807129,0.7861588597297668
synth_oracle,50000,3,104,0.0729994544386863,3138.041407226119,0.680530865987142,0.6785937547683716,0.6710282564163208,0.6919705867767334,0.7683529853820801,0.7663848400115967,0.7524514198303223,0.7862226963043213,0.7365528345108032,0.738085150718689,0.7293213605880737,0.742251992225647,0.7964345018068949,0.7986627817153931,0.7898700833320618,0.80077064037323,0.7432558735211691,0.7586458921432495,0.7166798114776611,0.7544419169425964,0.6433611114819845,0.6543490886688232,0.6258562207221985,0.6498780250549316,0.6310649911562601,0.6309592723846436,0.6083894968032837,0.6538462042808533,0.7670523921648661,0.7644829750061035,0.7542875409126282,0.7823866605758667,0.668878455956777,0.667198896408081,0.6606729626655579,0.6787635087966919,0.7688861886660258,0.7660954594612122,0.7532205581665039,0.7873425483703613,0.6389204661051432,0.6419271230697632,0.625937283039093,0.6488969922065735,0.742096483707428,0.742659330368042,0.7231923341751099,0.7604377865791321,0.6800695061683655,0.6774566769599915,0.6710767149925232,0.6916751265525818,0.7681365013122559,0.7660090327262878,0.7522416114807129,0.7861588597297668
synth_oracle,50000,4,109,0.0700700852513313,3314.7328662900254,0.6983853379885355,0.6937689781188965,0.6938417553901672,0.707545280456543,0.7867448727289835,0.7844033241271973,0.7737067341804504,0.802124559879303,0.7519850929578146,0.7538797855377197,0.7457525730133057,0.7563229203224182,0.8144898414611816,0.8174222111701965,0.8084750771522522,0.8175722360610962,0.753969669342041,0.7703096866607666,0.7259648442268372,0.7656344771385193,0.6655044953028361,0.6764438152313232,0.6537261009216309,0.6663435697555542,0.6607721845308939,0.6611299514770508,0.6469032168388367,0.6742833852767944,0.7843928933143616,0.7870221734046936,0.7693973779678345,0.7967591285705566,0.6860703031222025,0.6816416382789612,0.683036744594574,0.6935325264930725,0.7867065668106079,0.783442497253418,0.7741930484771729,0.8024841547012329,0.6581116716066996,0.6589739918708801,0.650159478187561,0.6652015447616577,0.762879490852356,0.7623624801635742,0.7479497790336609,0.7783262133598328,0.6979671915372213,0.6922553181648254,0.6942676305770874,0.707378625869751,0.7864124774932861,0.7837267518043518,0.7735809683799744,0.8019297122955322
synth_oracle,50000,4,109,0.0700700852513313,3375.376007000916,0.6983853379885355,0.6937689781188965,0.6938417553901672,0.707545280456543,0.7867448727289835,0.7844033241271973,0.7737067341804504,0.802124559879303,0.7519850929578146,0.7538797855377197,0.7457525730133057,0.7563229203224182,0.8144898414611816,0.8174222111701965,0.8084750771522522,0.8175722360610962,0.753969669342041,0.7703096866607666,0.7259648442268372,0.7656344771385193,0.6655044953028361,0.6764438152313232,0.6537261009216309,0.6663435697555542,0.6607721845308939,0.6611299514770508,0.6469032168388367,0.6742833852767944,0.7843928933143616,0.7870221734046936,0.7693973779678345,0.7967591285705566,0.6860703031222025,0.6816416382789612,0.683036744594574,0.6935325264930725,0.7867065668106079,0.783442497253418,0.7741930484771729,0.8024841547012329,0.6581116716066996,0.6589739918708801,0.650159478187561,0.6652015447616577,0.762879490852356,0.7623624801635742,0.7479497790336609,0.7783262133598328,0.6979671915372213,0.6922553181648254,0.6942676305770874,0.707378625869751,0.7864124774932861,0.7837267518043518,0.7735809683799744,0.8019297122955322
synth_oracle,100000,0,31,0.0629449072837829,609.80926257791,0.7199609478314718,0.7137832045555115,0.7150558829307556,0.7310437560081482,0.8140780131022135,0.8108620047569275,0.8007785081863403,0.8305935263633728,0.7664633790651957,0.7654315233230591,0.7651256918907166,0.7688329219818115,0.8307827711105347,0.8306422233581543,0.829056978225708,0.8326491117477417,0.7951717178026835,0.807607889175415,0.7717989683151245,0.806108295917511,0.7076178590456644,0.7151686549186707,0.6931273937225342,0.7145575284957886,0.6986324588457743,0.6959403157234192,0.6826940774917603,0.7172629833221436,0.8365379373232523,0.8393206596374512,0.8252199292182922,0.8450732231140137,0.7073065837224325,0.7011972665786743,0.7044000625610352,0.7163224220275879,0.8144385019938151,0.8107342720031738,0.8013193607330322,0.8312618732452393,0.6825133760770162,0.6815985441207886,0.6745262742042542,0.6914153099060059,0.7934751311937968,0.7928877472877502,0.7775506377220154,0.8099870085716248,0.7195759216944376,0.7126517295837402,0.715213418006897,0.7308626174926758,0.8139307697614034,0.8107224702835083,0.8006024360656738,0.8304674029350281
synth_oracle,100000,1,32,0.0606422161996364,1383.2953082090244,0.7245259881019592,0.7210816740989685,0.7170706987380981,0.735425591468811,0.8167140682538351,0.8145684599876404,0.8020395636558533,0.8335341811180115,0.7731538414955139,0.7725942134857178,0.7705633044242859,0.7763040065765381,0.8380778233210245,0.8387031555175781,0.8356341123580933,0.8398962020874023,0.7957606315612793,0.8065730333328247,0.7710362672805786,0.8096725940704346,0.7077531814575195,0.7161869406700134,0.690252423286438,0.7168201804161072,0.7034639120101929,0.7015484571456909,0.6833335757255554,0.7255097031593323,0.8394397695859274,0.8412160277366638,0.8278159499168396,0.8492873311042786,0.7118941346804301,0.7086726427078247,0.7063422799110413,0.7206674814224243,0.8170196811358134,0.8144037127494812,0.8024991750717163,0.8341561555862427,0.6867108543713888,0.688652753829956,0.6756477952003479,0.6958320140838623,0.7968377272288004,0.7966673374176025,0.7793810367584229,0.814464807510376,0.7239167292912801,0.7197511792182922,0.7169285416603088,0.7350704669952393,0.8163278102874756,0.8140342235565186,0.8016553521156311,0.8332938551902771
synth_oracle,100000,1,32,0.0606422161996364,1382.0435967110095,0.7245259881019592,0.7210816740989685,0.7170706987380981,0.735425591468811,0.8167140682538351,0.8145684599876404,0.8020395636558533,0.8335341811180115,0.7731538414955139,0.7725942134857178,0.7705633044242859,0.7763040065765381,0.8380778233210245,0.8387031555175781,0.8356341123580933,0.8398962020874023,0.7957606315612793,0.8065730333328247,0.7710362672805786,0.8096725940704346,0.7077531814575195,0.7161869406700134,0.690252423286438,0.7168201804161072,0.7034639120101929,0.7015484571456909,0.6833335757255554,0.7255097031593323,0.8394397695859274,0.8412160277366638,0.8278159499168396,0.8492873311042786,0.7118941346804301,0.7086726427078247,0.7063422799110413,0.7206674814224243,0.8170196811358134,0.8144037127494812,0.8024991750717163,0.8341561555862427,0.6867108543713888,0.688652753829956,0.6756477952003479,0.6958320140838623,0.7968377272288004,0.7966673374176025,0.7793810367584229,0.814464807510376,0.7239167292912801,0.7197511792182922,0.7169285416603088,0.7350704669952393,0.8163278102874756,0.8140342235565186,0.8016553521156311,0.8332938551902771
synth_oracle,100000,2,31,0.0584435301244258,620.11776035605,0.7313615679740906,0.7253341674804688,0.7272241711616516,0.7415263652801514,0.8246081670125326,0.8212003707885742,0.8123496770858765,0.840274453163147,0.7778804103533427,0.7767898440361023,0.7779841423034668,0.778867244720459,0.844585637251536,0.8451385498046875,0.8440588116645813,0.8445595502853394,0.802667518456777,0.8164665699005127,0.7783167958259583,0.8132191896438599,0.7201013962427775,0.7279253005981445,0.7030343413352966,0.7293445467948914,0.7152980963389078,0.7127096056938171,0.6950945854187012,0.7380900979042053,0.844495952129364,0.8473308682441711,0.8319721221923828,0.8541848659515381,0.7191393375396729,0.7133496999740601,0.7167288064956665,0.727339506149292,0.8249977628389994,0.8211027979850769,0.8128151297569275,0.8410753607749939,0.694310208161672,0.6930800080299377,0.6876046657562256,0.7022459506988525,0.8055456280708313,0.8044096827507019,0.7907165288925171,0.8215106725692749,0.7310895125071207,0.724269449710846,0.7275090217590332,0.7414900660514832,0.8245266675949097,0.8210016489028931,0.8122290372848511,0.8403493165969849
synth_oracle,100000,3,31,0.0612556237399578,612.040855193045,0.7207306822141012,0.7126887440681458,0.7182461619377136,0.7312571406364441,0.8115981817245483,0.80501788854599,0.80197674036026,0.827799916267395,0.768881618976593,0.7647546529769897,0.7689214944839478,0.7729687094688416,0.8325104514757792,0.8293097615242004,0.8319408297538757,0.8362807631492615,0.7876908779144287,0.7983944416046143,0.7643435001373291,0.8003346920013428,0.7073482672373453,0.7114261984825134,0.6947047710418701,0.7159138321876526,0.6968986789385477,0.6898298859596252,0.6827427744865417,0.7181233763694763,0.833734134833018,0.8333902955055237,0.8238292932510376,0.8439828157424927,0.7082501451174418,0.7005059123039246,0.7074375152587891,0.7168070077896118,0.8121987382570902,0.8050971627235413,0.8026250600814819,0.8288739919662476,0.6823921004931132,0.6807290315628052,0.6758880615234375,0.6905592083930969,0.7913285692532858,0.7881138324737549,0.7786794304847717,0.8071924448013306,0.7205644845962524,0.7116892337799072,0.7186285853385925,0.7313756346702576,0.8115522066752116,0.8048617839813232,0.8018712401390076,0.827923595905304
synth_oracle,100000,4,33,0.0595314775347709,662.0878903497942,0.7265668312708536,0.7237004041671753,0.719802737236023,0.7361973524093628,0.8191104729970297,0.8187013268470764,0.8029422163963318,0.8356878757476807,0.7743878761927286,0.7735967040061951,0.7709394693374634,0.7786274552345276,0.8395576675732931,0.8408031463623047,0.8341154456138611,0.8437544107437134,0.7989858190218607,0.8149290084838867,0.7741720676422119,0.8078563809394836,0.7153690854708353,0.7254874110221863,0.6980053782463074,0.7226144671440125,0.7046503822008768,0.7073556780815125,0.6862605214118958,0.7203349471092224,0.8486055334409078,0.8504692316055298,0.836866021156311,0.8584813475608826,0.7142910559972128,0.7118558883666992,0.7094038724899292,0.7216134071350098,0.8193977077802023,0.8186805248260498,0.8033723831176758,0.8361402153968811,0.6897065838177999,0.6918251514434814,0.6797631978988647,0.6975314021110535,0.7993627985318502,0.8016318082809448,0.7808564901351929,0.8156000971794128,0.726142148176829,0.7222709059715271,0.7199135422706604,0.7362419962882996,0.8187072078386942,0.8181295394897461,0.8024934530258179,0.8354986310005188
synth_oracle,150000,0,40,0.0505892362534999,1132.123216442298,0.758184552192688,0.7607038021087646,0.7535203695297241,0.7603294849395752,0.8517052531242371,0.8554447889328003,0.8400564193725586,0.8596145510673523,0.7976978619893392,0.7981480956077576,0.7985104918479919,0.7964349985122681,0.8633609612782797,0.8650307655334473,0.8636201620101929,0.8614319562911987,0.8367052872975668,0.8548986315727234,0.8157435655593872,0.8394736647605896,0.7640494505564371,0.7767892479896545,0.7556353807449341,0.7597237229347229,0.7517058054606119,0.755342960357666,0.7379988431930542,0.7617756128311157,0.8883358637491862,0.8916994333267212,0.8793084621429443,0.8939996957778931,0.7453338106473287,0.7482091188430786,0.7426216006278992,0.7451707124710083,0.8519249558448792,0.8554183840751648,0.8403884172439575,0.8599680662155151,0.7207045356432596,0.7269482612609863,0.7146844267845154,0.7204809188842773,0.8347021738688151,0.8398001194000244,0.8216381669044495,0.8426682353019714,0.7579330603281657,0.759672999382019,0.7538984417915344,0.7602277398109436,0.8513480226198832,0.8551006317138672,0.8397573232650757,0.8591861128807068
synth_oracle,150000,1,25,0.0535582159757614,1610.437658477109,0.7411875526110331,0.7372545599937439,0.7355778813362122,0.7507302165031433,0.8337926864624023,0.8315770030021667,0.8197139501571655,0.8500871062278748,0.7804490129152933,0.7776912450790405,0.77967369556427,0.7839820981025696,0.8461047609647115,0.8445773720741272,0.8444963693618774,0.8492405414581299,0.8167441884676615,0.8259853720664978,0.7942684888839722,0.8299787044525146,0.7276785969734192,0.7330946326255798,0.7134267687797546,0.7365143895149231,0.7271366516749064,0.7262362241744995,0.7089900970458984,0.7461836338043213,0.8699484268824259,0.8698358535766602,0.8599221706390381,0.8800872564315796,0.7286970218022665,0.725083589553833,0.7249372005462646,0.7360702753067017,0.8341477910677592,0.8316422700881958,0.820167064666748,0.8506340384483337,0.704513688882192,0.7050850987434387,0.6965307593345642,0.711925208568573,0.8160693844159445,0.8164144158363342,0.7997187972068787,0.8320749402046204,0.7408321897188822,0.7360938787460327,0.735762357711792,0.750640332698822,0.8335471351941427,0.8312867879867554,0.8193719983100891,0.8499826192855835
synth_oracle,150000,1,25,0.0535582159757614,1620.3681967800949,0.7411875526110331,0.7372545599937439,0.7355778813362122,0.7507302165031433,0.8337926864624023,0.8315770030021667,0.8197139501571655,0.8500871062278748,0.7804490129152933,0.7776912450790405,0.77967369556427,0.7839820981025696,0.8461047609647115,0.8445773720741272,0.8444963693618774,0.8492405414581299,0.8167441884676615,0.8259853720664978,0.7942684888839722,0.8299787044525146,0.7276785969734192,0.7330946326255798,0.7134267687797546,0.7365143895149231,0.7271366516749064,0.7262362241744995,0.7089900970458984,0.7461836338043213,0.8699484268824259,0.8698358535766602,0.8599221706390381,0.8800872564315796,0.7286970218022665,0.725083589553833,0.7249372005462646,0.7360702753067017,0.8341477910677592,0.8316422700881958,0.820167064666748,0.8506340384483337,0.704513688882192,0.7050850987434387,0.6965307593345642,0.711925208568573,0.8160693844159445,0.8164144158363342,0.7997187972068787,0.8320749402046204,0.7408321897188822,0.7360938787460327,0.735762357711792,0.750640332698822,0.8335471351941427,0.8312867879867554,0.8193719983100891,0.8499826192855835
synth_oracle,150000,2,25,0.0562652220845222,746.9529933100566,0.7368316849072775,0.7326740026473999,0.7328433990478516,0.7449776530265808,0.8304261167844137,0.8284223675727844,0.8178711533546448,0.8449848294258118,0.7788754105567932,0.7763541340827942,0.780916154384613,0.7793559432029724,0.8436081608136495,0.8432148098945618,0.8440012335777283,0.8436084389686584,0.8136928876241049,0.8261026740074158,0.7905442118644714,0.8244317770004272,0.7249488631884257,0.7323577404022217,0.7107630372047424,0.731725811958313,0.7206714153289795,0.7226464748382568,0.700046718120575,0.7393210530281067,0.8614346782366434,0.8635416030883789,0.8503539562225342,0.8704084753990173,0.7245872616767883,0.7208428382873535,0.7224705815315247,0.7304483652114868,0.8310964306195577,0.8287274837493896,0.8186752796173096,0.8458865284919739,0.7010009090105692,0.7021737694740295,0.6944977641105652,0.706331193447113,0.8127066890398661,0.8133935928344727,0.797640323638916,0.8270861506462097,0.7364982962608337,0.7314958572387695,0.7331492900848389,0.7448497414588928,0.8304319779078165,0.8282737731933594,0.8179725408554077,0.8450496196746826
synth_oracle,150000,3,40,0.0504576465805371,1127.93365795305,0.76050333182017,0.7562088966369629,0.7577019333839417,0.7675991654396057,0.8538857897122701,0.850890576839447,0.8437373638153076,0.8670294284820557,0.8020751674969991,0.797542154788971,0.8046570420265198,0.8040263056755066,0.8704471389452616,0.8659851551055908,0.8728266954421997,0.8725295662879944,0.8398253321647644,0.8524337410926819,0.8190988898277283,0.8479433655738831,0.7658112049102783,0.7668020129203796,0.7556359171867371,0.7749956846237183,0.7527822256088257,0.7469403147697449,0.7385531067848206,0.7728532552719116,0.8912564714749655,0.8941754698753357,0.8824570178985596,0.897136926651001,0.7474530537923177,0.7435622811317444,0.7466000318527222,0.7521968483924866,0.8539010882377625,0.8505874872207642,0.843883216381073,0.8672325611114502,0.7241264979044596,0.7249016165733337,0.7191076874732971,0.728370189666748,0.8372402588526408,0.8359402418136597,0.8252991437911987,0.850481390953064,0.7601126233736674,0.7550822496414185,0.7578831315040588,0.7673724889755249,0.8534840941429138,0.8505071401596069,0.8433122634887695,0.866632878780365
synth_oracle,150000,4,25,0.0548861477255821,751.3745159660466,0.7390372554461161,0.736059844493866,0.7353808879852295,0.7456710338592529,0.8298984169960022,0.8289617896080017,0.8180370926856995,0.8426963686943054,0.7836128274599711,0.7831228375434875,0.7834638357162476,0.7842518091201782,0.8497964938481649,0.8494588136672974,0.8496807813644409,0.8502498865127563,0.8162780006726583,0.8298541903495789,0.7933292984962463,0.8256505131721497,0.7294647693634033,0.7376896142959595,0.7155045866966248,0.7352001070976257,0.7182234128316244,0.7200815081596375,0.6997644901275635,0.7348242402076721,0.8660261829694113,0.86603182554245,0.8556796908378601,0.8763670325279236,0.7264326413472494,0.7240115404129028,0.7242281436920166,0.7310582399368286,0.830108642578125,0.8288997411727905,0.8182540535926819,0.8431721329689026,0.7009357412656149,0.7039346098899841,0.693526566028595,0.7053460478782654,0.8107775449752808,0.8129462003707886,0.7960144281387329,0.8233720064163208,0.7385748426119486,0.7348732352256775,0.7355179786682129,0.7453333139419556,0.8295902609825134,0.8286797404289246,0.8176689147949219,0.8424221277236938
synth_oracle,200000,0,44,0.0458646136224269,1635.7563300691545,0.7717880209287008,0.7717938423156738,0.7670795917510986,0.7764906287193298,0.8674175143241882,0.8685036301612854,0.8549295663833618,0.8788193464279175,0.8146289388338724,0.8154557943344116,0.813411295413971,0.8150197267532349,0.8837553064028422,0.8855535984039307,0.8810954093933105,0.8846169114112854,0.8611875176429749,0.8725263476371765,0.8406768441200256,0.8703593611717224,0.7836738427480062,0.7947863936424255,0.7695702910423279,0.7866648435592651,0.7707730333010355,0.7712666392326355,0.7517812848091125,0.7892711758613586,0.909983456134796,0.911230742931366,0.9023027420043944,0.916416883468628,0.7584171096483866,0.758991003036499,0.7555859088897705,0.7606744170188904,0.8672638932863871,0.8681269288063049,0.8548691272735596,0.8787956237792969,0.7361529469490051,0.7400584816932678,0.7296085357666016,0.738791823387146,0.8515880107879639,0.8544536232948303,0.8374999761581421,0.8628104329109192,0.7712553938229879,0.7704423069953918,0.7671194076538086,0.7762044668197632,0.8667746782302856,0.8677756786346436,0.8542722463607788,0.8782761096954346
synth_oracle,200000,1,44,0.0458793775975704,3604.722092231037,0.7733337680498759,0.7718673944473267,0.7711148262023926,0.7770190834999084,0.8678606351216634,0.8673505783081055,0.8585262894630432,0.8777050375938416,0.8170641462008158,0.8157954216003418,0.8178833723068237,0.817513644695282,0.886833906173706,0.8849974274635315,0.8869015574455261,0.8886027336120605,0.8572046955426534,0.869047224521637,0.837047815322876,0.8655190467834473,0.7781312068303426,0.7883687615394592,0.7665702104568481,0.7794546484947205,0.7620016932487488,0.7622493505477905,0.7468082904815674,0.7769474387168884,0.907878319422404,0.9085463285446168,0.9011630415916444,0.9139255881309508,0.759857177734375,0.7591602206230164,0.7592555284500122,0.7611557841300964,0.8678111036618551,0.86705082654953,0.8585138320922852,0.87786865234375,0.7354082663853964,0.737917959690094,0.7313269972801208,0.7369798421859741,0.8502184549967448,0.8511179089546204,0.839019775390625,0.860517680644989,0.7728991309801737,0.7706736326217651,0.7712820172309875,0.7767417430877686,0.867351233959198,0.8666937351226807,0.8580358624458313,0.877324104309082
synth_oracle,200000,1,44,0.0458793775975704,3629.3918880738784,0.7733337680498759,0.7718673944473267,0.7711148262023926,0.7770190834999084,0.8678606351216634,0.8673505783081055,0.8585262894630432,0.8777050375938416,0.8170641462008158,0.8157954216003418,0.8178833723068237,0.817513644695282,0.886833906173706,0.8849974274635315,0.8869015574455261,0.8886027336120605,0.8572046955426534,0.869047224521637,0.837047815322876,0.8655190467834473,0.7781312068303426,0.7883687615394592,0.7665702104568481,0.7794546484947205,0.7620016932487488,0.7622493505477905,0.7468082904815674,0.7769474387168884,0.907878319422404,0.9085463285446168,0.9011630415916444,0.9139255881309508,0.759857177734375,0.7591602206230164,0.7592555284500122,0.7611557841300964,0.8678111036618551,0.86705082654953,0.8585138320922852,0.87786865234375,0.7354082663853964,0.737917959690094,0.7313269972801208,0.7369798421859741,0.8502184549967448,0.8511179089546204,0.839019775390625,0.860517680644989,0.7728991309801737,0.7706736326217651,0.7712820172309875,0.7767417430877686,0.867351233959198,0.8666937351226807,0.8580358624458313,0.877324104309082
synth_oracle,200000,2,44,0.0458027432858943,1659.3659514393655,0.7718510230382284,0.7646220326423645,0.7751226425170898,0.7758083939552307,0.8669084906578064,0.8610070943832397,0.8630307912826538,0.8766875863075256,0.8146322170893351,0.8067256212234497,0.8204992413520813,0.8166717886924744,0.8858388662338257,0.8781474828720093,0.8905022740364075,0.8888668417930603,0.8602941433588663,0.864982545375824,0.8519229888916016,0.8639768958091736,0.7810946305592855,0.7838068604469299,0.7793673872947693,0.7801096439361572,0.766015867392222,0.7595523595809937,0.7611890435218811,0.7773061990737915,0.912462592124939,0.9106308817863464,0.9094684720039368,0.9172884225845336,0.7583202322324117,0.7515225410461426,0.7632956504821777,0.7601425051689148,0.866754949092865,0.8604646921157837,0.8629156351089478,0.8768845200538635,0.7347204486529032,0.7319685220718384,0.7359675168991089,0.7362253069877625,0.8501152594884237,0.8456458449363708,0.8447741270065308,0.8599258065223694,0.77141273021698,0.7633496522903442,0.7751474380493164,0.7757411003112793,0.8663309017817179,0.8603427410125732,0.8623403310775757,0.8763096332550049
synth_oracle,200000,3,44,0.0457996920764446,1627.8252215539103,0.7723178068796793,0.7668034434318542,0.7744816541671753,0.7756683230400085,0.8674200773239136,0.8635736107826233,0.8621910214424133,0.8764955997467041,0.815839687983195,0.811782717704773,0.8193115592002869,0.8164247870445251,0.8866183360417684,0.8825803399085999,0.888861894607544,0.8884127736091614,0.858549435933431,0.8670449256896973,0.8464282155036926,0.8621751666069031,0.7837558190027872,0.7899931073188782,0.7808156609535217,0.7804586887359619,0.7692313194274902,0.7657685279846191,0.7617637515068054,0.7801616787910461,0.9092532594998678,0.910514771938324,0.9049930572509766,0.9122519493103028,0.758730431397756,0.753894567489624,0.7626043558120728,0.759692370891571,0.8674556016921997,0.8635534644126892,0.8622519373893738,0.8765614032745361,0.7353967229525248,0.734616756439209,0.7356919050216675,0.735881507396698,0.8512572844823202,0.8485997915267944,0.8449034094810486,0.8602686524391174,0.7719243764877319,0.7654968500137329,0.774749219417572,0.7755270600318909,0.8669662674268087,0.8631483912467957,0.8616828918457031,0.8760675191879272
synth_oracle,200000,4,44,0.0456551615595817,1632.717378243804,0.7731466889381409,0.7696201801300049,0.7728636264801025,0.7769562602043152,0.8674530784289042,0.8661730289459229,0.8587426543235779,0.8774435520172119,0.8184889157613119,0.8166479468345642,0.8207074403762817,0.8181113600730896,0.8883471091588339,0.8850170969963074,0.8901118636131287,0.8899123668670654,0.858965535958608,0.8679899573326111,0.8416774272918701,0.8672292232513428,0.7809346715609232,0.7884305715560913,0.7713280320167542,0.7830454111099243,0.765332837899526,0.763397216796875,0.7512103319168091,0.7813909649848938,0.9105366468429564,0.9108920097351074,0.9046438932418824,0.91607403755188,0.7595838904380798,0.7568010091781616,0.7610892057418823,0.7608614563941956,0.8672537207603455,0.8656865954399109,0.8586320877075195,0.877442479133606,0.7366093993186951,0.7371561527252197,0.7342840433120728,0.7383880019187927,0.8508930603663126,0.8509281873703003,0.8404373526573181,0.8613136410713196,0.7726624806722006,0.7683461308479309,0.772975504398346,0.7766658067703247,0.866864800453186,0.8654984831809998,0.8581022024154663,0.876993715763092
synth_oracle,300000,0,87,0.0425392146925131,4702.823546819855,0.7820440332094828,0.7739447951316833,0.785114586353302,0.7870727181434631,0.8778010408083597,0.8704587817192078,0.8739133477210999,0.8890309929847717,0.8189248840014139,0.8126112222671509,0.8233560919761658,0.8208073377609253,0.8890449404716492,0.8817646503448486,0.8925462961196899,0.8928238749504089,0.8732883334159851,0.8744354248046875,0.8664649724960327,0.8789646029472351,0.7968630790710449,0.7944762110710144,0.795335590839386,0.8007774353027344,0.7853357593218485,0.7727442383766174,0.7806195616722107,0.8026434779167175,0.922967255115509,0.9199683666229248,0.9209926128387452,0.9279407858848572,0.7681699593861898,0.7609072923660278,0.7729871273040771,0.7706154584884644,0.8778980374336243,0.870532214641571,0.8741514682769775,0.8890104293823242,0.7451919118563334,0.7415211200714111,0.7466277480125427,0.7474268674850464,0.8620652357737223,0.8565101623535156,0.8569334149360657,0.8727521300315857,0.7816245953241984,0.7726892828941345,0.7852475047111511,0.7869369983673096,0.8773743112881979,0.870031476020813,0.8734388947486877,0.8886525630950928
synth_oracle,300000,1,72,0.0413510419925053,12948.097805330064,0.7888635794321696,0.7830033302307129,0.7940203547477722,0.7895670533180237,0.8861379424730936,0.8810335397720337,0.8841459155082703,0.893234372138977,0.8287811080614725,0.8224884867668152,0.8343026638031006,0.829552173614502,0.9004168510437012,0.8943337798118591,0.9051520228385924,0.901764750480652,0.8871557315190634,0.8888907432556152,0.8829825520515442,0.8895938992500305,0.8141570289929708,0.8165172934532166,0.8140579462051392,0.8118958473205566,0.8038861751556396,0.798877477645874,0.8007209300994873,0.8120601177215576,0.9267818729082744,0.9254735708236694,0.924267828464508,0.9306042194366456,0.775258203347524,0.7704298496246338,0.7818388342857361,0.7735059261322021,0.8859580357869467,0.8808804750442505,0.8839428424835205,0.8930507898330688,0.7542782028516134,0.7542455196380615,0.756511390209198,0.7520776987075806,0.872410794099172,0.8695483207702637,0.8685867190361023,0.8790973424911499,0.7883562246958414,0.7817373871803284,0.7940254211425781,0.7893058657646179,0.8855035305023193,0.8804497718811035,0.8834081292152405,0.892652690410614
synth_oracle,300000,1,72,0.0413510419925053,13036.446070687844,0.7888635794321696,0.7830033302307129,0.7940203547477722,0.7895670533180237,0.8861379424730936,0.8810335397720337,0.8841459155082703,0.893234372138977,0.8287811080614725,0.8224884867668152,0.8343026638031006,0.829552173614502,0.9004168510437012,0.8943337798118591,0.9051520228385924,0.901764750480652,0.8871557315190634,0.8888907432556152,0.8829825520515442,0.8895938992500305,0.8141570289929708,0.8165172934532166,0.8140579462051392,0.8118958473205566,0.8038861751556396,0.798877477645874,0.8007209300994873,0.8120601177215576,0.9267818729082744,0.9254735708236694,0.924267828464508,0.9306042194366456,0.775258203347524,0.7704298496246338,0.7818388342857361,0.7735059261322021,0.8859580357869467,0.8808804750442505,0.8839428424835205,0.8930507898330688,0.7542782028516134,0.7542455196380615,0.756511390209198,0.7520776987075806,0.872410794099172,0.8695483207702637,0.8685867190361023,0.8790973424911499,0.7883562246958414,0.7817373871803284,0.7940254211425781,0.7893058657646179,0.8855035305023193,0.8804497718811035,0.8834081292152405,0.892652690410614
synth_oracle,300000,1,72,0.0413510419925053,12931.96764422115,0.7888635794321696,0.7830033302307129,0.7940203547477722,0.7895670533180237,0.8861379424730936,0.8810335397720337,0.8841459155082703,0.893234372138977,0.8287811080614725,0.8224884867668152,0.8343026638031006,0.829552173614502,0.9004168510437012,0.8943337798118591,0.9051520228385924,0.901764750480652,0.8871557315190634,0.8888907432556152,0.8829825520515442,0.8895938992500305,0.8141570289929708,0.8165172934532166,0.8140579462051392,0.8118958473205566,0.8038861751556396,0.798877477645874,0.8007209300994873,0.8120601177215576,0.9267818729082744,0.9254735708236694,0.924267828464508,0.9306042194366456,0.775258203347524,0.7704298496246338,0.7818388342857361,0.7735059261322021,0.8859580357869467,0.8808804750442505,0.8839428424835205,0.8930507898330688,0.7542782028516134,0.7542455196380615,0.756511390209198,0.7520776987075806,0.872410794099172,0.8695483207702637,0.8685867190361023,0.8790973424911499,0.7883562246958414,0.7817373871803284,0.7940254211425781,0.7893058657646179,0.8855035305023193,0.8804497718811035,0.8834081292152405,0.892652690410614
synth_oracle,300000,2,72,0.0413376437544822,3968.265345674008,0.7843909859657288,0.777259111404419,0.7870292663574219,0.7888845801353455,0.8803007006645203,0.8733498454093933,0.8758552670478821,0.8916969895362854,0.8260679841041565,0.819181501865387,0.830810546875,0.8282119035720825,0.8983731269836426,0.8904861211776733,0.9027016162872314,0.901931643486023,0.8780662020047506,0.8792222738265991,0.8702569603919983,0.8847193717956543,0.8034075895945231,0.8014652132987976,0.7993307709693909,0.8094267845153809,0.7881472706794739,0.7791198492050171,0.7799526453018188,0.8053693175315857,0.9264137744903564,0.9248522520065308,0.9234646558761596,0.9309244155883788,0.7705983718236288,0.7644343972206116,0.7747724652290344,0.7725882530212402,0.8802520235379537,0.8732622265815735,0.8758739829063416,0.891619861125946,0.7476812402407328,0.7445554733276367,0.7488501071929932,0.7496381402015686,0.8649146954218546,0.8589829206466675,0.8590904474258423,0.8766707181930542,0.7839938600858053,0.7761992812156677,0.787047803401947,0.788734495639801,0.8798515200614929,0.8729988932609558,0.8752517104148865,0.8913039565086365
synth_oracle,300000,3,103,0.0414714641690254,5530.947671941947,0.7868377963701884,0.7806724905967712,0.7921008467674255,0.7877400517463684,0.8842243353525797,0.8786936402320862,0.882493793964386,0.8914855718612671,0.8252239028612772,0.8194388151168823,0.8309321999549866,0.8253006935119629,0.8959941665331522,0.8903449773788452,0.9011451601982116,0.8964923620223999,0.8844589591026306,0.8855894804000854,0.8791961073875427,0.8885912895202637,0.8143725792566935,0.814091682434082,0.815321683883667,0.8137043714523315,0.8041884303092957,0.7956784963607788,0.8027042746543884,0.8141825199127197,0.92335573832194,0.9203949570655824,0.9219326376914978,0.9277396202087402,0.7730164726575216,0.7677752375602722,0.7798411846160889,0.7714329957962036,0.8841922879219055,0.8784615397453308,0.8826557397842407,0.891459584236145,0.7512220342954,0.7493735551834106,0.7551154494285583,0.749177098274231,0.8692644834518433,0.8650406002998352,0.8666873574256897,0.8760654926300049,0.7862914403279623,0.779454231262207,0.792017936706543,0.7874021530151367,0.8837123314539591,0.8782253861427307,0.881900429725647,0.8910111784934998
synth_oracle,300000,4,41,0.0432319811145464,2283.5331871327944,0.7785317699114481,0.7722511291503906,0.7795611023902893,0.7837830781936646,0.8746464649836222,0.8691761493682861,0.8687991499900818,0.8859640955924988,0.8194704055786133,0.8136690855026245,0.8245496153831482,0.8201925158500671,0.889383594195048,0.8833889961242676,0.8931193351745605,0.8916424512863159,0.8714298407236735,0.8747702836990356,0.8613470792770386,0.8781721591949463,0.7935596505800883,0.7949498891830444,0.7877498269081116,0.7979792356491089,0.7790180643399557,0.7729737162590027,0.7689843773841858,0.7950960993766785,0.9190845886866252,0.9184283018112184,0.9154896140098572,0.9233358502388,0.7651558518409729,0.7595155239105225,0.7679014801979065,0.7680505514144897,0.8746592799822489,0.8690136671066284,0.8688313364982605,0.8861328363418579,0.742112398147583,0.7406019568443298,0.7409617304801941,0.7447735071182251,0.858765443166097,0.8547872304916382,0.8511481285095215,0.8703609704971313,0.7782260378201803,0.771122932434082,0.7797805070877075,0.7837746739387512,0.8742117683092753,0.8687403202056885,0.8682474493980408,0.8856475353240967
